statement ok
CREATE TABLE tab0(pk INTEGER PRIMARY KEY, col0 INTEGER, col1 FLOAT, col2 VARCHAR, col3 INTEGER, col4 FLOAT, col5 VARCHAR)

statement ok
INSERT INTO tab0 VALUES(0,544,473.59,'lupfg',846,31.38,'crmer')

statement ok
INSERT INTO tab0 VALUES(1,551,716.92,'sxtsd',562,145.36,'xxacr')

statement ok
INSERT INTO tab0 VALUES(2,481,975.35,'uxrjj',652,750.52,'rdgic')

statement ok
INSERT INTO tab0 VALUES(3,345,371.4,'nxyqi',51,199.34,'lekdd')

statement ok
INSERT INTO tab0 VALUES(4,908,772.92,'owifa',256,154.36,'xophl')

statement ok
INSERT INTO tab0 VALUES(5,309,912.32,'iganw',957,707.84,'tewpl')

statement ok
INSERT INTO tab0 VALUES(6,691,521.59,'fstmf',656,504.37,'ptkph')

statement ok
INSERT INTO tab0 VALUES(7,823,447.70,'rrwze',294,877.49,'fvoic')

statement ok
INSERT INTO tab0 VALUES(8,725,784.91,'iaoqu',878,963.31,'razqy')

statement ok
INSERT INTO tab0 VALUES(9,297,993.36,'eoujh',105,829.18,'kvyce')

statement ok
CREATE TABLE tab1(pk INTEGER PRIMARY KEY, col0 INTEGER, col1 FLOAT, col2 VARCHAR, col3 INTEGER, col4 FLOAT, col5 VARCHAR)

statement ok
CREATE INDEX idx_tab1_0 on tab1 (col0)

statement ok
CREATE INDEX idx_tab1_1 on tab1 (col1)

statement ok
CREATE INDEX idx_tab1_3 on tab1 (col3)

statement ok
CREATE INDEX idx_tab1_4 on tab1 (col4)

statement ok
INSERT INTO tab1 SELECT * FROM tab0

statement ok
CREATE TABLE tab2(pk INTEGER PRIMARY KEY, col0 INTEGER, col1 FLOAT, col2 VARCHAR, col3 INTEGER, col4 FLOAT, col5 VARCHAR)

statement ok
CREATE INDEX idx_tab2_0 ON tab2 (col0 DESC,col4 DESC)

statement ok
CREATE INDEX idx_tab2_1 ON tab2 (col3,col1)

statement ok
CREATE INDEX idx_tab2_3 ON tab2 (col0,col1 DESC)

statement ok
CREATE INDEX idx_tab2_5 ON tab2 (col4 DESC)

statement ok
INSERT INTO tab2 SELECT * FROM tab0

statement ok
CREATE TABLE tab3(pk INTEGER PRIMARY KEY, col0 INTEGER, col1 FLOAT, col2 VARCHAR, col3 INTEGER, col4 FLOAT, col5 VARCHAR)

statement ok
CREATE INDEX idx_tab3_0 ON tab3 (col4)

statement ok
CREATE INDEX idx_tab3_2 ON tab3 (col0 DESC,col3)

statement ok
CREATE INDEX idx_tab3_3 ON tab3 (col1 DESC)

statement ok
INSERT INTO tab3 SELECT * FROM tab0

statement ok
CREATE TABLE tab4(pk INTEGER PRIMARY KEY, col0 INTEGER, col1 FLOAT, col2 VARCHAR, col3 INTEGER, col4 FLOAT, col5 VARCHAR)

statement ok
CREATE INDEX idx_tab4_1 ON tab4 (col3)

statement ok
CREATE INDEX idx_tab4_2 ON tab4 (col4)

statement ok
CREATE INDEX idx_tab4_3 ON tab4 (col1,col0 DESC)

statement ok
INSERT INTO tab4 SELECT * FROM tab0

query II valuesort label-1750
SELECT pk, col0 FROM tab1 WHERE (col0 >= 291 AND (col4 IN (441.11,251.44,563.0,69.27,202.43,499.4)) OR col3 <= 693 AND col3 < 736 OR col0 IS NULL) ORDER BY 2 DESC
----
14 values hashing to e616529dffdaa77c240e4baae2f48a10

query II valuesort label-1750
SELECT pk, col0 FROM tab2 WHERE (col0 >= 291 AND (col4 IN (441.11,251.44,563.0,69.27,202.43,499.4)) OR col3 <= 693 AND col3 < 736 OR col0 IS NULL) ORDER BY 2 DESC
----
14 values hashing to e616529dffdaa77c240e4baae2f48a10

query II valuesort label-1750
SELECT pk, col0 FROM tab3 WHERE (col0 >= 291 AND (col4 IN (441.11,251.44,563.0,69.27,202.43,499.4)) OR col3 <= 693 AND col3 < 736 OR col0 IS NULL) ORDER BY 2 DESC
----
14 values hashing to e616529dffdaa77c240e4baae2f48a10

query II valuesort label-1750
SELECT pk, col0 FROM tab4 WHERE (col0 >= 291 AND (col4 IN (441.11,251.44,563.0,69.27,202.43,499.4)) OR col3 <= 693 AND col3 < 736 OR col0 IS NULL) ORDER BY 2 DESC
----
14 values hashing to e616529dffdaa77c240e4baae2f48a10

query II valuesort label-1750
SELECT pk, col0 FROM tab0 WHERE (col0 >= 291 AND (col4 IN (441.11,251.44,563.0,69.27,202.43,499.4)) OR col3 <= 693 AND col3 < 736 OR col0 IS NULL) ORDER BY 1
----
14 values hashing to e616529dffdaa77c240e4baae2f48a10

query II valuesort label-1750
SELECT pk, col0 FROM tab1 WHERE (col0 >= 291 AND (col4 IN (441.11,251.44,563.0,69.27,202.43,499.4)) OR col3 <= 693 AND col3 < 736 OR col0 IS NULL) ORDER BY 1
----
14 values hashing to e616529dffdaa77c240e4baae2f48a10

query II valuesort label-1750
SELECT pk, col0 FROM tab2 WHERE (col0 >= 291 AND (col4 IN (441.11,251.44,563.0,69.27,202.43,499.4)) OR col3 <= 693 AND col3 < 736 OR col0 IS NULL) ORDER BY 1
----
14 values hashing to e616529dffdaa77c240e4baae2f48a10

query II valuesort label-1750
SELECT pk, col0 FROM tab3 WHERE (col0 >= 291 AND (col4 IN (441.11,251.44,563.0,69.27,202.43,499.4)) OR col3 <= 693 AND col3 < 736 OR col0 IS NULL) ORDER BY 1
----
14 values hashing to e616529dffdaa77c240e4baae2f48a10

query II valuesort label-1750
SELECT pk, col0 FROM tab4 WHERE (col0 >= 291 AND (col4 IN (441.11,251.44,563.0,69.27,202.43,499.4)) OR col3 <= 693 AND col3 < 736 OR col0 IS NULL) ORDER BY 1
----
14 values hashing to e616529dffdaa77c240e4baae2f48a10

query II valuesort label-1750
SELECT pk, col0 FROM tab0 WHERE (col0 >= 291 AND (col4 IN (441.11,251.44,563.0,69.27,202.43,499.4)) OR col3 <= 693 AND col3 < 736 OR col0 IS NULL) ORDER BY 2
----
14 values hashing to e616529dffdaa77c240e4baae2f48a10

query II valuesort label-1750
SELECT pk, col0 FROM tab1 WHERE (col0 >= 291 AND (col4 IN (441.11,251.44,563.0,69.27,202.43,499.4)) OR col3 <= 693 AND col3 < 736 OR col0 IS NULL) ORDER BY 2
----
14 values hashing to e616529dffdaa77c240e4baae2f48a10

query II valuesort label-1750
SELECT pk, col0 FROM tab2 WHERE (col0 >= 291 AND (col4 IN (441.11,251.44,563.0,69.27,202.43,499.4)) OR col3 <= 693 AND col3 < 736 OR col0 IS NULL) ORDER BY 2
----
14 values hashing to e616529dffdaa77c240e4baae2f48a10

query II valuesort label-1750
SELECT pk, col0 FROM tab3 WHERE (col0 >= 291 AND (col4 IN (441.11,251.44,563.0,69.27,202.43,499.4)) OR col3 <= 693 AND col3 < 736 OR col0 IS NULL) ORDER BY 2
----
14 values hashing to e616529dffdaa77c240e4baae2f48a10

query II valuesort label-1750
SELECT pk, col0 FROM tab4 WHERE (col0 >= 291 AND (col4 IN (441.11,251.44,563.0,69.27,202.43,499.4)) OR col3 <= 693 AND col3 < 736 OR col0 IS NULL) ORDER BY 2
----
14 values hashing to e616529dffdaa77c240e4baae2f48a10

query II valuesort label-1750
SELECT pk, col0 FROM tab0 WHERE (col0 >= 291 AND (col4 IN (441.11,251.44,563.0,69.27,202.43,499.4)) OR col3 <= 693 AND col3 < 736 OR col0 IS NULL) ORDER BY 1 DESC,2 DESC
----
14 values hashing to e616529dffdaa77c240e4baae2f48a10

query II valuesort label-1750
SELECT pk, col0 FROM tab1 WHERE (col0 >= 291 AND (col4 IN (441.11,251.44,563.0,69.27,202.43,499.4)) OR col3 <= 693 AND col3 < 736 OR col0 IS NULL) ORDER BY 1 DESC,2 DESC
----
14 values hashing to e616529dffdaa77c240e4baae2f48a10

query II valuesort label-1750
SELECT pk, col0 FROM tab2 WHERE (col0 >= 291 AND (col4 IN (441.11,251.44,563.0,69.27,202.43,499.4)) OR col3 <= 693 AND col3 < 736 OR col0 IS NULL) ORDER BY 1 DESC,2 DESC
----
14 values hashing to e616529dffdaa77c240e4baae2f48a10

query II valuesort label-1750
SELECT pk, col0 FROM tab3 WHERE (col0 >= 291 AND (col4 IN (441.11,251.44,563.0,69.27,202.43,499.4)) OR col3 <= 693 AND col3 < 736 OR col0 IS NULL) ORDER BY 1 DESC,2 DESC
----
14 values hashing to e616529dffdaa77c240e4baae2f48a10

query II valuesort label-1750
SELECT pk, col0 FROM tab4 WHERE (col0 >= 291 AND (col4 IN (441.11,251.44,563.0,69.27,202.43,499.4)) OR col3 <= 693 AND col3 < 736 OR col0 IS NULL) ORDER BY 1 DESC,2 DESC
----
14 values hashing to e616529dffdaa77c240e4baae2f48a10

query II valuesort label-1750
SELECT pk, col0 FROM tab0 WHERE (col0 >= 291 AND (col4 IN (441.11,251.44,563.0,69.27,202.43,499.4)) OR col3 <= 693 AND col3 < 736 OR col0 IS NULL) ORDER BY 1,2 DESC
----
14 values hashing to e616529dffdaa77c240e4baae2f48a10

query II valuesort label-1750
SELECT pk, col0 FROM tab1 WHERE (col0 >= 291 AND (col4 IN (441.11,251.44,563.0,69.27,202.43,499.4)) OR col3 <= 693 AND col3 < 736 OR col0 IS NULL) ORDER BY 1,2 DESC
----
14 values hashing to e616529dffdaa77c240e4baae2f48a10

query II valuesort label-1750
SELECT pk, col0 FROM tab2 WHERE (col0 >= 291 AND (col4 IN (441.11,251.44,563.0,69.27,202.43,499.4)) OR col3 <= 693 AND col3 < 736 OR col0 IS NULL) ORDER BY 1,2 DESC
----
14 values hashing to e616529dffdaa77c240e4baae2f48a10

query II valuesort label-1750
SELECT pk, col0 FROM tab3 WHERE (col0 >= 291 AND (col4 IN (441.11,251.44,563.0,69.27,202.43,499.4)) OR col3 <= 693 AND col3 < 736 OR col0 IS NULL) ORDER BY 1,2 DESC
----
14 values hashing to e616529dffdaa77c240e4baae2f48a10

query II valuesort label-1750
SELECT pk, col0 FROM tab4 WHERE (col0 >= 291 AND (col4 IN (441.11,251.44,563.0,69.27,202.43,499.4)) OR col3 <= 693 AND col3 < 736 OR col0 IS NULL) ORDER BY 1,2 DESC
----
14 values hashing to e616529dffdaa77c240e4baae2f48a10

query II valuesort label-1750
SELECT pk, col0 FROM tab0 WHERE (col0 >= 291 AND (col4 IN (441.11,251.44,563.0,69.27,202.43,499.4)) OR col3 <= 693 AND col3 < 736 OR col0 IS NULL) ORDER BY 2 DESC,1
----
14 values hashing to e616529dffdaa77c240e4baae2f48a10

query II valuesort label-1750
SELECT pk, col0 FROM tab1 WHERE (col0 >= 291 AND (col4 IN (441.11,251.44,563.0,69.27,202.43,499.4)) OR col3 <= 693 AND col3 < 736 OR col0 IS NULL) ORDER BY 2 DESC,1
----
14 values hashing to e616529dffdaa77c240e4baae2f48a10

query II valuesort label-1750
SELECT pk, col0 FROM tab2 WHERE (col0 >= 291 AND (col4 IN (441.11,251.44,563.0,69.27,202.43,499.4)) OR col3 <= 693 AND col3 < 736 OR col0 IS NULL) ORDER BY 2 DESC,1
----
14 values hashing to e616529dffdaa77c240e4baae2f48a10

query II valuesort label-1750
SELECT pk, col0 FROM tab3 WHERE (col0 >= 291 AND (col4 IN (441.11,251.44,563.0,69.27,202.43,499.4)) OR col3 <= 693 AND col3 < 736 OR col0 IS NULL) ORDER BY 2 DESC,1
----
14 values hashing to e616529dffdaa77c240e4baae2f48a10

query II valuesort label-1750
SELECT pk, col0 FROM tab4 WHERE (col0 >= 291 AND (col4 IN (441.11,251.44,563.0,69.27,202.43,499.4)) OR col3 <= 693 AND col3 < 736 OR col0 IS NULL) ORDER BY 2 DESC,1
----
14 values hashing to e616529dffdaa77c240e4baae2f48a10

query II valuesort label-1750
SELECT pk, col0 FROM tab0 WHERE (col0 >= 291 AND (col4 IN (441.11,251.44,563.0,69.27,202.43,499.4)) OR col3 <= 693 AND col3 < 736 OR col0 IS NULL) ORDER BY 2,1
----
14 values hashing to e616529dffdaa77c240e4baae2f48a10

query II valuesort label-1750
SELECT pk, col0 FROM tab1 WHERE (col0 >= 291 AND (col4 IN (441.11,251.44,563.0,69.27,202.43,499.4)) OR col3 <= 693 AND col3 < 736 OR col0 IS NULL) ORDER BY 2,1
----
14 values hashing to e616529dffdaa77c240e4baae2f48a10

query II valuesort label-1750
SELECT pk, col0 FROM tab2 WHERE (col0 >= 291 AND (col4 IN (441.11,251.44,563.0,69.27,202.43,499.4)) OR col3 <= 693 AND col3 < 736 OR col0 IS NULL) ORDER BY 2,1
----
14 values hashing to e616529dffdaa77c240e4baae2f48a10

query II valuesort label-1750
SELECT pk, col0 FROM tab3 WHERE (col0 >= 291 AND (col4 IN (441.11,251.44,563.0,69.27,202.43,499.4)) OR col3 <= 693 AND col3 < 736 OR col0 IS NULL) ORDER BY 2,1
----
14 values hashing to e616529dffdaa77c240e4baae2f48a10

query II valuesort label-1750
SELECT pk, col0 FROM tab4 WHERE (col0 >= 291 AND (col4 IN (441.11,251.44,563.0,69.27,202.43,499.4)) OR col3 <= 693 AND col3 < 736 OR col0 IS NULL) ORDER BY 2,1
----
14 values hashing to e616529dffdaa77c240e4baae2f48a10

query II valuesort label-1750
SELECT pk, col0 FROM tab0 WHERE (col0 >= 291 AND (col4 IN (441.11,251.44,563.0,69.27,202.43,499.4)) OR col3 <= 693 AND col3 < 736 OR col0 IS NULL) ORDER BY 1 DESC,2
----
14 values hashing to e616529dffdaa77c240e4baae2f48a10

query II valuesort label-1750
SELECT pk, col0 FROM tab1 WHERE (col0 >= 291 AND (col4 IN (441.11,251.44,563.0,69.27,202.43,499.4)) OR col3 <= 693 AND col3 < 736 OR col0 IS NULL) ORDER BY 1 DESC,2
----
14 values hashing to e616529dffdaa77c240e4baae2f48a10

query II valuesort label-1750
SELECT pk, col0 FROM tab2 WHERE (col0 >= 291 AND (col4 IN (441.11,251.44,563.0,69.27,202.43,499.4)) OR col3 <= 693 AND col3 < 736 OR col0 IS NULL) ORDER BY 1 DESC,2
----
14 values hashing to e616529dffdaa77c240e4baae2f48a10

query II valuesort label-1750
SELECT pk, col0 FROM tab3 WHERE (col0 >= 291 AND (col4 IN (441.11,251.44,563.0,69.27,202.43,499.4)) OR col3 <= 693 AND col3 < 736 OR col0 IS NULL) ORDER BY 1 DESC,2
----
14 values hashing to e616529dffdaa77c240e4baae2f48a10

query II valuesort label-1750
SELECT pk, col0 FROM tab4 WHERE (col0 >= 291 AND (col4 IN (441.11,251.44,563.0,69.27,202.43,499.4)) OR col3 <= 693 AND col3 < 736 OR col0 IS NULL) ORDER BY 1 DESC,2
----
14 values hashing to e616529dffdaa77c240e4baae2f48a10

query II valuesort label-1750
SELECT pk, col0 FROM tab0 WHERE (col0 >= 291 AND (col4 IN (441.11,251.44,563.0,69.27,202.43,499.4)) OR col3 <= 693 AND col3 < 736 OR col0 IS NULL) ORDER BY 1,2
----
14 values hashing to e616529dffdaa77c240e4baae2f48a10

query II valuesort label-1750
SELECT pk, col0 FROM tab1 WHERE (col0 >= 291 AND (col4 IN (441.11,251.44,563.0,69.27,202.43,499.4)) OR col3 <= 693 AND col3 < 736 OR col0 IS NULL) ORDER BY 1,2
----
14 values hashing to e616529dffdaa77c240e4baae2f48a10

query II valuesort label-1750
SELECT pk, col0 FROM tab2 WHERE (col0 >= 291 AND (col4 IN (441.11,251.44,563.0,69.27,202.43,499.4)) OR col3 <= 693 AND col3 < 736 OR col0 IS NULL) ORDER BY 1,2
----
14 values hashing to e616529dffdaa77c240e4baae2f48a10

query II valuesort label-1750
SELECT pk, col0 FROM tab3 WHERE (col0 >= 291 AND (col4 IN (441.11,251.44,563.0,69.27,202.43,499.4)) OR col3 <= 693 AND col3 < 736 OR col0 IS NULL) ORDER BY 1,2
----
14 values hashing to e616529dffdaa77c240e4baae2f48a10

query II valuesort label-1750
SELECT pk, col0 FROM tab4 WHERE (col0 >= 291 AND (col4 IN (441.11,251.44,563.0,69.27,202.43,499.4)) OR col3 <= 693 AND col3 < 736 OR col0 IS NULL) ORDER BY 1,2
----
14 values hashing to e616529dffdaa77c240e4baae2f48a10

query I valuesort label-1800
SELECT pk FROM tab0 WHERE (((col0 <= 67)) AND (col3 > 889) AND (col1 >= 603.20) AND col0 >= 253 AND col3 > 344 AND (col0 <= 749 AND col0 >= 760) AND (col1 = 304.42 AND col0 > 668 OR col1 <= 733.39) OR col3 >= 779 AND col0 = 63 OR col0 < 933 AND ((col0 <= 497)) OR (col4 >= 707.42) AND col0 IS NULL) OR col0 > 228 ORDER BY 1 DESC
----
10 values hashing to e20b902b49a98b1a05ed62804c757f94

query I valuesort label-1800
SELECT pk FROM tab1 WHERE (((col0 <= 67)) AND (col3 > 889) AND (col1 >= 603.20) AND col0 >= 253 AND col3 > 344 AND (col0 <= 749 AND col0 >= 760) AND (col1 = 304.42 AND col0 > 668 OR col1 <= 733.39) OR col3 >= 779 AND col0 = 63 OR col0 < 933 AND ((col0 <= 497)) OR (col4 >= 707.42) AND col0 IS NULL) OR col0 > 228 ORDER BY 1 DESC
----
10 values hashing to e20b902b49a98b1a05ed62804c757f94

query I valuesort label-1800
SELECT pk FROM tab2 WHERE (((col0 <= 67)) AND (col3 > 889) AND (col1 >= 603.20) AND col0 >= 253 AND col3 > 344 AND (col0 <= 749 AND col0 >= 760) AND (col1 = 304.42 AND col0 > 668 OR col1 <= 733.39) OR col3 >= 779 AND col0 = 63 OR col0 < 933 AND ((col0 <= 497)) OR (col4 >= 707.42) AND col0 IS NULL) OR col0 > 228 ORDER BY 1 DESC
----
10 values hashing to e20b902b49a98b1a05ed62804c757f94

query I valuesort label-1800
SELECT pk FROM tab3 WHERE (((col0 <= 67)) AND (col3 > 889) AND (col1 >= 603.20) AND col0 >= 253 AND col3 > 344 AND (col0 <= 749 AND col0 >= 760) AND (col1 = 304.42 AND col0 > 668 OR col1 <= 733.39) OR col3 >= 779 AND col0 = 63 OR col0 < 933 AND ((col0 <= 497)) OR (col4 >= 707.42) AND col0 IS NULL) OR col0 > 228 ORDER BY 1 DESC
----
10 values hashing to e20b902b49a98b1a05ed62804c757f94

query I valuesort label-1800
SELECT pk FROM tab4 WHERE (((col0 <= 67)) AND (col3 > 889) AND (col1 >= 603.20) AND col0 >= 253 AND col3 > 344 AND (col0 <= 749 AND col0 >= 760) AND (col1 = 304.42 AND col0 > 668 OR col1 <= 733.39) OR col3 >= 779 AND col0 = 63 OR col0 < 933 AND ((col0 <= 497)) OR (col4 >= 707.42) AND col0 IS NULL) OR col0 > 228 ORDER BY 1 DESC
----
10 values hashing to e20b902b49a98b1a05ed62804c757f94

query I valuesort label-1800
SELECT pk FROM tab0 WHERE (((col0 <= 67)) AND (col3 > 889) AND (col1 >= 603.20) AND col0 >= 253 AND col3 > 344 AND (col0 <= 749 AND col0 >= 760) AND (col1 = 304.42 AND col0 > 668 OR col1 <= 733.39) OR col3 >= 779 AND col0 = 63 OR col0 < 933 AND ((col0 <= 497)) OR (col4 >= 707.42) AND col0 IS NULL) OR col0 > 228 ORDER BY 1
----
10 values hashing to e20b902b49a98b1a05ed62804c757f94

query I valuesort label-1800
SELECT pk FROM tab1 WHERE (((col0 <= 67)) AND (col3 > 889) AND (col1 >= 603.20) AND col0 >= 253 AND col3 > 344 AND (col0 <= 749 AND col0 >= 760) AND (col1 = 304.42 AND col0 > 668 OR col1 <= 733.39) OR col3 >= 779 AND col0 = 63 OR col0 < 933 AND ((col0 <= 497)) OR (col4 >= 707.42) AND col0 IS NULL) OR col0 > 228 ORDER BY 1
----
10 values hashing to e20b902b49a98b1a05ed62804c757f94

query I valuesort label-1800
SELECT pk FROM tab2 WHERE (((col0 <= 67)) AND (col3 > 889) AND (col1 >= 603.20) AND col0 >= 253 AND col3 > 344 AND (col0 <= 749 AND col0 >= 760) AND (col1 = 304.42 AND col0 > 668 OR col1 <= 733.39) OR col3 >= 779 AND col0 = 63 OR col0 < 933 AND ((col0 <= 497)) OR (col4 >= 707.42) AND col0 IS NULL) OR col0 > 228 ORDER BY 1
----
10 values hashing to e20b902b49a98b1a05ed62804c757f94

query I valuesort label-1800
SELECT pk FROM tab3 WHERE (((col0 <= 67)) AND (col3 > 889) AND (col1 >= 603.20) AND col0 >= 253 AND col3 > 344 AND (col0 <= 749 AND col0 >= 760) AND (col1 = 304.42 AND col0 > 668 OR col1 <= 733.39) OR col3 >= 779 AND col0 = 63 OR col0 < 933 AND ((col0 <= 497)) OR (col4 >= 707.42) AND col0 IS NULL) OR col0 > 228 ORDER BY 1
----
10 values hashing to e20b902b49a98b1a05ed62804c757f94

query I valuesort label-1800
SELECT pk FROM tab4 WHERE (((col0 <= 67)) AND (col3 > 889) AND (col1 >= 603.20) AND col0 >= 253 AND col3 > 344 AND (col0 <= 749 AND col0 >= 760) AND (col1 = 304.42 AND col0 > 668 OR col1 <= 733.39) OR col3 >= 779 AND col0 = 63 OR col0 < 933 AND ((col0 <= 497)) OR (col4 >= 707.42) AND col0 IS NULL) OR col0 > 228 ORDER BY 1
----
10 values hashing to e20b902b49a98b1a05ed62804c757f94

query II valuesort label-1810
SELECT pk, col0 FROM tab0 WHERE (((col0 <= 67)) AND (col3 > 889) AND (col1 >= 603.20) AND col0 >= 253 AND col3 > 344 AND (col0 <= 749 AND col0 >= 760) AND (col1 = 304.42 AND col0 > 668 OR col1 <= 733.39) OR col3 >= 779 AND col0 = 63 OR col0 < 933 AND ((col0 <= 497)) OR (col4 >= 707.42) AND col0 IS NULL) OR col0 > 228 ORDER BY 1 DESC
----
20 values hashing to 7e7c5f3c08c3c1ac89f33c89a0e42d7c

query II valuesort label-1810
SELECT pk, col0 FROM tab1 WHERE (((col0 <= 67)) AND (col3 > 889) AND (col1 >= 603.20) AND col0 >= 253 AND col3 > 344 AND (col0 <= 749 AND col0 >= 760) AND (col1 = 304.42 AND col0 > 668 OR col1 <= 733.39) OR col3 >= 779 AND col0 = 63 OR col0 < 933 AND ((col0 <= 497)) OR (col4 >= 707.42) AND col0 IS NULL) OR col0 > 228 ORDER BY 1 DESC
----
20 values hashing to 7e7c5f3c08c3c1ac89f33c89a0e42d7c

query II valuesort label-1810
SELECT pk, col0 FROM tab2 WHERE (((col0 <= 67)) AND (col3 > 889) AND (col1 >= 603.20) AND col0 >= 253 AND col3 > 344 AND (col0 <= 749 AND col0 >= 760) AND (col1 = 304.42 AND col0 > 668 OR col1 <= 733.39) OR col3 >= 779 AND col0 = 63 OR col0 < 933 AND ((col0 <= 497)) OR (col4 >= 707.42) AND col0 IS NULL) OR col0 > 228 ORDER BY 1 DESC
----
20 values hashing to 7e7c5f3c08c3c1ac89f33c89a0e42d7c

query II valuesort label-1810
SELECT pk, col0 FROM tab3 WHERE (((col0 <= 67)) AND (col3 > 889) AND (col1 >= 603.20) AND col0 >= 253 AND col3 > 344 AND (col0 <= 749 AND col0 >= 760) AND (col1 = 304.42 AND col0 > 668 OR col1 <= 733.39) OR col3 >= 779 AND col0 = 63 OR col0 < 933 AND ((col0 <= 497)) OR (col4 >= 707.42) AND col0 IS NULL) OR col0 > 228 ORDER BY 1 DESC
----
20 values hashing to 7e7c5f3c08c3c1ac89f33c89a0e42d7c

query II valuesort label-1810
SELECT pk, col0 FROM tab4 WHERE (((col0 <= 67)) AND (col3 > 889) AND (col1 >= 603.20) AND col0 >= 253 AND col3 > 344 AND (col0 <= 749 AND col0 >= 760) AND (col1 = 304.42 AND col0 > 668 OR col1 <= 733.39) OR col3 >= 779 AND col0 = 63 OR col0 < 933 AND ((col0 <= 497)) OR (col4 >= 707.42) AND col0 IS NULL) OR col0 > 228 ORDER BY 1 DESC
----
20 values hashing to 7e7c5f3c08c3c1ac89f33c89a0e42d7c

query II valuesort label-1810
SELECT pk, col0 FROM tab0 WHERE (((col0 <= 67)) AND (col3 > 889) AND (col1 >= 603.20) AND col0 >= 253 AND col3 > 344 AND (col0 <= 749 AND col0 >= 760) AND (col1 = 304.42 AND col0 > 668 OR col1 <= 733.39) OR col3 >= 779 AND col0 = 63 OR col0 < 933 AND ((col0 <= 497)) OR (col4 >= 707.42) AND col0 IS NULL) OR col0 > 228 ORDER BY 2 DESC
----
20 values hashing to 7e7c5f3c08c3c1ac89f33c89a0e42d7c

query II valuesort label-1810
SELECT pk, col0 FROM tab1 WHERE (((col0 <= 67)) AND (col3 > 889) AND (col1 >= 603.20) AND col0 >= 253 AND col3 > 344 AND (col0 <= 749 AND col0 >= 760) AND (col1 = 304.42 AND col0 > 668 OR col1 <= 733.39) OR col3 >= 779 AND col0 = 63 OR col0 < 933 AND ((col0 <= 497)) OR (col4 >= 707.42) AND col0 IS NULL) OR col0 > 228 ORDER BY 2 DESC
----
20 values hashing to 7e7c5f3c08c3c1ac89f33c89a0e42d7c

query II valuesort label-1810
SELECT pk, col0 FROM tab2 WHERE (((col0 <= 67)) AND (col3 > 889) AND (col1 >= 603.20) AND col0 >= 253 AND col3 > 344 AND (col0 <= 749 AND col0 >= 760) AND (col1 = 304.42 AND col0 > 668 OR col1 <= 733.39) OR col3 >= 779 AND col0 = 63 OR col0 < 933 AND ((col0 <= 497)) OR (col4 >= 707.42) AND col0 IS NULL) OR col0 > 228 ORDER BY 2 DESC
----
20 values hashing to 7e7c5f3c08c3c1ac89f33c89a0e42d7c

query II valuesort label-1810
SELECT pk, col0 FROM tab3 WHERE (((col0 <= 67)) AND (col3 > 889) AND (col1 >= 603.20) AND col0 >= 253 AND col3 > 344 AND (col0 <= 749 AND col0 >= 760) AND (col1 = 304.42 AND col0 > 668 OR col1 <= 733.39) OR col3 >= 779 AND col0 = 63 OR col0 < 933 AND ((col0 <= 497)) OR (col4 >= 707.42) AND col0 IS NULL) OR col0 > 228 ORDER BY 2 DESC
----
20 values hashing to 7e7c5f3c08c3c1ac89f33c89a0e42d7c

query II valuesort label-1810
SELECT pk, col0 FROM tab4 WHERE (((col0 <= 67)) AND (col3 > 889) AND (col1 >= 603.20) AND col0 >= 253 AND col3 > 344 AND (col0 <= 749 AND col0 >= 760) AND (col1 = 304.42 AND col0 > 668 OR col1 <= 733.39) OR col3 >= 779 AND col0 = 63 OR col0 < 933 AND ((col0 <= 497)) OR (col4 >= 707.42) AND col0 IS NULL) OR col0 > 228 ORDER BY 2 DESC
----
20 values hashing to 7e7c5f3c08c3c1ac89f33c89a0e42d7c

query II valuesort label-1810
SELECT pk, col0 FROM tab0 WHERE (((col0 <= 67)) AND (col3 > 889) AND (col1 >= 603.20) AND col0 >= 253 AND col3 > 344 AND (col0 <= 749 AND col0 >= 760) AND (col1 = 304.42 AND col0 > 668 OR col1 <= 733.39) OR col3 >= 779 AND col0 = 63 OR col0 < 933 AND ((col0 <= 497)) OR (col4 >= 707.42) AND col0 IS NULL) OR col0 > 228 ORDER BY 1
----
20 values hashing to 7e7c5f3c08c3c1ac89f33c89a0e42d7c

query II valuesort label-1810
SELECT pk, col0 FROM tab1 WHERE (((col0 <= 67)) AND (col3 > 889) AND (col1 >= 603.20) AND col0 >= 253 AND col3 > 344 AND (col0 <= 749 AND col0 >= 760) AND (col1 = 304.42 AND col0 > 668 OR col1 <= 733.39) OR col3 >= 779 AND col0 = 63 OR col0 < 933 AND ((col0 <= 497)) OR (col4 >= 707.42) AND col0 IS NULL) OR col0 > 228 ORDER BY 1
----
20 values hashing to 7e7c5f3c08c3c1ac89f33c89a0e42d7c

query II valuesort label-1810
SELECT pk, col0 FROM tab2 WHERE (((col0 <= 67)) AND (col3 > 889) AND (col1 >= 603.20) AND col0 >= 253 AND col3 > 344 AND (col0 <= 749 AND col0 >= 760) AND (col1 = 304.42 AND col0 > 668 OR col1 <= 733.39) OR col3 >= 779 AND col0 = 63 OR col0 < 933 AND ((col0 <= 497)) OR (col4 >= 707.42) AND col0 IS NULL) OR col0 > 228 ORDER BY 1
----
20 values hashing to 7e7c5f3c08c3c1ac89f33c89a0e42d7c

query II valuesort label-1810
SELECT pk, col0 FROM tab3 WHERE (((col0 <= 67)) AND (col3 > 889) AND (col1 >= 603.20) AND col0 >= 253 AND col3 > 344 AND (col0 <= 749 AND col0 >= 760) AND (col1 = 304.42 AND col0 > 668 OR col1 <= 733.39) OR col3 >= 779 AND col0 = 63 OR col0 < 933 AND ((col0 <= 497)) OR (col4 >= 707.42) AND col0 IS NULL) OR col0 > 228 ORDER BY 1
----
20 values hashing to 7e7c5f3c08c3c1ac89f33c89a0e42d7c

query II valuesort label-1810
SELECT pk, col0 FROM tab4 WHERE (((col0 <= 67)) AND (col3 > 889) AND (col1 >= 603.20) AND col0 >= 253 AND col3 > 344 AND (col0 <= 749 AND col0 >= 760) AND (col1 = 304.42 AND col0 > 668 OR col1 <= 733.39) OR col3 >= 779 AND col0 = 63 OR col0 < 933 AND ((col0 <= 497)) OR (col4 >= 707.42) AND col0 IS NULL) OR col0 > 228 ORDER BY 1
----
20 values hashing to 7e7c5f3c08c3c1ac89f33c89a0e42d7c

query II valuesort label-1810
SELECT pk, col0 FROM tab0 WHERE (((col0 <= 67)) AND (col3 > 889) AND (col1 >= 603.20) AND col0 >= 253 AND col3 > 344 AND (col0 <= 749 AND col0 >= 760) AND (col1 = 304.42 AND col0 > 668 OR col1 <= 733.39) OR col3 >= 779 AND col0 = 63 OR col0 < 933 AND ((col0 <= 497)) OR (col4 >= 707.42) AND col0 IS NULL) OR col0 > 228 ORDER BY 2
----
20 values hashing to 7e7c5f3c08c3c1ac89f33c89a0e42d7c

query II valuesort label-1810
SELECT pk, col0 FROM tab1 WHERE (((col0 <= 67)) AND (col3 > 889) AND (col1 >= 603.20) AND col0 >= 253 AND col3 > 344 AND (col0 <= 749 AND col0 >= 760) AND (col1 = 304.42 AND col0 > 668 OR col1 <= 733.39) OR col3 >= 779 AND col0 = 63 OR col0 < 933 AND ((col0 <= 497)) OR (col4 >= 707.42) AND col0 IS NULL) OR col0 > 228 ORDER BY 2
----
20 values hashing to 7e7c5f3c08c3c1ac89f33c89a0e42d7c

query II valuesort label-1810
SELECT pk, col0 FROM tab2 WHERE (((col0 <= 67)) AND (col3 > 889) AND (col1 >= 603.20) AND col0 >= 253 AND col3 > 344 AND (col0 <= 749 AND col0 >= 760) AND (col1 = 304.42 AND col0 > 668 OR col1 <= 733.39) OR col3 >= 779 AND col0 = 63 OR col0 < 933 AND ((col0 <= 497)) OR (col4 >= 707.42) AND col0 IS NULL) OR col0 > 228 ORDER BY 2
----
20 values hashing to 7e7c5f3c08c3c1ac89f33c89a0e42d7c

query II valuesort label-1810
SELECT pk, col0 FROM tab3 WHERE (((col0 <= 67)) AND (col3 > 889) AND (col1 >= 603.20) AND col0 >= 253 AND col3 > 344 AND (col0 <= 749 AND col0 >= 760) AND (col1 = 304.42 AND col0 > 668 OR col1 <= 733.39) OR col3 >= 779 AND col0 = 63 OR col0 < 933 AND ((col0 <= 497)) OR (col4 >= 707.42) AND col0 IS NULL) OR col0 > 228 ORDER BY 2
----
20 values hashing to 7e7c5f3c08c3c1ac89f33c89a0e42d7c

query II valuesort label-1810
SELECT pk, col0 FROM tab4 WHERE (((col0 <= 67)) AND (col3 > 889) AND (col1 >= 603.20) AND col0 >= 253 AND col3 > 344 AND (col0 <= 749 AND col0 >= 760) AND (col1 = 304.42 AND col0 > 668 OR col1 <= 733.39) OR col3 >= 779 AND col0 = 63 OR col0 < 933 AND ((col0 <= 497)) OR (col4 >= 707.42) AND col0 IS NULL) OR col0 > 228 ORDER BY 2
----
20 values hashing to 7e7c5f3c08c3c1ac89f33c89a0e42d7c

query II valuesort label-1810
SELECT pk, col0 FROM tab0 WHERE (((col0 <= 67)) AND (col3 > 889) AND (col1 >= 603.20) AND col0 >= 253 AND col3 > 344 AND (col0 <= 749 AND col0 >= 760) AND (col1 = 304.42 AND col0 > 668 OR col1 <= 733.39) OR col3 >= 779 AND col0 = 63 OR col0 < 933 AND ((col0 <= 497)) OR (col4 >= 707.42) AND col0 IS NULL) OR col0 > 228 ORDER BY 1 DESC,2 DESC
----
20 values hashing to 7e7c5f3c08c3c1ac89f33c89a0e42d7c

query II valuesort label-1810
SELECT pk, col0 FROM tab1 WHERE (((col0 <= 67)) AND (col3 > 889) AND (col1 >= 603.20) AND col0 >= 253 AND col3 > 344 AND (col0 <= 749 AND col0 >= 760) AND (col1 = 304.42 AND col0 > 668 OR col1 <= 733.39) OR col3 >= 779 AND col0 = 63 OR col0 < 933 AND ((col0 <= 497)) OR (col4 >= 707.42) AND col0 IS NULL) OR col0 > 228 ORDER BY 1 DESC,2 DESC
----
20 values hashing to 7e7c5f3c08c3c1ac89f33c89a0e42d7c

query II valuesort label-1810
SELECT pk, col0 FROM tab2 WHERE (((col0 <= 67)) AND (col3 > 889) AND (col1 >= 603.20) AND col0 >= 253 AND col3 > 344 AND (col0 <= 749 AND col0 >= 760) AND (col1 = 304.42 AND col0 > 668 OR col1 <= 733.39) OR col3 >= 779 AND col0 = 63 OR col0 < 933 AND ((col0 <= 497)) OR (col4 >= 707.42) AND col0 IS NULL) OR col0 > 228 ORDER BY 1 DESC,2 DESC
----
20 values hashing to 7e7c5f3c08c3c1ac89f33c89a0e42d7c

query II valuesort label-1810
SELECT pk, col0 FROM tab3 WHERE (((col0 <= 67)) AND (col3 > 889) AND (col1 >= 603.20) AND col0 >= 253 AND col3 > 344 AND (col0 <= 749 AND col0 >= 760) AND (col1 = 304.42 AND col0 > 668 OR col1 <= 733.39) OR col3 >= 779 AND col0 = 63 OR col0 < 933 AND ((col0 <= 497)) OR (col4 >= 707.42) AND col0 IS NULL) OR col0 > 228 ORDER BY 1 DESC,2 DESC
----
20 values hashing to 7e7c5f3c08c3c1ac89f33c89a0e42d7c

query II valuesort label-1810
SELECT pk, col0 FROM tab4 WHERE (((col0 <= 67)) AND (col3 > 889) AND (col1 >= 603.20) AND col0 >= 253 AND col3 > 344 AND (col0 <= 749 AND col0 >= 760) AND (col1 = 304.42 AND col0 > 668 OR col1 <= 733.39) OR col3 >= 779 AND col0 = 63 OR col0 < 933 AND ((col0 <= 497)) OR (col4 >= 707.42) AND col0 IS NULL) OR col0 > 228 ORDER BY 1 DESC,2 DESC
----
20 values hashing to 7e7c5f3c08c3c1ac89f33c89a0e42d7c

query II valuesort label-1810
SELECT pk, col0 FROM tab0 WHERE (((col0 <= 67)) AND (col3 > 889) AND (col1 >= 603.20) AND col0 >= 253 AND col3 > 344 AND (col0 <= 749 AND col0 >= 760) AND (col1 = 304.42 AND col0 > 668 OR col1 <= 733.39) OR col3 >= 779 AND col0 = 63 OR col0 < 933 AND ((col0 <= 497)) OR (col4 >= 707.42) AND col0 IS NULL) OR col0 > 228 ORDER BY 1,2 DESC
----
20 values hashing to 7e7c5f3c08c3c1ac89f33c89a0e42d7c

query II valuesort label-1810
SELECT pk, col0 FROM tab1 WHERE (((col0 <= 67)) AND (col3 > 889) AND (col1 >= 603.20) AND col0 >= 253 AND col3 > 344 AND (col0 <= 749 AND col0 >= 760) AND (col1 = 304.42 AND col0 > 668 OR col1 <= 733.39) OR col3 >= 779 AND col0 = 63 OR col0 < 933 AND ((col0 <= 497)) OR (col4 >= 707.42) AND col0 IS NULL) OR col0 > 228 ORDER BY 1,2 DESC
----
20 values hashing to 7e7c5f3c08c3c1ac89f33c89a0e42d7c

query II valuesort label-1810
SELECT pk, col0 FROM tab2 WHERE (((col0 <= 67)) AND (col3 > 889) AND (col1 >= 603.20) AND col0 >= 253 AND col3 > 344 AND (col0 <= 749 AND col0 >= 760) AND (col1 = 304.42 AND col0 > 668 OR col1 <= 733.39) OR col3 >= 779 AND col0 = 63 OR col0 < 933 AND ((col0 <= 497)) OR (col4 >= 707.42) AND col0 IS NULL) OR col0 > 228 ORDER BY 1,2 DESC
----
20 values hashing to 7e7c5f3c08c3c1ac89f33c89a0e42d7c

query II valuesort label-1810
SELECT pk, col0 FROM tab3 WHERE (((col0 <= 67)) AND (col3 > 889) AND (col1 >= 603.20) AND col0 >= 253 AND col3 > 344 AND (col0 <= 749 AND col0 >= 760) AND (col1 = 304.42 AND col0 > 668 OR col1 <= 733.39) OR col3 >= 779 AND col0 = 63 OR col0 < 933 AND ((col0 <= 497)) OR (col4 >= 707.42) AND col0 IS NULL) OR col0 > 228 ORDER BY 1,2 DESC
----
20 values hashing to 7e7c5f3c08c3c1ac89f33c89a0e42d7c

query II valuesort label-1810
SELECT pk, col0 FROM tab4 WHERE (((col0 <= 67)) AND (col3 > 889) AND (col1 >= 603.20) AND col0 >= 253 AND col3 > 344 AND (col0 <= 749 AND col0 >= 760) AND (col1 = 304.42 AND col0 > 668 OR col1 <= 733.39) OR col3 >= 779 AND col0 = 63 OR col0 < 933 AND ((col0 <= 497)) OR (col4 >= 707.42) AND col0 IS NULL) OR col0 > 228 ORDER BY 1,2 DESC
----
20 values hashing to 7e7c5f3c08c3c1ac89f33c89a0e42d7c

query II valuesort label-1810
SELECT pk, col0 FROM tab0 WHERE (((col0 <= 67)) AND (col3 > 889) AND (col1 >= 603.20) AND col0 >= 253 AND col3 > 344 AND (col0 <= 749 AND col0 >= 760) AND (col1 = 304.42 AND col0 > 668 OR col1 <= 733.39) OR col3 >= 779 AND col0 = 63 OR col0 < 933 AND ((col0 <= 497)) OR (col4 >= 707.42) AND col0 IS NULL) OR col0 > 228 ORDER BY 2 DESC,1
----
20 values hashing to 7e7c5f3c08c3c1ac89f33c89a0e42d7c

query II valuesort label-1810
SELECT pk, col0 FROM tab1 WHERE (((col0 <= 67)) AND (col3 > 889) AND (col1 >= 603.20) AND col0 >= 253 AND col3 > 344 AND (col0 <= 749 AND col0 >= 760) AND (col1 = 304.42 AND col0 > 668 OR col1 <= 733.39) OR col3 >= 779 AND col0 = 63 OR col0 < 933 AND ((col0 <= 497)) OR (col4 >= 707.42) AND col0 IS NULL) OR col0 > 228 ORDER BY 2 DESC,1
----
20 values hashing to 7e7c5f3c08c3c1ac89f33c89a0e42d7c

query II valuesort label-1810
SELECT pk, col0 FROM tab2 WHERE (((col0 <= 67)) AND (col3 > 889) AND (col1 >= 603.20) AND col0 >= 253 AND col3 > 344 AND (col0 <= 749 AND col0 >= 760) AND (col1 = 304.42 AND col0 > 668 OR col1 <= 733.39) OR col3 >= 779 AND col0 = 63 OR col0 < 933 AND ((col0 <= 497)) OR (col4 >= 707.42) AND col0 IS NULL) OR col0 > 228 ORDER BY 2 DESC,1
----
20 values hashing to 7e7c5f3c08c3c1ac89f33c89a0e42d7c

query II valuesort label-1810
SELECT pk, col0 FROM tab3 WHERE (((col0 <= 67)) AND (col3 > 889) AND (col1 >= 603.20) AND col0 >= 253 AND col3 > 344 AND (col0 <= 749 AND col0 >= 760) AND (col1 = 304.42 AND col0 > 668 OR col1 <= 733.39) OR col3 >= 779 AND col0 = 63 OR col0 < 933 AND ((col0 <= 497)) OR (col4 >= 707.42) AND col0 IS NULL) OR col0 > 228 ORDER BY 2 DESC,1
----
20 values hashing to 7e7c5f3c08c3c1ac89f33c89a0e42d7c

query II valuesort label-1810
SELECT pk, col0 FROM tab4 WHERE (((col0 <= 67)) AND (col3 > 889) AND (col1 >= 603.20) AND col0 >= 253 AND col3 > 344 AND (col0 <= 749 AND col0 >= 760) AND (col1 = 304.42 AND col0 > 668 OR col1 <= 733.39) OR col3 >= 779 AND col0 = 63 OR col0 < 933 AND ((col0 <= 497)) OR (col4 >= 707.42) AND col0 IS NULL) OR col0 > 228 ORDER BY 2 DESC,1
----
20 values hashing to 7e7c5f3c08c3c1ac89f33c89a0e42d7c

query II valuesort label-1810
SELECT pk, col0 FROM tab0 WHERE (((col0 <= 67)) AND (col3 > 889) AND (col1 >= 603.20) AND col0 >= 253 AND col3 > 344 AND (col0 <= 749 AND col0 >= 760) AND (col1 = 304.42 AND col0 > 668 OR col1 <= 733.39) OR col3 >= 779 AND col0 = 63 OR col0 < 933 AND ((col0 <= 497)) OR (col4 >= 707.42) AND col0 IS NULL) OR col0 > 228 ORDER BY 2,1
----
20 values hashing to 7e7c5f3c08c3c1ac89f33c89a0e42d7c

query II valuesort label-1810
SELECT pk, col0 FROM tab1 WHERE (((col0 <= 67)) AND (col3 > 889) AND (col1 >= 603.20) AND col0 >= 253 AND col3 > 344 AND (col0 <= 749 AND col0 >= 760) AND (col1 = 304.42 AND col0 > 668 OR col1 <= 733.39) OR col3 >= 779 AND col0 = 63 OR col0 < 933 AND ((col0 <= 497)) OR (col4 >= 707.42) AND col0 IS NULL) OR col0 > 228 ORDER BY 2,1
----
20 values hashing to 7e7c5f3c08c3c1ac89f33c89a0e42d7c

query II valuesort label-1810
SELECT pk, col0 FROM tab2 WHERE (((col0 <= 67)) AND (col3 > 889) AND (col1 >= 603.20) AND col0 >= 253 AND col3 > 344 AND (col0 <= 749 AND col0 >= 760) AND (col1 = 304.42 AND col0 > 668 OR col1 <= 733.39) OR col3 >= 779 AND col0 = 63 OR col0 < 933 AND ((col0 <= 497)) OR (col4 >= 707.42) AND col0 IS NULL) OR col0 > 228 ORDER BY 2,1
----
20 values hashing to 7e7c5f3c08c3c1ac89f33c89a0e42d7c

query II valuesort label-1810
SELECT pk, col0 FROM tab3 WHERE (((col0 <= 67)) AND (col3 > 889) AND (col1 >= 603.20) AND col0 >= 253 AND col3 > 344 AND (col0 <= 749 AND col0 >= 760) AND (col1 = 304.42 AND col0 > 668 OR col1 <= 733.39) OR col3 >= 779 AND col0 = 63 OR col0 < 933 AND ((col0 <= 497)) OR (col4 >= 707.42) AND col0 IS NULL) OR col0 > 228 ORDER BY 2,1
----
20 values hashing to 7e7c5f3c08c3c1ac89f33c89a0e42d7c

query II valuesort label-1810
SELECT pk, col0 FROM tab4 WHERE (((col0 <= 67)) AND (col3 > 889) AND (col1 >= 603.20) AND col0 >= 253 AND col3 > 344 AND (col0 <= 749 AND col0 >= 760) AND (col1 = 304.42 AND col0 > 668 OR col1 <= 733.39) OR col3 >= 779 AND col0 = 63 OR col0 < 933 AND ((col0 <= 497)) OR (col4 >= 707.42) AND col0 IS NULL) OR col0 > 228 ORDER BY 2,1
----
20 values hashing to 7e7c5f3c08c3c1ac89f33c89a0e42d7c

query II valuesort label-1810
SELECT pk, col0 FROM tab0 WHERE (((col0 <= 67)) AND (col3 > 889) AND (col1 >= 603.20) AND col0 >= 253 AND col3 > 344 AND (col0 <= 749 AND col0 >= 760) AND (col1 = 304.42 AND col0 > 668 OR col1 <= 733.39) OR col3 >= 779 AND col0 = 63 OR col0 < 933 AND ((col0 <= 497)) OR (col4 >= 707.42) AND col0 IS NULL) OR col0 > 228 ORDER BY 1 DESC,2
----
20 values hashing to 7e7c5f3c08c3c1ac89f33c89a0e42d7c

query II valuesort label-1810
SELECT pk, col0 FROM tab1 WHERE (((col0 <= 67)) AND (col3 > 889) AND (col1 >= 603.20) AND col0 >= 253 AND col3 > 344 AND (col0 <= 749 AND col0 >= 760) AND (col1 = 304.42 AND col0 > 668 OR col1 <= 733.39) OR col3 >= 779 AND col0 = 63 OR col0 < 933 AND ((col0 <= 497)) OR (col4 >= 707.42) AND col0 IS NULL) OR col0 > 228 ORDER BY 1 DESC,2
----
20 values hashing to 7e7c5f3c08c3c1ac89f33c89a0e42d7c

query II valuesort label-1810
SELECT pk, col0 FROM tab2 WHERE (((col0 <= 67)) AND (col3 > 889) AND (col1 >= 603.20) AND col0 >= 253 AND col3 > 344 AND (col0 <= 749 AND col0 >= 760) AND (col1 = 304.42 AND col0 > 668 OR col1 <= 733.39) OR col3 >= 779 AND col0 = 63 OR col0 < 933 AND ((col0 <= 497)) OR (col4 >= 707.42) AND col0 IS NULL) OR col0 > 228 ORDER BY 1 DESC,2
----
20 values hashing to 7e7c5f3c08c3c1ac89f33c89a0e42d7c

query II valuesort label-1810
SELECT pk, col0 FROM tab3 WHERE (((col0 <= 67)) AND (col3 > 889) AND (col1 >= 603.20) AND col0 >= 253 AND col3 > 344 AND (col0 <= 749 AND col0 >= 760) AND (col1 = 304.42 AND col0 > 668 OR col1 <= 733.39) OR col3 >= 779 AND col0 = 63 OR col0 < 933 AND ((col0 <= 497)) OR (col4 >= 707.42) AND col0 IS NULL) OR col0 > 228 ORDER BY 1 DESC,2
----
20 values hashing to 7e7c5f3c08c3c1ac89f33c89a0e42d7c

query II valuesort label-1810
SELECT pk, col0 FROM tab4 WHERE (((col0 <= 67)) AND (col3 > 889) AND (col1 >= 603.20) AND col0 >= 253 AND col3 > 344 AND (col0 <= 749 AND col0 >= 760) AND (col1 = 304.42 AND col0 > 668 OR col1 <= 733.39) OR col3 >= 779 AND col0 = 63 OR col0 < 933 AND ((col0 <= 497)) OR (col4 >= 707.42) AND col0 IS NULL) OR col0 > 228 ORDER BY 1 DESC,2
----
20 values hashing to 7e7c5f3c08c3c1ac89f33c89a0e42d7c

query II valuesort label-1810
SELECT pk, col0 FROM tab0 WHERE (((col0 <= 67)) AND (col3 > 889) AND (col1 >= 603.20) AND col0 >= 253 AND col3 > 344 AND (col0 <= 749 AND col0 >= 760) AND (col1 = 304.42 AND col0 > 668 OR col1 <= 733.39) OR col3 >= 779 AND col0 = 63 OR col0 < 933 AND ((col0 <= 497)) OR (col4 >= 707.42) AND col0 IS NULL) OR col0 > 228 ORDER BY 1,2
----
20 values hashing to 7e7c5f3c08c3c1ac89f33c89a0e42d7c

query II valuesort label-1810
SELECT pk, col0 FROM tab1 WHERE (((col0 <= 67)) AND (col3 > 889) AND (col1 >= 603.20) AND col0 >= 253 AND col3 > 344 AND (col0 <= 749 AND col0 >= 760) AND (col1 = 304.42 AND col0 > 668 OR col1 <= 733.39) OR col3 >= 779 AND col0 = 63 OR col0 < 933 AND ((col0 <= 497)) OR (col4 >= 707.42) AND col0 IS NULL) OR col0 > 228 ORDER BY 1,2
----
20 values hashing to 7e7c5f3c08c3c1ac89f33c89a0e42d7c

query II valuesort label-1810
SELECT pk, col0 FROM tab2 WHERE (((col0 <= 67)) AND (col3 > 889) AND (col1 >= 603.20) AND col0 >= 253 AND col3 > 344 AND (col0 <= 749 AND col0 >= 760) AND (col1 = 304.42 AND col0 > 668 OR col1 <= 733.39) OR col3 >= 779 AND col0 = 63 OR col0 < 933 AND ((col0 <= 497)) OR (col4 >= 707.42) AND col0 IS NULL) OR col0 > 228 ORDER BY 1,2
----
20 values hashing to 7e7c5f3c08c3c1ac89f33c89a0e42d7c

query II valuesort label-1810
SELECT pk, col0 FROM tab3 WHERE (((col0 <= 67)) AND (col3 > 889) AND (col1 >= 603.20) AND col0 >= 253 AND col3 > 344 AND (col0 <= 749 AND col0 >= 760) AND (col1 = 304.42 AND col0 > 668 OR col1 <= 733.39) OR col3 >= 779 AND col0 = 63 OR col0 < 933 AND ((col0 <= 497)) OR (col4 >= 707.42) AND col0 IS NULL) OR col0 > 228 ORDER BY 1,2
----
20 values hashing to 7e7c5f3c08c3c1ac89f33c89a0e42d7c

query II valuesort label-1810
SELECT pk, col0 FROM tab4 WHERE (((col0 <= 67)) AND (col3 > 889) AND (col1 >= 603.20) AND col0 >= 253 AND col3 > 344 AND (col0 <= 749 AND col0 >= 760) AND (col1 = 304.42 AND col0 > 668 OR col1 <= 733.39) OR col3 >= 779 AND col0 = 63 OR col0 < 933 AND ((col0 <= 497)) OR (col4 >= 707.42) AND col0 IS NULL) OR col0 > 228 ORDER BY 1,2
----
20 values hashing to 7e7c5f3c08c3c1ac89f33c89a0e42d7c

query I valuesort label-1860
SELECT pk FROM tab0 WHERE col0 = 41 AND (col4 < 282.4) AND col4 > 940.67 ORDER BY 1 DESC
----

query I valuesort label-1860
SELECT pk FROM tab1 WHERE col0 = 41 AND (col4 < 282.4) AND col4 > 940.67 ORDER BY 1 DESC
----

query I valuesort label-1860
SELECT pk FROM tab2 WHERE col0 = 41 AND (col4 < 282.4) AND col4 > 940.67 ORDER BY 1 DESC
----

query I valuesort label-1860
SELECT pk FROM tab3 WHERE col0 = 41 AND (col4 < 282.4) AND col4 > 940.67 ORDER BY 1 DESC
----

query I valuesort label-1860
SELECT pk FROM tab4 WHERE col0 = 41 AND (col4 < 282.4) AND col4 > 940.67 ORDER BY 1 DESC
----

query I valuesort label-1860
SELECT pk FROM tab0 WHERE col0 = 41 AND (col4 < 282.4) AND col4 > 940.67 ORDER BY 1
----

query I valuesort label-1860
SELECT pk FROM tab1 WHERE col0 = 41 AND (col4 < 282.4) AND col4 > 940.67 ORDER BY 1
----

query I valuesort label-1860
SELECT pk FROM tab2 WHERE col0 = 41 AND (col4 < 282.4) AND col4 > 940.67 ORDER BY 1
----

query I valuesort label-1860
SELECT pk FROM tab3 WHERE col0 = 41 AND (col4 < 282.4) AND col4 > 940.67 ORDER BY 1
----

query I valuesort label-1860
SELECT pk FROM tab4 WHERE col0 = 41 AND (col4 < 282.4) AND col4 > 940.67 ORDER BY 1
----

query II valuesort label-1870
SELECT pk, col0 FROM tab0 WHERE col0 = 41 AND (col4 < 282.4) AND col4 > 940.67 ORDER BY 1 DESC
----

query II valuesort label-1870
SELECT pk, col0 FROM tab1 WHERE col0 = 41 AND (col4 < 282.4) AND col4 > 940.67 ORDER BY 1 DESC
----

query II valuesort label-1870
SELECT pk, col0 FROM tab2 WHERE col0 = 41 AND (col4 < 282.4) AND col4 > 940.67 ORDER BY 1 DESC
----

query II valuesort label-1870
SELECT pk, col0 FROM tab3 WHERE col0 = 41 AND (col4 < 282.4) AND col4 > 940.67 ORDER BY 1 DESC
----

query II valuesort label-1870
SELECT pk, col0 FROM tab4 WHERE col0 = 41 AND (col4 < 282.4) AND col4 > 940.67 ORDER BY 1 DESC
----

query II valuesort label-1870
SELECT pk, col0 FROM tab0 WHERE col0 = 41 AND (col4 < 282.4) AND col4 > 940.67 ORDER BY 2 DESC
----

query II valuesort label-1870
SELECT pk, col0 FROM tab1 WHERE col0 = 41 AND (col4 < 282.4) AND col4 > 940.67 ORDER BY 2 DESC
----

query II valuesort label-1870
SELECT pk, col0 FROM tab2 WHERE col0 = 41 AND (col4 < 282.4) AND col4 > 940.67 ORDER BY 2 DESC
----

query II valuesort label-1870
SELECT pk, col0 FROM tab3 WHERE col0 = 41 AND (col4 < 282.4) AND col4 > 940.67 ORDER BY 2 DESC
----

query II valuesort label-1870
SELECT pk, col0 FROM tab4 WHERE col0 = 41 AND (col4 < 282.4) AND col4 > 940.67 ORDER BY 2 DESC
----

query II valuesort label-1870
SELECT pk, col0 FROM tab0 WHERE col0 = 41 AND (col4 < 282.4) AND col4 > 940.67 ORDER BY 1
----

query II valuesort label-1870
SELECT pk, col0 FROM tab1 WHERE col0 = 41 AND (col4 < 282.4) AND col4 > 940.67 ORDER BY 1
----

query II valuesort label-1870
SELECT pk, col0 FROM tab2 WHERE col0 = 41 AND (col4 < 282.4) AND col4 > 940.67 ORDER BY 1
----

query II valuesort label-1870
SELECT pk, col0 FROM tab3 WHERE col0 = 41 AND (col4 < 282.4) AND col4 > 940.67 ORDER BY 1
----

query II valuesort label-1870
SELECT pk, col0 FROM tab4 WHERE col0 = 41 AND (col4 < 282.4) AND col4 > 940.67 ORDER BY 1
----

query II valuesort label-1870
SELECT pk, col0 FROM tab0 WHERE col0 = 41 AND (col4 < 282.4) AND col4 > 940.67 ORDER BY 2
----

query II valuesort label-1870
SELECT pk, col0 FROM tab1 WHERE col0 = 41 AND (col4 < 282.4) AND col4 > 940.67 ORDER BY 2
----

query II valuesort label-1870
SELECT pk, col0 FROM tab2 WHERE col0 = 41 AND (col4 < 282.4) AND col4 > 940.67 ORDER BY 2
----

query II valuesort label-1870
SELECT pk, col0 FROM tab3 WHERE col0 = 41 AND (col4 < 282.4) AND col4 > 940.67 ORDER BY 2
----

query II valuesort label-1870
SELECT pk, col0 FROM tab4 WHERE col0 = 41 AND (col4 < 282.4) AND col4 > 940.67 ORDER BY 2
----

query II valuesort label-1870
SELECT pk, col0 FROM tab0 WHERE col0 = 41 AND (col4 < 282.4) AND col4 > 940.67 ORDER BY 1 DESC,2 DESC
----

query II valuesort label-1870
SELECT pk, col0 FROM tab1 WHERE col0 = 41 AND (col4 < 282.4) AND col4 > 940.67 ORDER BY 1 DESC,2 DESC
----

query II valuesort label-1870
SELECT pk, col0 FROM tab2 WHERE col0 = 41 AND (col4 < 282.4) AND col4 > 940.67 ORDER BY 1 DESC,2 DESC
----

query II valuesort label-1870
SELECT pk, col0 FROM tab3 WHERE col0 = 41 AND (col4 < 282.4) AND col4 > 940.67 ORDER BY 1 DESC,2 DESC
----

query II valuesort label-1870
SELECT pk, col0 FROM tab4 WHERE col0 = 41 AND (col4 < 282.4) AND col4 > 940.67 ORDER BY 1 DESC,2 DESC
----

query II valuesort label-1870
SELECT pk, col0 FROM tab0 WHERE col0 = 41 AND (col4 < 282.4) AND col4 > 940.67 ORDER BY 1,2 DESC
----

query II valuesort label-1870
SELECT pk, col0 FROM tab1 WHERE col0 = 41 AND (col4 < 282.4) AND col4 > 940.67 ORDER BY 1,2 DESC
----

query II valuesort label-1870
SELECT pk, col0 FROM tab2 WHERE col0 = 41 AND (col4 < 282.4) AND col4 > 940.67 ORDER BY 1,2 DESC
----

query II valuesort label-1870
SELECT pk, col0 FROM tab3 WHERE col0 = 41 AND (col4 < 282.4) AND col4 > 940.67 ORDER BY 1,2 DESC
----

query II valuesort label-1870
SELECT pk, col0 FROM tab4 WHERE col0 = 41 AND (col4 < 282.4) AND col4 > 940.67 ORDER BY 1,2 DESC
----

query II valuesort label-1870
SELECT pk, col0 FROM tab0 WHERE col0 = 41 AND (col4 < 282.4) AND col4 > 940.67 ORDER BY 2 DESC,1
----

query II valuesort label-1870
SELECT pk, col0 FROM tab1 WHERE col0 = 41 AND (col4 < 282.4) AND col4 > 940.67 ORDER BY 2 DESC,1
----

query II valuesort label-1870
SELECT pk, col0 FROM tab2 WHERE col0 = 41 AND (col4 < 282.4) AND col4 > 940.67 ORDER BY 2 DESC,1
----

query II valuesort label-1870
SELECT pk, col0 FROM tab3 WHERE col0 = 41 AND (col4 < 282.4) AND col4 > 940.67 ORDER BY 2 DESC,1
----

query II valuesort label-1870
SELECT pk, col0 FROM tab4 WHERE col0 = 41 AND (col4 < 282.4) AND col4 > 940.67 ORDER BY 2 DESC,1
----

query II valuesort label-1870
SELECT pk, col0 FROM tab0 WHERE col0 = 41 AND (col4 < 282.4) AND col4 > 940.67 ORDER BY 2,1
----

query II valuesort label-1870
SELECT pk, col0 FROM tab1 WHERE col0 = 41 AND (col4 < 282.4) AND col4 > 940.67 ORDER BY 2,1
----

query II valuesort label-1870
SELECT pk, col0 FROM tab2 WHERE col0 = 41 AND (col4 < 282.4) AND col4 > 940.67 ORDER BY 2,1
----

query II valuesort label-1870
SELECT pk, col0 FROM tab3 WHERE col0 = 41 AND (col4 < 282.4) AND col4 > 940.67 ORDER BY 2,1
----

query II valuesort label-1870
SELECT pk, col0 FROM tab4 WHERE col0 = 41 AND (col4 < 282.4) AND col4 > 940.67 ORDER BY 2,1
----

query II valuesort label-1870
SELECT pk, col0 FROM tab0 WHERE col0 = 41 AND (col4 < 282.4) AND col4 > 940.67 ORDER BY 1 DESC,2
----

query II valuesort label-1870
SELECT pk, col0 FROM tab1 WHERE col0 = 41 AND (col4 < 282.4) AND col4 > 940.67 ORDER BY 1 DESC,2
----

query II valuesort label-1870
SELECT pk, col0 FROM tab2 WHERE col0 = 41 AND (col4 < 282.4) AND col4 > 940.67 ORDER BY 1 DESC,2
----

query II valuesort label-1870
SELECT pk, col0 FROM tab3 WHERE col0 = 41 AND (col4 < 282.4) AND col4 > 940.67 ORDER BY 1 DESC,2
----

query II valuesort label-1870
SELECT pk, col0 FROM tab4 WHERE col0 = 41 AND (col4 < 282.4) AND col4 > 940.67 ORDER BY 1 DESC,2
----

query II valuesort label-1870
SELECT pk, col0 FROM tab0 WHERE col0 = 41 AND (col4 < 282.4) AND col4 > 940.67 ORDER BY 1,2
----

query II valuesort label-1870
SELECT pk, col0 FROM tab1 WHERE col0 = 41 AND (col4 < 282.4) AND col4 > 940.67 ORDER BY 1,2
----

query II valuesort label-1870
SELECT pk, col0 FROM tab2 WHERE col0 = 41 AND (col4 < 282.4) AND col4 > 940.67 ORDER BY 1,2
----

query II valuesort label-1870
SELECT pk, col0 FROM tab3 WHERE col0 = 41 AND (col4 < 282.4) AND col4 > 940.67 ORDER BY 1,2
----

query II valuesort label-1870
SELECT pk, col0 FROM tab4 WHERE col0 = 41 AND (col4 < 282.4) AND col4 > 940.67 ORDER BY 1,2
----

query I valuesort label-1920
SELECT pk FROM tab0 WHERE ((col3 >= 681) OR col3 >= 183 OR col3 >= 596) AND ((col0 = 441)) OR (col0 >= 102 AND ((col0 < 93)) AND col0 >= 802 AND ((col0 >= 673)) OR col0 < 476) AND col0 > 79 ORDER BY 1 DESC
----
3
5
9

query I valuesort label-1920
SELECT pk FROM tab1 WHERE ((col3 >= 681) OR col3 >= 183 OR col3 >= 596) AND ((col0 = 441)) OR (col0 >= 102 AND ((col0 < 93)) AND col0 >= 802 AND ((col0 >= 673)) OR col0 < 476) AND col0 > 79 ORDER BY 1 DESC
----
3
5
9

query I valuesort label-1920
SELECT pk FROM tab2 WHERE ((col3 >= 681) OR col3 >= 183 OR col3 >= 596) AND ((col0 = 441)) OR (col0 >= 102 AND ((col0 < 93)) AND col0 >= 802 AND ((col0 >= 673)) OR col0 < 476) AND col0 > 79 ORDER BY 1 DESC
----
3
5
9

query I valuesort label-1920
SELECT pk FROM tab3 WHERE ((col3 >= 681) OR col3 >= 183 OR col3 >= 596) AND ((col0 = 441)) OR (col0 >= 102 AND ((col0 < 93)) AND col0 >= 802 AND ((col0 >= 673)) OR col0 < 476) AND col0 > 79 ORDER BY 1 DESC
----
3
5
9

query I valuesort label-1920
SELECT pk FROM tab4 WHERE ((col3 >= 681) OR col3 >= 183 OR col3 >= 596) AND ((col0 = 441)) OR (col0 >= 102 AND ((col0 < 93)) AND col0 >= 802 AND ((col0 >= 673)) OR col0 < 476) AND col0 > 79 ORDER BY 1 DESC
----
3
5
9

query I valuesort label-1920
SELECT pk FROM tab0 WHERE ((col3 >= 681) OR col3 >= 183 OR col3 >= 596) AND ((col0 = 441)) OR (col0 >= 102 AND ((col0 < 93)) AND col0 >= 802 AND ((col0 >= 673)) OR col0 < 476) AND col0 > 79 ORDER BY 1
----
3
5
9

query I valuesort label-1920
SELECT pk FROM tab1 WHERE ((col3 >= 681) OR col3 >= 183 OR col3 >= 596) AND ((col0 = 441)) OR (col0 >= 102 AND ((col0 < 93)) AND col0 >= 802 AND ((col0 >= 673)) OR col0 < 476) AND col0 > 79 ORDER BY 1
----
3
5
9

query I valuesort label-1920
SELECT pk FROM tab2 WHERE ((col3 >= 681) OR col3 >= 183 OR col3 >= 596) AND ((col0 = 441)) OR (col0 >= 102 AND ((col0 < 93)) AND col0 >= 802 AND ((col0 >= 673)) OR col0 < 476) AND col0 > 79 ORDER BY 1
----
3
5
9

query I valuesort label-1920
SELECT pk FROM tab3 WHERE ((col3 >= 681) OR col3 >= 183 OR col3 >= 596) AND ((col0 = 441)) OR (col0 >= 102 AND ((col0 < 93)) AND col0 >= 802 AND ((col0 >= 673)) OR col0 < 476) AND col0 > 79 ORDER BY 1
----
3
5
9

query I valuesort label-1920
SELECT pk FROM tab4 WHERE ((col3 >= 681) OR col3 >= 183 OR col3 >= 596) AND ((col0 = 441)) OR (col0 >= 102 AND ((col0 < 93)) AND col0 >= 802 AND ((col0 >= 673)) OR col0 < 476) AND col0 > 79 ORDER BY 1
----
3
5
9

query II valuesort label-1930
SELECT pk, col0 FROM tab0 WHERE ((col3 >= 681) OR col3 >= 183 OR col3 >= 596) AND ((col0 = 441)) OR (col0 >= 102 AND ((col0 < 93)) AND col0 >= 802 AND ((col0 >= 673)) OR col0 < 476) AND col0 > 79 ORDER BY 1 DESC
----
297
3
309
345
5
9

query II valuesort label-1930
SELECT pk, col0 FROM tab1 WHERE ((col3 >= 681) OR col3 >= 183 OR col3 >= 596) AND ((col0 = 441)) OR (col0 >= 102 AND ((col0 < 93)) AND col0 >= 802 AND ((col0 >= 673)) OR col0 < 476) AND col0 > 79 ORDER BY 1 DESC
----
297
3
309
345
5
9

query II valuesort label-1930
SELECT pk, col0 FROM tab2 WHERE ((col3 >= 681) OR col3 >= 183 OR col3 >= 596) AND ((col0 = 441)) OR (col0 >= 102 AND ((col0 < 93)) AND col0 >= 802 AND ((col0 >= 673)) OR col0 < 476) AND col0 > 79 ORDER BY 1 DESC
----
297
3
309
345
5
9

query II valuesort label-1930
SELECT pk, col0 FROM tab3 WHERE ((col3 >= 681) OR col3 >= 183 OR col3 >= 596) AND ((col0 = 441)) OR (col0 >= 102 AND ((col0 < 93)) AND col0 >= 802 AND ((col0 >= 673)) OR col0 < 476) AND col0 > 79 ORDER BY 1 DESC
----
297
3
309
345
5
9

query II valuesort label-1930
SELECT pk, col0 FROM tab4 WHERE ((col3 >= 681) OR col3 >= 183 OR col3 >= 596) AND ((col0 = 441)) OR (col0 >= 102 AND ((col0 < 93)) AND col0 >= 802 AND ((col0 >= 673)) OR col0 < 476) AND col0 > 79 ORDER BY 1 DESC
----
297
3
309
345
5
9

query II valuesort label-1930
SELECT pk, col0 FROM tab0 WHERE ((col3 >= 681) OR col3 >= 183 OR col3 >= 596) AND ((col0 = 441)) OR (col0 >= 102 AND ((col0 < 93)) AND col0 >= 802 AND ((col0 >= 673)) OR col0 < 476) AND col0 > 79 ORDER BY 2 DESC
----
297
3
309
345
5
9

query II valuesort label-1930
SELECT pk, col0 FROM tab1 WHERE ((col3 >= 681) OR col3 >= 183 OR col3 >= 596) AND ((col0 = 441)) OR (col0 >= 102 AND ((col0 < 93)) AND col0 >= 802 AND ((col0 >= 673)) OR col0 < 476) AND col0 > 79 ORDER BY 2 DESC
----
297
3
309
345
5
9

query II valuesort label-1930
SELECT pk, col0 FROM tab2 WHERE ((col3 >= 681) OR col3 >= 183 OR col3 >= 596) AND ((col0 = 441)) OR (col0 >= 102 AND ((col0 < 93)) AND col0 >= 802 AND ((col0 >= 673)) OR col0 < 476) AND col0 > 79 ORDER BY 2 DESC
----
297
3
309
345
5
9

query II valuesort label-1930
SELECT pk, col0 FROM tab3 WHERE ((col3 >= 681) OR col3 >= 183 OR col3 >= 596) AND ((col0 = 441)) OR (col0 >= 102 AND ((col0 < 93)) AND col0 >= 802 AND ((col0 >= 673)) OR col0 < 476) AND col0 > 79 ORDER BY 2 DESC
----
297
3
309
345
5
9

query II valuesort label-1930
SELECT pk, col0 FROM tab4 WHERE ((col3 >= 681) OR col3 >= 183 OR col3 >= 596) AND ((col0 = 441)) OR (col0 >= 102 AND ((col0 < 93)) AND col0 >= 802 AND ((col0 >= 673)) OR col0 < 476) AND col0 > 79 ORDER BY 2 DESC
----
297
3
309
345
5
9

query II valuesort label-1930
SELECT pk, col0 FROM tab0 WHERE ((col3 >= 681) OR col3 >= 183 OR col3 >= 596) AND ((col0 = 441)) OR (col0 >= 102 AND ((col0 < 93)) AND col0 >= 802 AND ((col0 >= 673)) OR col0 < 476) AND col0 > 79 ORDER BY 1
----
297
3
309
345
5
9

query II valuesort label-1930
SELECT pk, col0 FROM tab1 WHERE ((col3 >= 681) OR col3 >= 183 OR col3 >= 596) AND ((col0 = 441)) OR (col0 >= 102 AND ((col0 < 93)) AND col0 >= 802 AND ((col0 >= 673)) OR col0 < 476) AND col0 > 79 ORDER BY 1
----
297
3
309
345
5
9

query II valuesort label-1930
SELECT pk, col0 FROM tab2 WHERE ((col3 >= 681) OR col3 >= 183 OR col3 >= 596) AND ((col0 = 441)) OR (col0 >= 102 AND ((col0 < 93)) AND col0 >= 802 AND ((col0 >= 673)) OR col0 < 476) AND col0 > 79 ORDER BY 1
----
297
3
309
345
5
9

query II valuesort label-1930
SELECT pk, col0 FROM tab3 WHERE ((col3 >= 681) OR col3 >= 183 OR col3 >= 596) AND ((col0 = 441)) OR (col0 >= 102 AND ((col0 < 93)) AND col0 >= 802 AND ((col0 >= 673)) OR col0 < 476) AND col0 > 79 ORDER BY 1
----
297
3
309
345
5
9

query II valuesort label-1930
SELECT pk, col0 FROM tab4 WHERE ((col3 >= 681) OR col3 >= 183 OR col3 >= 596) AND ((col0 = 441)) OR (col0 >= 102 AND ((col0 < 93)) AND col0 >= 802 AND ((col0 >= 673)) OR col0 < 476) AND col0 > 79 ORDER BY 1
----
297
3
309
345
5
9

query II valuesort label-1930
SELECT pk, col0 FROM tab0 WHERE ((col3 >= 681) OR col3 >= 183 OR col3 >= 596) AND ((col0 = 441)) OR (col0 >= 102 AND ((col0 < 93)) AND col0 >= 802 AND ((col0 >= 673)) OR col0 < 476) AND col0 > 79 ORDER BY 2
----
297
3
309
345
5
9

query II valuesort label-1930
SELECT pk, col0 FROM tab1 WHERE ((col3 >= 681) OR col3 >= 183 OR col3 >= 596) AND ((col0 = 441)) OR (col0 >= 102 AND ((col0 < 93)) AND col0 >= 802 AND ((col0 >= 673)) OR col0 < 476) AND col0 > 79 ORDER BY 2
----
297
3
309
345
5
9

query II valuesort label-1930
SELECT pk, col0 FROM tab2 WHERE ((col3 >= 681) OR col3 >= 183 OR col3 >= 596) AND ((col0 = 441)) OR (col0 >= 102 AND ((col0 < 93)) AND col0 >= 802 AND ((col0 >= 673)) OR col0 < 476) AND col0 > 79 ORDER BY 2
----
297
3
309
345
5
9

query II valuesort label-1930
SELECT pk, col0 FROM tab3 WHERE ((col3 >= 681) OR col3 >= 183 OR col3 >= 596) AND ((col0 = 441)) OR (col0 >= 102 AND ((col0 < 93)) AND col0 >= 802 AND ((col0 >= 673)) OR col0 < 476) AND col0 > 79 ORDER BY 2
----
297
3
309
345
5
9

query II valuesort label-1930
SELECT pk, col0 FROM tab4 WHERE ((col3 >= 681) OR col3 >= 183 OR col3 >= 596) AND ((col0 = 441)) OR (col0 >= 102 AND ((col0 < 93)) AND col0 >= 802 AND ((col0 >= 673)) OR col0 < 476) AND col0 > 79 ORDER BY 2
----
297
3
309
345
5
9

query II valuesort label-1930
SELECT pk, col0 FROM tab0 WHERE ((col3 >= 681) OR col3 >= 183 OR col3 >= 596) AND ((col0 = 441)) OR (col0 >= 102 AND ((col0 < 93)) AND col0 >= 802 AND ((col0 >= 673)) OR col0 < 476) AND col0 > 79 ORDER BY 1 DESC,2 DESC
----
297
3
309
345
5
9

query II valuesort label-1930
SELECT pk, col0 FROM tab1 WHERE ((col3 >= 681) OR col3 >= 183 OR col3 >= 596) AND ((col0 = 441)) OR (col0 >= 102 AND ((col0 < 93)) AND col0 >= 802 AND ((col0 >= 673)) OR col0 < 476) AND col0 > 79 ORDER BY 1 DESC,2 DESC
----
297
3
309
345
5
9

query II valuesort label-1930
SELECT pk, col0 FROM tab2 WHERE ((col3 >= 681) OR col3 >= 183 OR col3 >= 596) AND ((col0 = 441)) OR (col0 >= 102 AND ((col0 < 93)) AND col0 >= 802 AND ((col0 >= 673)) OR col0 < 476) AND col0 > 79 ORDER BY 1 DESC,2 DESC
----
297
3
309
345
5
9

query II valuesort label-1930
SELECT pk, col0 FROM tab3 WHERE ((col3 >= 681) OR col3 >= 183 OR col3 >= 596) AND ((col0 = 441)) OR (col0 >= 102 AND ((col0 < 93)) AND col0 >= 802 AND ((col0 >= 673)) OR col0 < 476) AND col0 > 79 ORDER BY 1 DESC,2 DESC
----
297
3
309
345
5
9

query II valuesort label-1930
SELECT pk, col0 FROM tab4 WHERE ((col3 >= 681) OR col3 >= 183 OR col3 >= 596) AND ((col0 = 441)) OR (col0 >= 102 AND ((col0 < 93)) AND col0 >= 802 AND ((col0 >= 673)) OR col0 < 476) AND col0 > 79 ORDER BY 1 DESC,2 DESC
----
297
3
309
345
5
9

query II valuesort label-1930
SELECT pk, col0 FROM tab0 WHERE ((col3 >= 681) OR col3 >= 183 OR col3 >= 596) AND ((col0 = 441)) OR (col0 >= 102 AND ((col0 < 93)) AND col0 >= 802 AND ((col0 >= 673)) OR col0 < 476) AND col0 > 79 ORDER BY 1,2 DESC
----
297
3
309
345
5
9

query II valuesort label-1930
SELECT pk, col0 FROM tab1 WHERE ((col3 >= 681) OR col3 >= 183 OR col3 >= 596) AND ((col0 = 441)) OR (col0 >= 102 AND ((col0 < 93)) AND col0 >= 802 AND ((col0 >= 673)) OR col0 < 476) AND col0 > 79 ORDER BY 1,2 DESC
----
297
3
309
345
5
9

query II valuesort label-1930
SELECT pk, col0 FROM tab2 WHERE ((col3 >= 681) OR col3 >= 183 OR col3 >= 596) AND ((col0 = 441)) OR (col0 >= 102 AND ((col0 < 93)) AND col0 >= 802 AND ((col0 >= 673)) OR col0 < 476) AND col0 > 79 ORDER BY 1,2 DESC
----
297
3
309
345
5
9

query II valuesort label-1930
SELECT pk, col0 FROM tab3 WHERE ((col3 >= 681) OR col3 >= 183 OR col3 >= 596) AND ((col0 = 441)) OR (col0 >= 102 AND ((col0 < 93)) AND col0 >= 802 AND ((col0 >= 673)) OR col0 < 476) AND col0 > 79 ORDER BY 1,2 DESC
----
297
3
309
345
5
9

query II valuesort label-1930
SELECT pk, col0 FROM tab4 WHERE ((col3 >= 681) OR col3 >= 183 OR col3 >= 596) AND ((col0 = 441)) OR (col0 >= 102 AND ((col0 < 93)) AND col0 >= 802 AND ((col0 >= 673)) OR col0 < 476) AND col0 > 79 ORDER BY 1,2 DESC
----
297
3
309
345
5
9

query II valuesort label-1930
SELECT pk, col0 FROM tab0 WHERE ((col3 >= 681) OR col3 >= 183 OR col3 >= 596) AND ((col0 = 441)) OR (col0 >= 102 AND ((col0 < 93)) AND col0 >= 802 AND ((col0 >= 673)) OR col0 < 476) AND col0 > 79 ORDER BY 2 DESC,1
----
297
3
309
345
5
9

query II valuesort label-1930
SELECT pk, col0 FROM tab1 WHERE ((col3 >= 681) OR col3 >= 183 OR col3 >= 596) AND ((col0 = 441)) OR (col0 >= 102 AND ((col0 < 93)) AND col0 >= 802 AND ((col0 >= 673)) OR col0 < 476) AND col0 > 79 ORDER BY 2 DESC,1
----
297
3
309
345
5
9

query II valuesort label-1930
SELECT pk, col0 FROM tab2 WHERE ((col3 >= 681) OR col3 >= 183 OR col3 >= 596) AND ((col0 = 441)) OR (col0 >= 102 AND ((col0 < 93)) AND col0 >= 802 AND ((col0 >= 673)) OR col0 < 476) AND col0 > 79 ORDER BY 2 DESC,1
----
297
3
309
345
5
9

query II valuesort label-1930
SELECT pk, col0 FROM tab3 WHERE ((col3 >= 681) OR col3 >= 183 OR col3 >= 596) AND ((col0 = 441)) OR (col0 >= 102 AND ((col0 < 93)) AND col0 >= 802 AND ((col0 >= 673)) OR col0 < 476) AND col0 > 79 ORDER BY 2 DESC,1
----
297
3
309
345
5
9

query II valuesort label-1930
SELECT pk, col0 FROM tab4 WHERE ((col3 >= 681) OR col3 >= 183 OR col3 >= 596) AND ((col0 = 441)) OR (col0 >= 102 AND ((col0 < 93)) AND col0 >= 802 AND ((col0 >= 673)) OR col0 < 476) AND col0 > 79 ORDER BY 2 DESC,1
----
297
3
309
345
5
9

query II valuesort label-1930
SELECT pk, col0 FROM tab0 WHERE ((col3 >= 681) OR col3 >= 183 OR col3 >= 596) AND ((col0 = 441)) OR (col0 >= 102 AND ((col0 < 93)) AND col0 >= 802 AND ((col0 >= 673)) OR col0 < 476) AND col0 > 79 ORDER BY 2,1
----
297
3
309
345
5
9

query II valuesort label-1930
SELECT pk, col0 FROM tab1 WHERE ((col3 >= 681) OR col3 >= 183 OR col3 >= 596) AND ((col0 = 441)) OR (col0 >= 102 AND ((col0 < 93)) AND col0 >= 802 AND ((col0 >= 673)) OR col0 < 476) AND col0 > 79 ORDER BY 2,1
----
297
3
309
345
5
9

query II valuesort label-1930
SELECT pk, col0 FROM tab2 WHERE ((col3 >= 681) OR col3 >= 183 OR col3 >= 596) AND ((col0 = 441)) OR (col0 >= 102 AND ((col0 < 93)) AND col0 >= 802 AND ((col0 >= 673)) OR col0 < 476) AND col0 > 79 ORDER BY 2,1
----
297
3
309
345
5
9

query II valuesort label-1930
SELECT pk, col0 FROM tab3 WHERE ((col3 >= 681) OR col3 >= 183 OR col3 >= 596) AND ((col0 = 441)) OR (col0 >= 102 AND ((col0 < 93)) AND col0 >= 802 AND ((col0 >= 673)) OR col0 < 476) AND col0 > 79 ORDER BY 2,1
----
297
3
309
345
5
9

query II valuesort label-1930
SELECT pk, col0 FROM tab4 WHERE ((col3 >= 681) OR col3 >= 183 OR col3 >= 596) AND ((col0 = 441)) OR (col0 >= 102 AND ((col0 < 93)) AND col0 >= 802 AND ((col0 >= 673)) OR col0 < 476) AND col0 > 79 ORDER BY 2,1
----
297
3
309
345
5
9

query II valuesort label-1930
SELECT pk, col0 FROM tab0 WHERE ((col3 >= 681) OR col3 >= 183 OR col3 >= 596) AND ((col0 = 441)) OR (col0 >= 102 AND ((col0 < 93)) AND col0 >= 802 AND ((col0 >= 673)) OR col0 < 476) AND col0 > 79 ORDER BY 1 DESC,2
----
297
3
309
345
5
9

query II valuesort label-1930
SELECT pk, col0 FROM tab1 WHERE ((col3 >= 681) OR col3 >= 183 OR col3 >= 596) AND ((col0 = 441)) OR (col0 >= 102 AND ((col0 < 93)) AND col0 >= 802 AND ((col0 >= 673)) OR col0 < 476) AND col0 > 79 ORDER BY 1 DESC,2
----
297
3
309
345
5
9

query II valuesort label-1930
SELECT pk, col0 FROM tab2 WHERE ((col3 >= 681) OR col3 >= 183 OR col3 >= 596) AND ((col0 = 441)) OR (col0 >= 102 AND ((col0 < 93)) AND col0 >= 802 AND ((col0 >= 673)) OR col0 < 476) AND col0 > 79 ORDER BY 1 DESC,2
----
297
3
309
345
5
9

query II valuesort label-1930
SELECT pk, col0 FROM tab3 WHERE ((col3 >= 681) OR col3 >= 183 OR col3 >= 596) AND ((col0 = 441)) OR (col0 >= 102 AND ((col0 < 93)) AND col0 >= 802 AND ((col0 >= 673)) OR col0 < 476) AND col0 > 79 ORDER BY 1 DESC,2
----
297
3
309
345
5
9

query II valuesort label-1930
SELECT pk, col0 FROM tab4 WHERE ((col3 >= 681) OR col3 >= 183 OR col3 >= 596) AND ((col0 = 441)) OR (col0 >= 102 AND ((col0 < 93)) AND col0 >= 802 AND ((col0 >= 673)) OR col0 < 476) AND col0 > 79 ORDER BY 1 DESC,2
----
297
3
309
345
5
9

query II valuesort label-1930
SELECT pk, col0 FROM tab0 WHERE ((col3 >= 681) OR col3 >= 183 OR col3 >= 596) AND ((col0 = 441)) OR (col0 >= 102 AND ((col0 < 93)) AND col0 >= 802 AND ((col0 >= 673)) OR col0 < 476) AND col0 > 79 ORDER BY 1,2
----
297
3
309
345
5
9

query II valuesort label-1930
SELECT pk, col0 FROM tab1 WHERE ((col3 >= 681) OR col3 >= 183 OR col3 >= 596) AND ((col0 = 441)) OR (col0 >= 102 AND ((col0 < 93)) AND col0 >= 802 AND ((col0 >= 673)) OR col0 < 476) AND col0 > 79 ORDER BY 1,2
----
297
3
309
345
5
9

query II valuesort label-1930
SELECT pk, col0 FROM tab2 WHERE ((col3 >= 681) OR col3 >= 183 OR col3 >= 596) AND ((col0 = 441)) OR (col0 >= 102 AND ((col0 < 93)) AND col0 >= 802 AND ((col0 >= 673)) OR col0 < 476) AND col0 > 79 ORDER BY 1,2
----
297
3
309
345
5
9

query II valuesort label-1930
SELECT pk, col0 FROM tab3 WHERE ((col3 >= 681) OR col3 >= 183 OR col3 >= 596) AND ((col0 = 441)) OR (col0 >= 102 AND ((col0 < 93)) AND col0 >= 802 AND ((col0 >= 673)) OR col0 < 476) AND col0 > 79 ORDER BY 1,2
----
297
3
309
345
5
9

query II valuesort label-1930
SELECT pk, col0 FROM tab4 WHERE ((col3 >= 681) OR col3 >= 183 OR col3 >= 596) AND ((col0 = 441)) OR (col0 >= 102 AND ((col0 < 93)) AND col0 >= 802 AND ((col0 >= 673)) OR col0 < 476) AND col0 > 79 ORDER BY 1,2
----
297
3
309
345
5
9

query I valuesort label-1980
SELECT pk FROM tab0 WHERE (col0 >= 28) ORDER BY 1 DESC
----
10 values hashing to e20b902b49a98b1a05ed62804c757f94

query I valuesort label-1980
SELECT pk FROM tab1 WHERE (col0 >= 28) ORDER BY 1 DESC
----
10 values hashing to e20b902b49a98b1a05ed62804c757f94

query I valuesort label-1980
SELECT pk FROM tab2 WHERE (col0 >= 28) ORDER BY 1 DESC
----
10 values hashing to e20b902b49a98b1a05ed62804c757f94

query I valuesort label-1980
SELECT pk FROM tab3 WHERE (col0 >= 28) ORDER BY 1 DESC
----
10 values hashing to e20b902b49a98b1a05ed62804c757f94

query I valuesort label-1980
SELECT pk FROM tab4 WHERE (col0 >= 28) ORDER BY 1 DESC
----
10 values hashing to e20b902b49a98b1a05ed62804c757f94

query I valuesort label-1980
SELECT pk FROM tab0 WHERE (col0 >= 28) ORDER BY 1
----
10 values hashing to e20b902b49a98b1a05ed62804c757f94

query I valuesort label-1980
SELECT pk FROM tab1 WHERE (col0 >= 28) ORDER BY 1
----
10 values hashing to e20b902b49a98b1a05ed62804c757f94

query I valuesort label-1980
SELECT pk FROM tab2 WHERE (col0 >= 28) ORDER BY 1
----
10 values hashing to e20b902b49a98b1a05ed62804c757f94

query I valuesort label-1980
SELECT pk FROM tab3 WHERE (col0 >= 28) ORDER BY 1
----
10 values hashing to e20b902b49a98b1a05ed62804c757f94

query I valuesort label-1980
SELECT pk FROM tab4 WHERE (col0 >= 28) ORDER BY 1
----
10 values hashing to e20b902b49a98b1a05ed62804c757f94

query II valuesort label-1990
SELECT pk, col0 FROM tab0 WHERE (col0 >= 28) ORDER BY 1 DESC
----
20 values hashing to 7e7c5f3c08c3c1ac89f33c89a0e42d7c

query II valuesort label-1990
SELECT pk, col0 FROM tab1 WHERE (col0 >= 28) ORDER BY 1 DESC
----
20 values hashing to 7e7c5f3c08c3c1ac89f33c89a0e42d7c

query II valuesort label-1990
SELECT pk, col0 FROM tab2 WHERE (col0 >= 28) ORDER BY 1 DESC
----
20 values hashing to 7e7c5f3c08c3c1ac89f33c89a0e42d7c

query II valuesort label-1990
SELECT pk, col0 FROM tab3 WHERE (col0 >= 28) ORDER BY 1 DESC
----
20 values hashing to 7e7c5f3c08c3c1ac89f33c89a0e42d7c

query II valuesort label-1990
SELECT pk, col0 FROM tab4 WHERE (col0 >= 28) ORDER BY 1 DESC
----
20 values hashing to 7e7c5f3c08c3c1ac89f33c89a0e42d7c

query II valuesort label-1990
SELECT pk, col0 FROM tab0 WHERE (col0 >= 28) ORDER BY 2 DESC
----
20 values hashing to 7e7c5f3c08c3c1ac89f33c89a0e42d7c

query II valuesort label-1990
SELECT pk, col0 FROM tab1 WHERE (col0 >= 28) ORDER BY 2 DESC
----
20 values hashing to 7e7c5f3c08c3c1ac89f33c89a0e42d7c

query II valuesort label-1990
SELECT pk, col0 FROM tab2 WHERE (col0 >= 28) ORDER BY 2 DESC
----
20 values hashing to 7e7c5f3c08c3c1ac89f33c89a0e42d7c

query II valuesort label-1990
SELECT pk, col0 FROM tab3 WHERE (col0 >= 28) ORDER BY 2 DESC
----
20 values hashing to 7e7c5f3c08c3c1ac89f33c89a0e42d7c

query II valuesort label-1990
SELECT pk, col0 FROM tab4 WHERE (col0 >= 28) ORDER BY 2 DESC
----
20 values hashing to 7e7c5f3c08c3c1ac89f33c89a0e42d7c

query II valuesort label-1990
SELECT pk, col0 FROM tab0 WHERE (col0 >= 28) ORDER BY 1
----
20 values hashing to 7e7c5f3c08c3c1ac89f33c89a0e42d7c

query II valuesort label-1990
SELECT pk, col0 FROM tab1 WHERE (col0 >= 28) ORDER BY 1
----
20 values hashing to 7e7c5f3c08c3c1ac89f33c89a0e42d7c

query II valuesort label-1990
SELECT pk, col0 FROM tab2 WHERE (col0 >= 28) ORDER BY 1
----
20 values hashing to 7e7c5f3c08c3c1ac89f33c89a0e42d7c

query II valuesort label-1990
SELECT pk, col0 FROM tab3 WHERE (col0 >= 28) ORDER BY 1
----
20 values hashing to 7e7c5f3c08c3c1ac89f33c89a0e42d7c

query II valuesort label-1990
SELECT pk, col0 FROM tab4 WHERE (col0 >= 28) ORDER BY 1
----
20 values hashing to 7e7c5f3c08c3c1ac89f33c89a0e42d7c

query II valuesort label-1990
SELECT pk, col0 FROM tab0 WHERE (col0 >= 28) ORDER BY 2
----
20 values hashing to 7e7c5f3c08c3c1ac89f33c89a0e42d7c

query II valuesort label-1990
SELECT pk, col0 FROM tab1 WHERE (col0 >= 28) ORDER BY 2
----
20 values hashing to 7e7c5f3c08c3c1ac89f33c89a0e42d7c

query II valuesort label-1990
SELECT pk, col0 FROM tab2 WHERE (col0 >= 28) ORDER BY 2
----
20 values hashing to 7e7c5f3c08c3c1ac89f33c89a0e42d7c

query II valuesort label-1990
SELECT pk, col0 FROM tab3 WHERE (col0 >= 28) ORDER BY 2
----
20 values hashing to 7e7c5f3c08c3c1ac89f33c89a0e42d7c

query II valuesort label-1990
SELECT pk, col0 FROM tab4 WHERE (col0 >= 28) ORDER BY 2
----
20 values hashing to 7e7c5f3c08c3c1ac89f33c89a0e42d7c

query II valuesort label-1990
SELECT pk, col0 FROM tab0 WHERE (col0 >= 28) ORDER BY 1 DESC,2 DESC
----
20 values hashing to 7e7c5f3c08c3c1ac89f33c89a0e42d7c

query II valuesort label-1990
SELECT pk, col0 FROM tab1 WHERE (col0 >= 28) ORDER BY 1 DESC,2 DESC
----
20 values hashing to 7e7c5f3c08c3c1ac89f33c89a0e42d7c

query II valuesort label-1990
SELECT pk, col0 FROM tab2 WHERE (col0 >= 28) ORDER BY 1 DESC,2 DESC
----
20 values hashing to 7e7c5f3c08c3c1ac89f33c89a0e42d7c

query II valuesort label-1990
SELECT pk, col0 FROM tab3 WHERE (col0 >= 28) ORDER BY 1 DESC,2 DESC
----
20 values hashing to 7e7c5f3c08c3c1ac89f33c89a0e42d7c

query II valuesort label-1990
SELECT pk, col0 FROM tab4 WHERE (col0 >= 28) ORDER BY 1 DESC,2 DESC
----
20 values hashing to 7e7c5f3c08c3c1ac89f33c89a0e42d7c

query II valuesort label-1990
SELECT pk, col0 FROM tab0 WHERE (col0 >= 28) ORDER BY 1,2 DESC
----
20 values hashing to 7e7c5f3c08c3c1ac89f33c89a0e42d7c

query II valuesort label-1990
SELECT pk, col0 FROM tab1 WHERE (col0 >= 28) ORDER BY 1,2 DESC
----
20 values hashing to 7e7c5f3c08c3c1ac89f33c89a0e42d7c

query II valuesort label-1990
SELECT pk, col0 FROM tab2 WHERE (col0 >= 28) ORDER BY 1,2 DESC
----
20 values hashing to 7e7c5f3c08c3c1ac89f33c89a0e42d7c

query II valuesort label-1990
SELECT pk, col0 FROM tab3 WHERE (col0 >= 28) ORDER BY 1,2 DESC
----
20 values hashing to 7e7c5f3c08c3c1ac89f33c89a0e42d7c

query II valuesort label-1990
SELECT pk, col0 FROM tab4 WHERE (col0 >= 28) ORDER BY 1,2 DESC
----
20 values hashing to 7e7c5f3c08c3c1ac89f33c89a0e42d7c

query II valuesort label-1990
SELECT pk, col0 FROM tab0 WHERE (col0 >= 28) ORDER BY 2 DESC,1
----
20 values hashing to 7e7c5f3c08c3c1ac89f33c89a0e42d7c

query II valuesort label-1990
SELECT pk, col0 FROM tab1 WHERE (col0 >= 28) ORDER BY 2 DESC,1
----
20 values hashing to 7e7c5f3c08c3c1ac89f33c89a0e42d7c

query II valuesort label-1990
SELECT pk, col0 FROM tab2 WHERE (col0 >= 28) ORDER BY 2 DESC,1
----
20 values hashing to 7e7c5f3c08c3c1ac89f33c89a0e42d7c

query II valuesort label-1990
SELECT pk, col0 FROM tab3 WHERE (col0 >= 28) ORDER BY 2 DESC,1
----
20 values hashing to 7e7c5f3c08c3c1ac89f33c89a0e42d7c

query II valuesort label-1990
SELECT pk, col0 FROM tab4 WHERE (col0 >= 28) ORDER BY 2 DESC,1
----
20 values hashing to 7e7c5f3c08c3c1ac89f33c89a0e42d7c

query II valuesort label-1990
SELECT pk, col0 FROM tab0 WHERE (col0 >= 28) ORDER BY 2,1
----
20 values hashing to 7e7c5f3c08c3c1ac89f33c89a0e42d7c

query II valuesort label-1990
SELECT pk, col0 FROM tab1 WHERE (col0 >= 28) ORDER BY 2,1
----
20 values hashing to 7e7c5f3c08c3c1ac89f33c89a0e42d7c

query II valuesort label-1990
SELECT pk, col0 FROM tab2 WHERE (col0 >= 28) ORDER BY 2,1
----
20 values hashing to 7e7c5f3c08c3c1ac89f33c89a0e42d7c

query II valuesort label-1990
SELECT pk, col0 FROM tab3 WHERE (col0 >= 28) ORDER BY 2,1
----
20 values hashing to 7e7c5f3c08c3c1ac89f33c89a0e42d7c

query II valuesort label-1990
SELECT pk, col0 FROM tab4 WHERE (col0 >= 28) ORDER BY 2,1
----
20 values hashing to 7e7c5f3c08c3c1ac89f33c89a0e42d7c

query II valuesort label-1990
SELECT pk, col0 FROM tab0 WHERE (col0 >= 28) ORDER BY 1 DESC,2
----
20 values hashing to 7e7c5f3c08c3c1ac89f33c89a0e42d7c

query II valuesort label-1990
SELECT pk, col0 FROM tab1 WHERE (col0 >= 28) ORDER BY 1 DESC,2
----
20 values hashing to 7e7c5f3c08c3c1ac89f33c89a0e42d7c

query II valuesort label-1990
SELECT pk, col0 FROM tab2 WHERE (col0 >= 28) ORDER BY 1 DESC,2
----
20 values hashing to 7e7c5f3c08c3c1ac89f33c89a0e42d7c

query II valuesort label-1990
SELECT pk, col0 FROM tab3 WHERE (col0 >= 28) ORDER BY 1 DESC,2
----
20 values hashing to 7e7c5f3c08c3c1ac89f33c89a0e42d7c

query II valuesort label-1990
SELECT pk, col0 FROM tab4 WHERE (col0 >= 28) ORDER BY 1 DESC,2
----
20 values hashing to 7e7c5f3c08c3c1ac89f33c89a0e42d7c

query II valuesort label-1990
SELECT pk, col0 FROM tab0 WHERE (col0 >= 28) ORDER BY 1,2
----
20 values hashing to 7e7c5f3c08c3c1ac89f33c89a0e42d7c

query II valuesort label-1990
SELECT pk, col0 FROM tab1 WHERE (col0 >= 28) ORDER BY 1,2
----
20 values hashing to 7e7c5f3c08c3c1ac89f33c89a0e42d7c

query II valuesort label-1990
SELECT pk, col0 FROM tab2 WHERE (col0 >= 28) ORDER BY 1,2
----
20 values hashing to 7e7c5f3c08c3c1ac89f33c89a0e42d7c

query II valuesort label-1990
SELECT pk, col0 FROM tab3 WHERE (col0 >= 28) ORDER BY 1,2
----
20 values hashing to 7e7c5f3c08c3c1ac89f33c89a0e42d7c

query II valuesort label-1990
SELECT pk, col0 FROM tab4 WHERE (col0 >= 28) ORDER BY 1,2
----
20 values hashing to 7e7c5f3c08c3c1ac89f33c89a0e42d7c

query I valuesort label-2040
SELECT pk FROM tab0 WHERE (col3 < 771) AND col3 <= 247 AND col0 < 32 ORDER BY 1 DESC
----

query I valuesort label-2040
SELECT pk FROM tab1 WHERE (col3 < 771) AND col3 <= 247 AND col0 < 32 ORDER BY 1 DESC
----

query I valuesort label-2040
SELECT pk FROM tab2 WHERE (col3 < 771) AND col3 <= 247 AND col0 < 32 ORDER BY 1 DESC
----

query I valuesort label-2040
SELECT pk FROM tab3 WHERE (col3 < 771) AND col3 <= 247 AND col0 < 32 ORDER BY 1 DESC
----

query I valuesort label-2040
SELECT pk FROM tab4 WHERE (col3 < 771) AND col3 <= 247 AND col0 < 32 ORDER BY 1 DESC
----

query I valuesort label-2040
SELECT pk FROM tab0 WHERE (col3 < 771) AND col3 <= 247 AND col0 < 32 ORDER BY 1
----

query I valuesort label-2040
SELECT pk FROM tab1 WHERE (col3 < 771) AND col3 <= 247 AND col0 < 32 ORDER BY 1
----

query I valuesort label-2040
SELECT pk FROM tab2 WHERE (col3 < 771) AND col3 <= 247 AND col0 < 32 ORDER BY 1
----

query I valuesort label-2040
SELECT pk FROM tab3 WHERE (col3 < 771) AND col3 <= 247 AND col0 < 32 ORDER BY 1
----

query I valuesort label-2040
SELECT pk FROM tab4 WHERE (col3 < 771) AND col3 <= 247 AND col0 < 32 ORDER BY 1
----

query II valuesort label-2050
SELECT pk, col0 FROM tab0 WHERE (col3 < 771) AND col3 <= 247 AND col0 < 32 ORDER BY 1 DESC
----

query II valuesort label-2050
SELECT pk, col0 FROM tab1 WHERE (col3 < 771) AND col3 <= 247 AND col0 < 32 ORDER BY 1 DESC
----

query II valuesort label-2050
SELECT pk, col0 FROM tab2 WHERE (col3 < 771) AND col3 <= 247 AND col0 < 32 ORDER BY 1 DESC
----

query II valuesort label-2050
SELECT pk, col0 FROM tab3 WHERE (col3 < 771) AND col3 <= 247 AND col0 < 32 ORDER BY 1 DESC
----

query II valuesort label-2050
SELECT pk, col0 FROM tab4 WHERE (col3 < 771) AND col3 <= 247 AND col0 < 32 ORDER BY 1 DESC
----

query II valuesort label-2050
SELECT pk, col0 FROM tab0 WHERE (col3 < 771) AND col3 <= 247 AND col0 < 32 ORDER BY 2 DESC
----

query II valuesort label-2050
SELECT pk, col0 FROM tab1 WHERE (col3 < 771) AND col3 <= 247 AND col0 < 32 ORDER BY 2 DESC
----

query II valuesort label-2050
SELECT pk, col0 FROM tab2 WHERE (col3 < 771) AND col3 <= 247 AND col0 < 32 ORDER BY 2 DESC
----

query II valuesort label-2050
SELECT pk, col0 FROM tab3 WHERE (col3 < 771) AND col3 <= 247 AND col0 < 32 ORDER BY 2 DESC
----

query II valuesort label-2050
SELECT pk, col0 FROM tab4 WHERE (col3 < 771) AND col3 <= 247 AND col0 < 32 ORDER BY 2 DESC
----

query II valuesort label-2050
SELECT pk, col0 FROM tab0 WHERE (col3 < 771) AND col3 <= 247 AND col0 < 32 ORDER BY 1
----

query II valuesort label-2050
SELECT pk, col0 FROM tab1 WHERE (col3 < 771) AND col3 <= 247 AND col0 < 32 ORDER BY 1
----

query II valuesort label-2050
SELECT pk, col0 FROM tab2 WHERE (col3 < 771) AND col3 <= 247 AND col0 < 32 ORDER BY 1
----

query II valuesort label-2050
SELECT pk, col0 FROM tab3 WHERE (col3 < 771) AND col3 <= 247 AND col0 < 32 ORDER BY 1
----

query II valuesort label-2050
SELECT pk, col0 FROM tab4 WHERE (col3 < 771) AND col3 <= 247 AND col0 < 32 ORDER BY 1
----

query II valuesort label-2050
SELECT pk, col0 FROM tab0 WHERE (col3 < 771) AND col3 <= 247 AND col0 < 32 ORDER BY 2
----

query II valuesort label-2050
SELECT pk, col0 FROM tab1 WHERE (col3 < 771) AND col3 <= 247 AND col0 < 32 ORDER BY 2
----

query II valuesort label-2050
SELECT pk, col0 FROM tab2 WHERE (col3 < 771) AND col3 <= 247 AND col0 < 32 ORDER BY 2
----

query II valuesort label-2050
SELECT pk, col0 FROM tab3 WHERE (col3 < 771) AND col3 <= 247 AND col0 < 32 ORDER BY 2
----

query II valuesort label-2050
SELECT pk, col0 FROM tab4 WHERE (col3 < 771) AND col3 <= 247 AND col0 < 32 ORDER BY 2
----

query II valuesort label-2050
SELECT pk, col0 FROM tab0 WHERE (col3 < 771) AND col3 <= 247 AND col0 < 32 ORDER BY 1 DESC,2 DESC
----

query II valuesort label-2050
SELECT pk, col0 FROM tab1 WHERE (col3 < 771) AND col3 <= 247 AND col0 < 32 ORDER BY 1 DESC,2 DESC
----

query II valuesort label-2050
SELECT pk, col0 FROM tab2 WHERE (col3 < 771) AND col3 <= 247 AND col0 < 32 ORDER BY 1 DESC,2 DESC
----

query II valuesort label-2050
SELECT pk, col0 FROM tab3 WHERE (col3 < 771) AND col3 <= 247 AND col0 < 32 ORDER BY 1 DESC,2 DESC
----

query II valuesort label-2050
SELECT pk, col0 FROM tab4 WHERE (col3 < 771) AND col3 <= 247 AND col0 < 32 ORDER BY 1 DESC,2 DESC
----

query II valuesort label-2050
SELECT pk, col0 FROM tab0 WHERE (col3 < 771) AND col3 <= 247 AND col0 < 32 ORDER BY 1,2 DESC
----

query II valuesort label-2050
SELECT pk, col0 FROM tab1 WHERE (col3 < 771) AND col3 <= 247 AND col0 < 32 ORDER BY 1,2 DESC
----

query II valuesort label-2050
SELECT pk, col0 FROM tab2 WHERE (col3 < 771) AND col3 <= 247 AND col0 < 32 ORDER BY 1,2 DESC
----

query II valuesort label-2050
SELECT pk, col0 FROM tab3 WHERE (col3 < 771) AND col3 <= 247 AND col0 < 32 ORDER BY 1,2 DESC
----

query II valuesort label-2050
SELECT pk, col0 FROM tab4 WHERE (col3 < 771) AND col3 <= 247 AND col0 < 32 ORDER BY 1,2 DESC
----

query II valuesort label-2050
SELECT pk, col0 FROM tab0 WHERE (col3 < 771) AND col3 <= 247 AND col0 < 32 ORDER BY 2 DESC,1
----

query II valuesort label-2050
SELECT pk, col0 FROM tab1 WHERE (col3 < 771) AND col3 <= 247 AND col0 < 32 ORDER BY 2 DESC,1
----

query II valuesort label-2050
SELECT pk, col0 FROM tab2 WHERE (col3 < 771) AND col3 <= 247 AND col0 < 32 ORDER BY 2 DESC,1
----

query II valuesort label-2050
SELECT pk, col0 FROM tab3 WHERE (col3 < 771) AND col3 <= 247 AND col0 < 32 ORDER BY 2 DESC,1
----

query II valuesort label-2050
SELECT pk, col0 FROM tab4 WHERE (col3 < 771) AND col3 <= 247 AND col0 < 32 ORDER BY 2 DESC,1
----

query II valuesort label-2050
SELECT pk, col0 FROM tab0 WHERE (col3 < 771) AND col3 <= 247 AND col0 < 32 ORDER BY 2,1
----

query II valuesort label-2050
SELECT pk, col0 FROM tab1 WHERE (col3 < 771) AND col3 <= 247 AND col0 < 32 ORDER BY 2,1
----

query II valuesort label-2050
SELECT pk, col0 FROM tab2 WHERE (col3 < 771) AND col3 <= 247 AND col0 < 32 ORDER BY 2,1
----

query II valuesort label-2050
SELECT pk, col0 FROM tab3 WHERE (col3 < 771) AND col3 <= 247 AND col0 < 32 ORDER BY 2,1
----

query II valuesort label-2050
SELECT pk, col0 FROM tab4 WHERE (col3 < 771) AND col3 <= 247 AND col0 < 32 ORDER BY 2,1
----

query II valuesort label-2050
SELECT pk, col0 FROM tab0 WHERE (col3 < 771) AND col3 <= 247 AND col0 < 32 ORDER BY 1 DESC,2
----

query II valuesort label-2050
SELECT pk, col0 FROM tab1 WHERE (col3 < 771) AND col3 <= 247 AND col0 < 32 ORDER BY 1 DESC,2
----

query II valuesort label-2050
SELECT pk, col0 FROM tab2 WHERE (col3 < 771) AND col3 <= 247 AND col0 < 32 ORDER BY 1 DESC,2
----

query II valuesort label-2050
SELECT pk, col0 FROM tab3 WHERE (col3 < 771) AND col3 <= 247 AND col0 < 32 ORDER BY 1 DESC,2
----

query II valuesort label-2050
SELECT pk, col0 FROM tab4 WHERE (col3 < 771) AND col3 <= 247 AND col0 < 32 ORDER BY 1 DESC,2
----

query II valuesort label-2050
SELECT pk, col0 FROM tab0 WHERE (col3 < 771) AND col3 <= 247 AND col0 < 32 ORDER BY 1,2
----

query II valuesort label-2050
SELECT pk, col0 FROM tab1 WHERE (col3 < 771) AND col3 <= 247 AND col0 < 32 ORDER BY 1,2
----

query II valuesort label-2050
SELECT pk, col0 FROM tab2 WHERE (col3 < 771) AND col3 <= 247 AND col0 < 32 ORDER BY 1,2
----

query II valuesort label-2050
SELECT pk, col0 FROM tab3 WHERE (col3 < 771) AND col3 <= 247 AND col0 < 32 ORDER BY 1,2
----

query II valuesort label-2050
SELECT pk, col0 FROM tab4 WHERE (col3 < 771) AND col3 <= 247 AND col0 < 32 ORDER BY 1,2
----

query I valuesort label-2100
SELECT pk FROM tab0 WHERE ((((col3 < 707)))) ORDER BY 1 DESC
----
1
2
3
4
6
7
9

query I valuesort label-2100
SELECT pk FROM tab1 WHERE ((((col3 < 707)))) ORDER BY 1 DESC
----
1
2
3
4
6
7
9

query I valuesort label-2100
SELECT pk FROM tab2 WHERE ((((col3 < 707)))) ORDER BY 1 DESC
----
1
2
3
4
6
7
9

query I valuesort label-2100
SELECT pk FROM tab3 WHERE ((((col3 < 707)))) ORDER BY 1 DESC
----
1
2
3
4
6
7
9

query I valuesort label-2100
SELECT pk FROM tab4 WHERE ((((col3 < 707)))) ORDER BY 1 DESC
----
1
2
3
4
6
7
9

query I valuesort label-2100
SELECT pk FROM tab0 WHERE ((((col3 < 707)))) ORDER BY 1
----
1
2
3
4
6
7
9

query I valuesort label-2100
SELECT pk FROM tab1 WHERE ((((col3 < 707)))) ORDER BY 1
----
1
2
3
4
6
7
9

query I valuesort label-2100
SELECT pk FROM tab2 WHERE ((((col3 < 707)))) ORDER BY 1
----
1
2
3
4
6
7
9

query I valuesort label-2100
SELECT pk FROM tab3 WHERE ((((col3 < 707)))) ORDER BY 1
----
1
2
3
4
6
7
9

query I valuesort label-2100
SELECT pk FROM tab4 WHERE ((((col3 < 707)))) ORDER BY 1
----
1
2
3
4
6
7
9

query II valuesort label-2110
SELECT pk, col0 FROM tab0 WHERE ((((col3 < 707)))) ORDER BY 1 DESC
----
14 values hashing to e616529dffdaa77c240e4baae2f48a10

query II valuesort label-2110
SELECT pk, col0 FROM tab1 WHERE ((((col3 < 707)))) ORDER BY 1 DESC
----
14 values hashing to e616529dffdaa77c240e4baae2f48a10

query II valuesort label-2110
SELECT pk, col0 FROM tab2 WHERE ((((col3 < 707)))) ORDER BY 1 DESC
----
14 values hashing to e616529dffdaa77c240e4baae2f48a10

query II valuesort label-2110
SELECT pk, col0 FROM tab3 WHERE ((((col3 < 707)))) ORDER BY 1 DESC
----
14 values hashing to e616529dffdaa77c240e4baae2f48a10

query II valuesort label-2110
SELECT pk, col0 FROM tab4 WHERE ((((col3 < 707)))) ORDER BY 1 DESC
----
14 values hashing to e616529dffdaa77c240e4baae2f48a10

query II valuesort label-2110
SELECT pk, col0 FROM tab0 WHERE ((((col3 < 707)))) ORDER BY 2 DESC
----
14 values hashing to e616529dffdaa77c240e4baae2f48a10

query II valuesort label-2110
SELECT pk, col0 FROM tab1 WHERE ((((col3 < 707)))) ORDER BY 2 DESC
----
14 values hashing to e616529dffdaa77c240e4baae2f48a10

query II valuesort label-2110
SELECT pk, col0 FROM tab2 WHERE ((((col3 < 707)))) ORDER BY 2 DESC
----
14 values hashing to e616529dffdaa77c240e4baae2f48a10

query II valuesort label-2110
SELECT pk, col0 FROM tab3 WHERE ((((col3 < 707)))) ORDER BY 2 DESC
----
14 values hashing to e616529dffdaa77c240e4baae2f48a10

query II valuesort label-2110
SELECT pk, col0 FROM tab4 WHERE ((((col3 < 707)))) ORDER BY 2 DESC
----
14 values hashing to e616529dffdaa77c240e4baae2f48a10

query II valuesort label-2110
SELECT pk, col0 FROM tab0 WHERE ((((col3 < 707)))) ORDER BY 1
----
14 values hashing to e616529dffdaa77c240e4baae2f48a10

query II valuesort label-2110
SELECT pk, col0 FROM tab1 WHERE ((((col3 < 707)))) ORDER BY 1
----
14 values hashing to e616529dffdaa77c240e4baae2f48a10

query II valuesort label-2110
SELECT pk, col0 FROM tab2 WHERE ((((col3 < 707)))) ORDER BY 1
----
14 values hashing to e616529dffdaa77c240e4baae2f48a10

query II valuesort label-2110
SELECT pk, col0 FROM tab3 WHERE ((((col3 < 707)))) ORDER BY 1
----
14 values hashing to e616529dffdaa77c240e4baae2f48a10

query II valuesort label-2110
SELECT pk, col0 FROM tab4 WHERE ((((col3 < 707)))) ORDER BY 1
----
14 values hashing to e616529dffdaa77c240e4baae2f48a10

query II valuesort label-2110
SELECT pk, col0 FROM tab0 WHERE ((((col3 < 707)))) ORDER BY 2
----
14 values hashing to e616529dffdaa77c240e4baae2f48a10

query II valuesort label-2110
SELECT pk, col0 FROM tab1 WHERE ((((col3 < 707)))) ORDER BY 2
----
14 values hashing to e616529dffdaa77c240e4baae2f48a10

query II valuesort label-2110
SELECT pk, col0 FROM tab2 WHERE ((((col3 < 707)))) ORDER BY 2
----
14 values hashing to e616529dffdaa77c240e4baae2f48a10

query II valuesort label-2110
SELECT pk, col0 FROM tab3 WHERE ((((col3 < 707)))) ORDER BY 2
----
14 values hashing to e616529dffdaa77c240e4baae2f48a10

query II valuesort label-2110
SELECT pk, col0 FROM tab4 WHERE ((((col3 < 707)))) ORDER BY 2
----
14 values hashing to e616529dffdaa77c240e4baae2f48a10

query II valuesort label-2110
SELECT pk, col0 FROM tab0 WHERE ((((col3 < 707)))) ORDER BY 1 DESC,2 DESC
----
14 values hashing to e616529dffdaa77c240e4baae2f48a10

query II valuesort label-2110
SELECT pk, col0 FROM tab1 WHERE ((((col3 < 707)))) ORDER BY 1 DESC,2 DESC
----
14 values hashing to e616529dffdaa77c240e4baae2f48a10

query II valuesort label-2110
SELECT pk, col0 FROM tab2 WHERE ((((col3 < 707)))) ORDER BY 1 DESC,2 DESC
----
14 values hashing to e616529dffdaa77c240e4baae2f48a10

query II valuesort label-2110
SELECT pk, col0 FROM tab3 WHERE ((((col3 < 707)))) ORDER BY 1 DESC,2 DESC
----
14 values hashing to e616529dffdaa77c240e4baae2f48a10

query II valuesort label-2110
SELECT pk, col0 FROM tab4 WHERE ((((col3 < 707)))) ORDER BY 1 DESC,2 DESC
----
14 values hashing to e616529dffdaa77c240e4baae2f48a10

query II valuesort label-2110
SELECT pk, col0 FROM tab0 WHERE ((((col3 < 707)))) ORDER BY 1,2 DESC
----
14 values hashing to e616529dffdaa77c240e4baae2f48a10

query II valuesort label-2110
SELECT pk, col0 FROM tab1 WHERE ((((col3 < 707)))) ORDER BY 1,2 DESC
----
14 values hashing to e616529dffdaa77c240e4baae2f48a10

query II valuesort label-2110
SELECT pk, col0 FROM tab2 WHERE ((((col3 < 707)))) ORDER BY 1,2 DESC
----
14 values hashing to e616529dffdaa77c240e4baae2f48a10

query II valuesort label-2110
SELECT pk, col0 FROM tab3 WHERE ((((col3 < 707)))) ORDER BY 1,2 DESC
----
14 values hashing to e616529dffdaa77c240e4baae2f48a10

query II valuesort label-2110
SELECT pk, col0 FROM tab4 WHERE ((((col3 < 707)))) ORDER BY 1,2 DESC
----
14 values hashing to e616529dffdaa77c240e4baae2f48a10

query II valuesort label-2110
SELECT pk, col0 FROM tab0 WHERE ((((col3 < 707)))) ORDER BY 2 DESC,1
----
14 values hashing to e616529dffdaa77c240e4baae2f48a10

query II valuesort label-2110
SELECT pk, col0 FROM tab1 WHERE ((((col3 < 707)))) ORDER BY 2 DESC,1
----
14 values hashing to e616529dffdaa77c240e4baae2f48a10

query II valuesort label-2110
SELECT pk, col0 FROM tab2 WHERE ((((col3 < 707)))) ORDER BY 2 DESC,1
----
14 values hashing to e616529dffdaa77c240e4baae2f48a10

query II valuesort label-2110
SELECT pk, col0 FROM tab3 WHERE ((((col3 < 707)))) ORDER BY 2 DESC,1
----
14 values hashing to e616529dffdaa77c240e4baae2f48a10

query II valuesort label-2110
SELECT pk, col0 FROM tab4 WHERE ((((col3 < 707)))) ORDER BY 2 DESC,1
----
14 values hashing to e616529dffdaa77c240e4baae2f48a10

query II valuesort label-2110
SELECT pk, col0 FROM tab0 WHERE ((((col3 < 707)))) ORDER BY 2,1
----
14 values hashing to e616529dffdaa77c240e4baae2f48a10

query II valuesort label-2110
SELECT pk, col0 FROM tab1 WHERE ((((col3 < 707)))) ORDER BY 2,1
----
14 values hashing to e616529dffdaa77c240e4baae2f48a10

query II valuesort label-2110
SELECT pk, col0 FROM tab2 WHERE ((((col3 < 707)))) ORDER BY 2,1
----
14 values hashing to e616529dffdaa77c240e4baae2f48a10

query II valuesort label-2110
SELECT pk, col0 FROM tab3 WHERE ((((col3 < 707)))) ORDER BY 2,1
----
14 values hashing to e616529dffdaa77c240e4baae2f48a10

query II valuesort label-2110
SELECT pk, col0 FROM tab4 WHERE ((((col3 < 707)))) ORDER BY 2,1
----
14 values hashing to e616529dffdaa77c240e4baae2f48a10

query II valuesort label-2110
SELECT pk, col0 FROM tab0 WHERE ((((col3 < 707)))) ORDER BY 1 DESC,2
----
14 values hashing to e616529dffdaa77c240e4baae2f48a10

query II valuesort label-2110
SELECT pk, col0 FROM tab1 WHERE ((((col3 < 707)))) ORDER BY 1 DESC,2
----
14 values hashing to e616529dffdaa77c240e4baae2f48a10

query II valuesort label-2110
SELECT pk, col0 FROM tab2 WHERE ((((col3 < 707)))) ORDER BY 1 DESC,2
----
14 values hashing to e616529dffdaa77c240e4baae2f48a10

query II valuesort label-2110
SELECT pk, col0 FROM tab3 WHERE ((((col3 < 707)))) ORDER BY 1 DESC,2
----
14 values hashing to e616529dffdaa77c240e4baae2f48a10

query II valuesort label-2110
SELECT pk, col0 FROM tab4 WHERE ((((col3 < 707)))) ORDER BY 1 DESC,2
----
14 values hashing to e616529dffdaa77c240e4baae2f48a10

query II valuesort label-2110
SELECT pk, col0 FROM tab0 WHERE ((((col3 < 707)))) ORDER BY 1,2
----
14 values hashing to e616529dffdaa77c240e4baae2f48a10

query II valuesort label-2110
SELECT pk, col0 FROM tab1 WHERE ((((col3 < 707)))) ORDER BY 1,2
----
14 values hashing to e616529dffdaa77c240e4baae2f48a10

query II valuesort label-2110
SELECT pk, col0 FROM tab2 WHERE ((((col3 < 707)))) ORDER BY 1,2
----
14 values hashing to e616529dffdaa77c240e4baae2f48a10

query II valuesort label-2110
SELECT pk, col0 FROM tab3 WHERE ((((col3 < 707)))) ORDER BY 1,2
----
14 values hashing to e616529dffdaa77c240e4baae2f48a10

query II valuesort label-2110
SELECT pk, col0 FROM tab4 WHERE ((((col3 < 707)))) ORDER BY 1,2
----
14 values hashing to e616529dffdaa77c240e4baae2f48a10

query I valuesort label-2160
SELECT pk FROM tab0 WHERE ((col3 >= 719 AND col0 BETWEEN 264 AND 890)) ORDER BY 1 DESC
----
0
5
8

query I valuesort label-2160
SELECT pk FROM tab1 WHERE ((col3 >= 719 AND col0 BETWEEN 264 AND 890)) ORDER BY 1 DESC
----
0
5
8

query I valuesort label-2160
SELECT pk FROM tab2 WHERE ((col3 >= 719 AND col0 BETWEEN 264 AND 890)) ORDER BY 1 DESC
----
0
5
8

query I valuesort label-2160
SELECT pk FROM tab3 WHERE ((col3 >= 719 AND col0 BETWEEN 264 AND 890)) ORDER BY 1 DESC
----
0
5
8

query I valuesort label-2160
SELECT pk FROM tab4 WHERE ((col3 >= 719 AND col0 BETWEEN 264 AND 890)) ORDER BY 1 DESC
----
0
5
8

query I valuesort label-2160
SELECT pk FROM tab0 WHERE ((col3 >= 719 AND col0 BETWEEN 264 AND 890)) ORDER BY 1
----
0
5
8

query I valuesort label-2160
SELECT pk FROM tab1 WHERE ((col3 >= 719 AND col0 BETWEEN 264 AND 890)) ORDER BY 1
----
0
5
8

query I valuesort label-2160
SELECT pk FROM tab2 WHERE ((col3 >= 719 AND col0 BETWEEN 264 AND 890)) ORDER BY 1
----
0
5
8

query I valuesort label-2160
SELECT pk FROM tab3 WHERE ((col3 >= 719 AND col0 BETWEEN 264 AND 890)) ORDER BY 1
----
0
5
8

query I valuesort label-2160
SELECT pk FROM tab4 WHERE ((col3 >= 719 AND col0 BETWEEN 264 AND 890)) ORDER BY 1
----
0
5
8

query II valuesort label-2170
SELECT pk, col0 FROM tab0 WHERE ((col3 >= 719 AND col0 BETWEEN 264 AND 890)) ORDER BY 1 DESC
----
0
309
5
544
725
8

query II valuesort label-2170
SELECT pk, col0 FROM tab1 WHERE ((col3 >= 719 AND col0 BETWEEN 264 AND 890)) ORDER BY 1 DESC
----
0
309
5
544
725
8

query II valuesort label-2170
SELECT pk, col0 FROM tab2 WHERE ((col3 >= 719 AND col0 BETWEEN 264 AND 890)) ORDER BY 1 DESC
----
0
309
5
544
725
8

query II valuesort label-2170
SELECT pk, col0 FROM tab3 WHERE ((col3 >= 719 AND col0 BETWEEN 264 AND 890)) ORDER BY 1 DESC
----
0
309
5
544
725
8

query II valuesort label-2170
SELECT pk, col0 FROM tab4 WHERE ((col3 >= 719 AND col0 BETWEEN 264 AND 890)) ORDER BY 1 DESC
----
0
309
5
544
725
8

query II valuesort label-2170
SELECT pk, col0 FROM tab0 WHERE ((col3 >= 719 AND col0 BETWEEN 264 AND 890)) ORDER BY 2 DESC
----
0
309
5
544
725
8

query II valuesort label-2170
SELECT pk, col0 FROM tab1 WHERE ((col3 >= 719 AND col0 BETWEEN 264 AND 890)) ORDER BY 2 DESC
----
0
309
5
544
725
8

query II valuesort label-2170
SELECT pk, col0 FROM tab2 WHERE ((col3 >= 719 AND col0 BETWEEN 264 AND 890)) ORDER BY 2 DESC
----
0
309
5
544
725
8

query II valuesort label-2170
SELECT pk, col0 FROM tab3 WHERE ((col3 >= 719 AND col0 BETWEEN 264 AND 890)) ORDER BY 2 DESC
----
0
309
5
544
725
8

query II valuesort label-2170
SELECT pk, col0 FROM tab4 WHERE ((col3 >= 719 AND col0 BETWEEN 264 AND 890)) ORDER BY 2 DESC
----
0
309
5
544
725
8

query II valuesort label-2170
SELECT pk, col0 FROM tab0 WHERE ((col3 >= 719 AND col0 BETWEEN 264 AND 890)) ORDER BY 1
----
0
309
5
544
725
8

query II valuesort label-2170
SELECT pk, col0 FROM tab1 WHERE ((col3 >= 719 AND col0 BETWEEN 264 AND 890)) ORDER BY 1
----
0
309
5
544
725
8

query II valuesort label-2170
SELECT pk, col0 FROM tab2 WHERE ((col3 >= 719 AND col0 BETWEEN 264 AND 890)) ORDER BY 1
----
0
309
5
544
725
8

query II valuesort label-2170
SELECT pk, col0 FROM tab3 WHERE ((col3 >= 719 AND col0 BETWEEN 264 AND 890)) ORDER BY 1
----
0
309
5
544
725
8

query II valuesort label-2170
SELECT pk, col0 FROM tab4 WHERE ((col3 >= 719 AND col0 BETWEEN 264 AND 890)) ORDER BY 1
----
0
309
5
544
725
8

query II valuesort label-2170
SELECT pk, col0 FROM tab0 WHERE ((col3 >= 719 AND col0 BETWEEN 264 AND 890)) ORDER BY 2
----
0
309
5
544
725
8

query II valuesort label-2170
SELECT pk, col0 FROM tab1 WHERE ((col3 >= 719 AND col0 BETWEEN 264 AND 890)) ORDER BY 2
----
0
309
5
544
725
8

query II valuesort label-2170
SELECT pk, col0 FROM tab2 WHERE ((col3 >= 719 AND col0 BETWEEN 264 AND 890)) ORDER BY 2
----
0
309
5
544
725
8

query II valuesort label-2170
SELECT pk, col0 FROM tab3 WHERE ((col3 >= 719 AND col0 BETWEEN 264 AND 890)) ORDER BY 2
----
0
309
5
544
725
8

query II valuesort label-2170
SELECT pk, col0 FROM tab4 WHERE ((col3 >= 719 AND col0 BETWEEN 264 AND 890)) ORDER BY 2
----
0
309
5
544
725
8

query II valuesort label-2170
SELECT pk, col0 FROM tab0 WHERE ((col3 >= 719 AND col0 BETWEEN 264 AND 890)) ORDER BY 1 DESC,2 DESC
----
0
309
5
544
725
8

query II valuesort label-2170
SELECT pk, col0 FROM tab1 WHERE ((col3 >= 719 AND col0 BETWEEN 264 AND 890)) ORDER BY 1 DESC,2 DESC
----
0
309
5
544
725
8

query II valuesort label-2170
SELECT pk, col0 FROM tab2 WHERE ((col3 >= 719 AND col0 BETWEEN 264 AND 890)) ORDER BY 1 DESC,2 DESC
----
0
309
5
544
725
8

query II valuesort label-2170
SELECT pk, col0 FROM tab3 WHERE ((col3 >= 719 AND col0 BETWEEN 264 AND 890)) ORDER BY 1 DESC,2 DESC
----
0
309
5
544
725
8

query II valuesort label-2170
SELECT pk, col0 FROM tab4 WHERE ((col3 >= 719 AND col0 BETWEEN 264 AND 890)) ORDER BY 1 DESC,2 DESC
----
0
309
5
544
725
8

query II valuesort label-2170
SELECT pk, col0 FROM tab0 WHERE ((col3 >= 719 AND col0 BETWEEN 264 AND 890)) ORDER BY 1,2 DESC
----
0
309
5
544
725
8

query II valuesort label-2170
SELECT pk, col0 FROM tab1 WHERE ((col3 >= 719 AND col0 BETWEEN 264 AND 890)) ORDER BY 1,2 DESC
----
0
309
5
544
725
8

query II valuesort label-2170
SELECT pk, col0 FROM tab2 WHERE ((col3 >= 719 AND col0 BETWEEN 264 AND 890)) ORDER BY 1,2 DESC
----
0
309
5
544
725
8

query II valuesort label-2170
SELECT pk, col0 FROM tab3 WHERE ((col3 >= 719 AND col0 BETWEEN 264 AND 890)) ORDER BY 1,2 DESC
----
0
309
5
544
725
8

query II valuesort label-2170
SELECT pk, col0 FROM tab4 WHERE ((col3 >= 719 AND col0 BETWEEN 264 AND 890)) ORDER BY 1,2 DESC
----
0
309
5
544
725
8

query II valuesort label-2170
SELECT pk, col0 FROM tab0 WHERE ((col3 >= 719 AND col0 BETWEEN 264 AND 890)) ORDER BY 2 DESC,1
----
0
309
5
544
725
8

query II valuesort label-2170
SELECT pk, col0 FROM tab1 WHERE ((col3 >= 719 AND col0 BETWEEN 264 AND 890)) ORDER BY 2 DESC,1
----
0
309
5
544
725
8

query II valuesort label-2170
SELECT pk, col0 FROM tab2 WHERE ((col3 >= 719 AND col0 BETWEEN 264 AND 890)) ORDER BY 2 DESC,1
----
0
309
5
544
725
8

query II valuesort label-2170
SELECT pk, col0 FROM tab3 WHERE ((col3 >= 719 AND col0 BETWEEN 264 AND 890)) ORDER BY 2 DESC,1
----
0
309
5
544
725
8

query II valuesort label-2170
SELECT pk, col0 FROM tab4 WHERE ((col3 >= 719 AND col0 BETWEEN 264 AND 890)) ORDER BY 2 DESC,1
----
0
309
5
544
725
8

query II valuesort label-2170
SELECT pk, col0 FROM tab0 WHERE ((col3 >= 719 AND col0 BETWEEN 264 AND 890)) ORDER BY 2,1
----
0
309
5
544
725
8

query II valuesort label-2170
SELECT pk, col0 FROM tab1 WHERE ((col3 >= 719 AND col0 BETWEEN 264 AND 890)) ORDER BY 2,1
----
0
309
5
544
725
8

query II valuesort label-2170
SELECT pk, col0 FROM tab2 WHERE ((col3 >= 719 AND col0 BETWEEN 264 AND 890)) ORDER BY 2,1
----
0
309
5
544
725
8

query II valuesort label-2170
SELECT pk, col0 FROM tab3 WHERE ((col3 >= 719 AND col0 BETWEEN 264 AND 890)) ORDER BY 2,1
----
0
309
5
544
725
8

query II valuesort label-2170
SELECT pk, col0 FROM tab4 WHERE ((col3 >= 719 AND col0 BETWEEN 264 AND 890)) ORDER BY 2,1
----
0
309
5
544
725
8

query II valuesort label-2170
SELECT pk, col0 FROM tab0 WHERE ((col3 >= 719 AND col0 BETWEEN 264 AND 890)) ORDER BY 1 DESC,2
----
0
309
5
544
725
8

query II valuesort label-2170
SELECT pk, col0 FROM tab1 WHERE ((col3 >= 719 AND col0 BETWEEN 264 AND 890)) ORDER BY 1 DESC,2
----
0
309
5
544
725
8

query II valuesort label-2170
SELECT pk, col0 FROM tab2 WHERE ((col3 >= 719 AND col0 BETWEEN 264 AND 890)) ORDER BY 1 DESC,2
----
0
309
5
544
725
8

query II valuesort label-2170
SELECT pk, col0 FROM tab3 WHERE ((col3 >= 719 AND col0 BETWEEN 264 AND 890)) ORDER BY 1 DESC,2
----
0
309
5
544
725
8

query II valuesort label-2170
SELECT pk, col0 FROM tab4 WHERE ((col3 >= 719 AND col0 BETWEEN 264 AND 890)) ORDER BY 1 DESC,2
----
0
309
5
544
725
8

query II valuesort label-2170
SELECT pk, col0 FROM tab0 WHERE ((col3 >= 719 AND col0 BETWEEN 264 AND 890)) ORDER BY 1,2
----
0
309
5
544
725
8

query II valuesort label-2170
SELECT pk, col0 FROM tab1 WHERE ((col3 >= 719 AND col0 BETWEEN 264 AND 890)) ORDER BY 1,2
----
0
309
5
544
725
8

query II valuesort label-2170
SELECT pk, col0 FROM tab2 WHERE ((col3 >= 719 AND col0 BETWEEN 264 AND 890)) ORDER BY 1,2
----
0
309
5
544
725
8

query II valuesort label-2170
SELECT pk, col0 FROM tab3 WHERE ((col3 >= 719 AND col0 BETWEEN 264 AND 890)) ORDER BY 1,2
----
0
309
5
544
725
8

query II valuesort label-2170
SELECT pk, col0 FROM tab4 WHERE ((col3 >= 719 AND col0 BETWEEN 264 AND 890)) ORDER BY 1,2
----
0
309
5
544
725
8

query I valuesort label-2220
SELECT pk FROM tab0 WHERE col1 >= 357.59 ORDER BY 1 DESC
----
10 values hashing to e20b902b49a98b1a05ed62804c757f94

query I valuesort label-2220
SELECT pk FROM tab1 WHERE col1 >= 357.59 ORDER BY 1 DESC
----
10 values hashing to e20b902b49a98b1a05ed62804c757f94

query I valuesort label-2220
SELECT pk FROM tab2 WHERE col1 >= 357.59 ORDER BY 1 DESC
----
10 values hashing to e20b902b49a98b1a05ed62804c757f94

query I valuesort label-2220
SELECT pk FROM tab3 WHERE col1 >= 357.59 ORDER BY 1 DESC
----
10 values hashing to e20b902b49a98b1a05ed62804c757f94

query I valuesort label-2220
SELECT pk FROM tab4 WHERE col1 >= 357.59 ORDER BY 1 DESC
----
10 values hashing to e20b902b49a98b1a05ed62804c757f94

query I valuesort label-2220
SELECT pk FROM tab0 WHERE col1 >= 357.59 ORDER BY 1
----
10 values hashing to e20b902b49a98b1a05ed62804c757f94

query I valuesort label-2220
SELECT pk FROM tab1 WHERE col1 >= 357.59 ORDER BY 1
----
10 values hashing to e20b902b49a98b1a05ed62804c757f94

query I valuesort label-2220
SELECT pk FROM tab2 WHERE col1 >= 357.59 ORDER BY 1
----
10 values hashing to e20b902b49a98b1a05ed62804c757f94

query I valuesort label-2220
SELECT pk FROM tab3 WHERE col1 >= 357.59 ORDER BY 1
----
10 values hashing to e20b902b49a98b1a05ed62804c757f94

query I valuesort label-2220
SELECT pk FROM tab4 WHERE col1 >= 357.59 ORDER BY 1
----
10 values hashing to e20b902b49a98b1a05ed62804c757f94

query II valuesort label-2230
SELECT pk, col0 FROM tab0 WHERE col1 >= 357.59 ORDER BY 1 DESC
----
20 values hashing to 7e7c5f3c08c3c1ac89f33c89a0e42d7c

query II valuesort label-2230
SELECT pk, col0 FROM tab1 WHERE col1 >= 357.59 ORDER BY 1 DESC
----
20 values hashing to 7e7c5f3c08c3c1ac89f33c89a0e42d7c

query II valuesort label-2230
SELECT pk, col0 FROM tab2 WHERE col1 >= 357.59 ORDER BY 1 DESC
----
20 values hashing to 7e7c5f3c08c3c1ac89f33c89a0e42d7c

query II valuesort label-2230
SELECT pk, col0 FROM tab3 WHERE col1 >= 357.59 ORDER BY 1 DESC
----
20 values hashing to 7e7c5f3c08c3c1ac89f33c89a0e42d7c

query II valuesort label-2230
SELECT pk, col0 FROM tab4 WHERE col1 >= 357.59 ORDER BY 1 DESC
----
20 values hashing to 7e7c5f3c08c3c1ac89f33c89a0e42d7c

query II valuesort label-2230
SELECT pk, col0 FROM tab0 WHERE col1 >= 357.59 ORDER BY 2 DESC
----
20 values hashing to 7e7c5f3c08c3c1ac89f33c89a0e42d7c

query II valuesort label-2230
SELECT pk, col0 FROM tab1 WHERE col1 >= 357.59 ORDER BY 2 DESC
----
20 values hashing to 7e7c5f3c08c3c1ac89f33c89a0e42d7c

query II valuesort label-2230
SELECT pk, col0 FROM tab2 WHERE col1 >= 357.59 ORDER BY 2 DESC
----
20 values hashing to 7e7c5f3c08c3c1ac89f33c89a0e42d7c

query II valuesort label-2230
SELECT pk, col0 FROM tab3 WHERE col1 >= 357.59 ORDER BY 2 DESC
----
20 values hashing to 7e7c5f3c08c3c1ac89f33c89a0e42d7c

query II valuesort label-2230
SELECT pk, col0 FROM tab4 WHERE col1 >= 357.59 ORDER BY 2 DESC
----
20 values hashing to 7e7c5f3c08c3c1ac89f33c89a0e42d7c

query II valuesort label-2230
SELECT pk, col0 FROM tab0 WHERE col1 >= 357.59 ORDER BY 1
----
20 values hashing to 7e7c5f3c08c3c1ac89f33c89a0e42d7c

query II valuesort label-2230
SELECT pk, col0 FROM tab1 WHERE col1 >= 357.59 ORDER BY 1
----
20 values hashing to 7e7c5f3c08c3c1ac89f33c89a0e42d7c

query II valuesort label-2230
SELECT pk, col0 FROM tab2 WHERE col1 >= 357.59 ORDER BY 1
----
20 values hashing to 7e7c5f3c08c3c1ac89f33c89a0e42d7c

query II valuesort label-2230
SELECT pk, col0 FROM tab3 WHERE col1 >= 357.59 ORDER BY 1
----
20 values hashing to 7e7c5f3c08c3c1ac89f33c89a0e42d7c

query II valuesort label-2230
SELECT pk, col0 FROM tab4 WHERE col1 >= 357.59 ORDER BY 1
----
20 values hashing to 7e7c5f3c08c3c1ac89f33c89a0e42d7c

query II valuesort label-2230
SELECT pk, col0 FROM tab0 WHERE col1 >= 357.59 ORDER BY 2
----
20 values hashing to 7e7c5f3c08c3c1ac89f33c89a0e42d7c

query II valuesort label-2230
SELECT pk, col0 FROM tab1 WHERE col1 >= 357.59 ORDER BY 2
----
20 values hashing to 7e7c5f3c08c3c1ac89f33c89a0e42d7c

query II valuesort label-2230
SELECT pk, col0 FROM tab2 WHERE col1 >= 357.59 ORDER BY 2
----
20 values hashing to 7e7c5f3c08c3c1ac89f33c89a0e42d7c

query II valuesort label-2230
SELECT pk, col0 FROM tab3 WHERE col1 >= 357.59 ORDER BY 2
----
20 values hashing to 7e7c5f3c08c3c1ac89f33c89a0e42d7c

query II valuesort label-2230
SELECT pk, col0 FROM tab4 WHERE col1 >= 357.59 ORDER BY 2
----
20 values hashing to 7e7c5f3c08c3c1ac89f33c89a0e42d7c

query II valuesort label-2230
SELECT pk, col0 FROM tab0 WHERE col1 >= 357.59 ORDER BY 1 DESC,2 DESC
----
20 values hashing to 7e7c5f3c08c3c1ac89f33c89a0e42d7c

query II valuesort label-2230
SELECT pk, col0 FROM tab1 WHERE col1 >= 357.59 ORDER BY 1 DESC,2 DESC
----
20 values hashing to 7e7c5f3c08c3c1ac89f33c89a0e42d7c

query II valuesort label-2230
SELECT pk, col0 FROM tab2 WHERE col1 >= 357.59 ORDER BY 1 DESC,2 DESC
----
20 values hashing to 7e7c5f3c08c3c1ac89f33c89a0e42d7c

query II valuesort label-2230
SELECT pk, col0 FROM tab3 WHERE col1 >= 357.59 ORDER BY 1 DESC,2 DESC
----
20 values hashing to 7e7c5f3c08c3c1ac89f33c89a0e42d7c

query II valuesort label-2230
SELECT pk, col0 FROM tab4 WHERE col1 >= 357.59 ORDER BY 1 DESC,2 DESC
----
20 values hashing to 7e7c5f3c08c3c1ac89f33c89a0e42d7c

query II valuesort label-2230
SELECT pk, col0 FROM tab0 WHERE col1 >= 357.59 ORDER BY 1,2 DESC
----
20 values hashing to 7e7c5f3c08c3c1ac89f33c89a0e42d7c

query II valuesort label-2230
SELECT pk, col0 FROM tab1 WHERE col1 >= 357.59 ORDER BY 1,2 DESC
----
20 values hashing to 7e7c5f3c08c3c1ac89f33c89a0e42d7c

query II valuesort label-2230
SELECT pk, col0 FROM tab2 WHERE col1 >= 357.59 ORDER BY 1,2 DESC
----
20 values hashing to 7e7c5f3c08c3c1ac89f33c89a0e42d7c

query II valuesort label-2230
SELECT pk, col0 FROM tab3 WHERE col1 >= 357.59 ORDER BY 1,2 DESC
----
20 values hashing to 7e7c5f3c08c3c1ac89f33c89a0e42d7c

query II valuesort label-2230
SELECT pk, col0 FROM tab4 WHERE col1 >= 357.59 ORDER BY 1,2 DESC
----
20 values hashing to 7e7c5f3c08c3c1ac89f33c89a0e42d7c

query II valuesort label-2230
SELECT pk, col0 FROM tab0 WHERE col1 >= 357.59 ORDER BY 2 DESC,1
----
20 values hashing to 7e7c5f3c08c3c1ac89f33c89a0e42d7c

query II valuesort label-2230
SELECT pk, col0 FROM tab1 WHERE col1 >= 357.59 ORDER BY 2 DESC,1
----
20 values hashing to 7e7c5f3c08c3c1ac89f33c89a0e42d7c

query II valuesort label-2230
SELECT pk, col0 FROM tab2 WHERE col1 >= 357.59 ORDER BY 2 DESC,1
----
20 values hashing to 7e7c5f3c08c3c1ac89f33c89a0e42d7c

query II valuesort label-2230
SELECT pk, col0 FROM tab3 WHERE col1 >= 357.59 ORDER BY 2 DESC,1
----
20 values hashing to 7e7c5f3c08c3c1ac89f33c89a0e42d7c

query II valuesort label-2230
SELECT pk, col0 FROM tab4 WHERE col1 >= 357.59 ORDER BY 2 DESC,1
----
20 values hashing to 7e7c5f3c08c3c1ac89f33c89a0e42d7c

query II valuesort label-2230
SELECT pk, col0 FROM tab0 WHERE col1 >= 357.59 ORDER BY 2,1
----
20 values hashing to 7e7c5f3c08c3c1ac89f33c89a0e42d7c

query II valuesort label-2230
SELECT pk, col0 FROM tab1 WHERE col1 >= 357.59 ORDER BY 2,1
----
20 values hashing to 7e7c5f3c08c3c1ac89f33c89a0e42d7c

query II valuesort label-2230
SELECT pk, col0 FROM tab2 WHERE col1 >= 357.59 ORDER BY 2,1
----
20 values hashing to 7e7c5f3c08c3c1ac89f33c89a0e42d7c

query II valuesort label-2230
SELECT pk, col0 FROM tab3 WHERE col1 >= 357.59 ORDER BY 2,1
----
20 values hashing to 7e7c5f3c08c3c1ac89f33c89a0e42d7c

query II valuesort label-2230
SELECT pk, col0 FROM tab4 WHERE col1 >= 357.59 ORDER BY 2,1
----
20 values hashing to 7e7c5f3c08c3c1ac89f33c89a0e42d7c

query II valuesort label-2230
SELECT pk, col0 FROM tab0 WHERE col1 >= 357.59 ORDER BY 1 DESC,2
----
20 values hashing to 7e7c5f3c08c3c1ac89f33c89a0e42d7c

query II valuesort label-2230
SELECT pk, col0 FROM tab1 WHERE col1 >= 357.59 ORDER BY 1 DESC,2
----
20 values hashing to 7e7c5f3c08c3c1ac89f33c89a0e42d7c

query II valuesort label-2230
SELECT pk, col0 FROM tab2 WHERE col1 >= 357.59 ORDER BY 1 DESC,2
----
20 values hashing to 7e7c5f3c08c3c1ac89f33c89a0e42d7c

query II valuesort label-2230
SELECT pk, col0 FROM tab3 WHERE col1 >= 357.59 ORDER BY 1 DESC,2
----
20 values hashing to 7e7c5f3c08c3c1ac89f33c89a0e42d7c

query II valuesort label-2230
SELECT pk, col0 FROM tab4 WHERE col1 >= 357.59 ORDER BY 1 DESC,2
----
20 values hashing to 7e7c5f3c08c3c1ac89f33c89a0e42d7c

query II valuesort label-2230
SELECT pk, col0 FROM tab0 WHERE col1 >= 357.59 ORDER BY 1,2
----
20 values hashing to 7e7c5f3c08c3c1ac89f33c89a0e42d7c

query II valuesort label-2230
SELECT pk, col0 FROM tab1 WHERE col1 >= 357.59 ORDER BY 1,2
----
20 values hashing to 7e7c5f3c08c3c1ac89f33c89a0e42d7c

query II valuesort label-2230
SELECT pk, col0 FROM tab2 WHERE col1 >= 357.59 ORDER BY 1,2
----
20 values hashing to 7e7c5f3c08c3c1ac89f33c89a0e42d7c

query II valuesort label-2230
SELECT pk, col0 FROM tab3 WHERE col1 >= 357.59 ORDER BY 1,2
----
20 values hashing to 7e7c5f3c08c3c1ac89f33c89a0e42d7c

query II valuesort label-2230
SELECT pk, col0 FROM tab4 WHERE col1 >= 357.59 ORDER BY 1,2
----
20 values hashing to 7e7c5f3c08c3c1ac89f33c89a0e42d7c

query I valuesort label-2280
SELECT pk FROM tab0 WHERE (col3 = 738) ORDER BY 1 DESC
----

query I valuesort label-2280
SELECT pk FROM tab1 WHERE (col3 = 738) ORDER BY 1 DESC
----

query I valuesort label-2280
SELECT pk FROM tab2 WHERE (col3 = 738) ORDER BY 1 DESC
----

query I valuesort label-2280
SELECT pk FROM tab3 WHERE (col3 = 738) ORDER BY 1 DESC
----

query I valuesort label-2280
SELECT pk FROM tab4 WHERE (col3 = 738) ORDER BY 1 DESC
----

query I valuesort label-2280
SELECT pk FROM tab0 WHERE (col3 = 738) ORDER BY 1
----

query I valuesort label-2280
SELECT pk FROM tab1 WHERE (col3 = 738) ORDER BY 1
----

query I valuesort label-2280
SELECT pk FROM tab2 WHERE (col3 = 738) ORDER BY 1
----

query I valuesort label-2280
SELECT pk FROM tab3 WHERE (col3 = 738) ORDER BY 1
----

query I valuesort label-2280
SELECT pk FROM tab4 WHERE (col3 = 738) ORDER BY 1
----

query II valuesort label-2290
SELECT pk, col0 FROM tab0 WHERE (col3 = 738) ORDER BY 1 DESC
----

query II valuesort label-2290
SELECT pk, col0 FROM tab1 WHERE (col3 = 738) ORDER BY 1 DESC
----

query II valuesort label-2290
SELECT pk, col0 FROM tab2 WHERE (col3 = 738) ORDER BY 1 DESC
----

query II valuesort label-2290
SELECT pk, col0 FROM tab3 WHERE (col3 = 738) ORDER BY 1 DESC
----

query II valuesort label-2290
SELECT pk, col0 FROM tab4 WHERE (col3 = 738) ORDER BY 1 DESC
----

query II valuesort label-2290
SELECT pk, col0 FROM tab0 WHERE (col3 = 738) ORDER BY 2 DESC
----

query II valuesort label-2290
SELECT pk, col0 FROM tab1 WHERE (col3 = 738) ORDER BY 2 DESC
----

query II valuesort label-2290
SELECT pk, col0 FROM tab2 WHERE (col3 = 738) ORDER BY 2 DESC
----

query II valuesort label-2290
SELECT pk, col0 FROM tab3 WHERE (col3 = 738) ORDER BY 2 DESC
----

query II valuesort label-2290
SELECT pk, col0 FROM tab4 WHERE (col3 = 738) ORDER BY 2 DESC
----

query II valuesort label-2290
SELECT pk, col0 FROM tab0 WHERE (col3 = 738) ORDER BY 1
----

query II valuesort label-2290
SELECT pk, col0 FROM tab1 WHERE (col3 = 738) ORDER BY 1
----

query II valuesort label-2290
SELECT pk, col0 FROM tab2 WHERE (col3 = 738) ORDER BY 1
----

query II valuesort label-2290
SELECT pk, col0 FROM tab3 WHERE (col3 = 738) ORDER BY 1
----

query II valuesort label-2290
SELECT pk, col0 FROM tab4 WHERE (col3 = 738) ORDER BY 1
----

query II valuesort label-2290
SELECT pk, col0 FROM tab0 WHERE (col3 = 738) ORDER BY 2
----

query II valuesort label-2290
SELECT pk, col0 FROM tab1 WHERE (col3 = 738) ORDER BY 2
----

query II valuesort label-2290
SELECT pk, col0 FROM tab2 WHERE (col3 = 738) ORDER BY 2
----

query II valuesort label-2290
SELECT pk, col0 FROM tab3 WHERE (col3 = 738) ORDER BY 2
----

query II valuesort label-2290
SELECT pk, col0 FROM tab4 WHERE (col3 = 738) ORDER BY 2
----

query II valuesort label-2290
SELECT pk, col0 FROM tab0 WHERE (col3 = 738) ORDER BY 1 DESC,2 DESC
----

query II valuesort label-2290
SELECT pk, col0 FROM tab1 WHERE (col3 = 738) ORDER BY 1 DESC,2 DESC
----

query II valuesort label-2290
SELECT pk, col0 FROM tab2 WHERE (col3 = 738) ORDER BY 1 DESC,2 DESC
----

query II valuesort label-2290
SELECT pk, col0 FROM tab3 WHERE (col3 = 738) ORDER BY 1 DESC,2 DESC
----

query II valuesort label-2290
SELECT pk, col0 FROM tab4 WHERE (col3 = 738) ORDER BY 1 DESC,2 DESC
----

query II valuesort label-2290
SELECT pk, col0 FROM tab0 WHERE (col3 = 738) ORDER BY 1,2 DESC
----

query II valuesort label-2290
SELECT pk, col0 FROM tab1 WHERE (col3 = 738) ORDER BY 1,2 DESC
----

query II valuesort label-2290
SELECT pk, col0 FROM tab2 WHERE (col3 = 738) ORDER BY 1,2 DESC
----

query II valuesort label-2290
SELECT pk, col0 FROM tab3 WHERE (col3 = 738) ORDER BY 1,2 DESC
----

query II valuesort label-2290
SELECT pk, col0 FROM tab4 WHERE (col3 = 738) ORDER BY 1,2 DESC
----

query II valuesort label-2290
SELECT pk, col0 FROM tab0 WHERE (col3 = 738) ORDER BY 2 DESC,1
----

query II valuesort label-2290
SELECT pk, col0 FROM tab1 WHERE (col3 = 738) ORDER BY 2 DESC,1
----

query II valuesort label-2290
SELECT pk, col0 FROM tab2 WHERE (col3 = 738) ORDER BY 2 DESC,1
----

query II valuesort label-2290
SELECT pk, col0 FROM tab3 WHERE (col3 = 738) ORDER BY 2 DESC,1
----

query II valuesort label-2290
SELECT pk, col0 FROM tab4 WHERE (col3 = 738) ORDER BY 2 DESC,1
----

query II valuesort label-2290
SELECT pk, col0 FROM tab0 WHERE (col3 = 738) ORDER BY 2,1
----

query II valuesort label-2290
SELECT pk, col0 FROM tab1 WHERE (col3 = 738) ORDER BY 2,1
----

query II valuesort label-2290
SELECT pk, col0 FROM tab2 WHERE (col3 = 738) ORDER BY 2,1
----

query II valuesort label-2290
SELECT pk, col0 FROM tab3 WHERE (col3 = 738) ORDER BY 2,1
----

query II valuesort label-2290
SELECT pk, col0 FROM tab4 WHERE (col3 = 738) ORDER BY 2,1
----

query II valuesort label-2290
SELECT pk, col0 FROM tab0 WHERE (col3 = 738) ORDER BY 1 DESC,2
----

query II valuesort label-2290
SELECT pk, col0 FROM tab1 WHERE (col3 = 738) ORDER BY 1 DESC,2
----

query II valuesort label-2290
SELECT pk, col0 FROM tab2 WHERE (col3 = 738) ORDER BY 1 DESC,2
----

query II valuesort label-2290
SELECT pk, col0 FROM tab3 WHERE (col3 = 738) ORDER BY 1 DESC,2
----

query II valuesort label-2290
SELECT pk, col0 FROM tab4 WHERE (col3 = 738) ORDER BY 1 DESC,2
----

query II valuesort label-2290
SELECT pk, col0 FROM tab0 WHERE (col3 = 738) ORDER BY 1,2
----

query II valuesort label-2290
SELECT pk, col0 FROM tab1 WHERE (col3 = 738) ORDER BY 1,2
----

query II valuesort label-2290
SELECT pk, col0 FROM tab2 WHERE (col3 = 738) ORDER BY 1,2
----

query II valuesort label-2290
SELECT pk, col0 FROM tab3 WHERE (col3 = 738) ORDER BY 1,2
----

query II valuesort label-2290
SELECT pk, col0 FROM tab4 WHERE (col3 = 738) ORDER BY 1,2
----

query I valuesort label-2340
SELECT pk FROM tab0 WHERE ((((col4 > 759.50) OR ((col1 > 29.0 AND col3 = 286)) AND col0 IN (592,258,889,327,869,637)))) ORDER BY 1 DESC
----
7
8
9

query I valuesort label-2340
SELECT pk FROM tab1 WHERE ((((col4 > 759.50) OR ((col1 > 29.0 AND col3 = 286)) AND col0 IN (592,258,889,327,869,637)))) ORDER BY 1 DESC
----
7
8
9

query I valuesort label-2340
SELECT pk FROM tab2 WHERE ((((col4 > 759.50) OR ((col1 > 29.0 AND col3 = 286)) AND col0 IN (592,258,889,327,869,637)))) ORDER BY 1 DESC
----
7
8
9

query I valuesort label-2340
SELECT pk FROM tab3 WHERE ((((col4 > 759.50) OR ((col1 > 29.0 AND col3 = 286)) AND col0 IN (592,258,889,327,869,637)))) ORDER BY 1 DESC
----
7
8
9

query I valuesort label-2340
SELECT pk FROM tab4 WHERE ((((col4 > 759.50) OR ((col1 > 29.0 AND col3 = 286)) AND col0 IN (592,258,889,327,869,637)))) ORDER BY 1 DESC
----
7
8
9

query I valuesort label-2340
SELECT pk FROM tab0 WHERE ((((col4 > 759.50) OR ((col1 > 29.0 AND col3 = 286)) AND col0 IN (592,258,889,327,869,637)))) ORDER BY 1
----
7
8
9

query I valuesort label-2340
SELECT pk FROM tab1 WHERE ((((col4 > 759.50) OR ((col1 > 29.0 AND col3 = 286)) AND col0 IN (592,258,889,327,869,637)))) ORDER BY 1
----
7
8
9

query I valuesort label-2340
SELECT pk FROM tab2 WHERE ((((col4 > 759.50) OR ((col1 > 29.0 AND col3 = 286)) AND col0 IN (592,258,889,327,869,637)))) ORDER BY 1
----
7
8
9

query I valuesort label-2340
SELECT pk FROM tab3 WHERE ((((col4 > 759.50) OR ((col1 > 29.0 AND col3 = 286)) AND col0 IN (592,258,889,327,869,637)))) ORDER BY 1
----
7
8
9

query I valuesort label-2340
SELECT pk FROM tab4 WHERE ((((col4 > 759.50) OR ((col1 > 29.0 AND col3 = 286)) AND col0 IN (592,258,889,327,869,637)))) ORDER BY 1
----
7
8
9

query II valuesort label-2350
SELECT pk, col0 FROM tab0 WHERE ((((col4 > 759.50) OR ((col1 > 29.0 AND col3 = 286)) AND col0 IN (592,258,889,327,869,637)))) ORDER BY 1 DESC
----
297
7
725
8
823
9

query II valuesort label-2350
SELECT pk, col0 FROM tab1 WHERE ((((col4 > 759.50) OR ((col1 > 29.0 AND col3 = 286)) AND col0 IN (592,258,889,327,869,637)))) ORDER BY 1 DESC
----
297
7
725
8
823
9

query II valuesort label-2350
SELECT pk, col0 FROM tab2 WHERE ((((col4 > 759.50) OR ((col1 > 29.0 AND col3 = 286)) AND col0 IN (592,258,889,327,869,637)))) ORDER BY 1 DESC
----
297
7
725
8
823
9

query II valuesort label-2350
SELECT pk, col0 FROM tab3 WHERE ((((col4 > 759.50) OR ((col1 > 29.0 AND col3 = 286)) AND col0 IN (592,258,889,327,869,637)))) ORDER BY 1 DESC
----
297
7
725
8
823
9

query II valuesort label-2350
SELECT pk, col0 FROM tab4 WHERE ((((col4 > 759.50) OR ((col1 > 29.0 AND col3 = 286)) AND col0 IN (592,258,889,327,869,637)))) ORDER BY 1 DESC
----
297
7
725
8
823
9

query II valuesort label-2350
SELECT pk, col0 FROM tab0 WHERE ((((col4 > 759.50) OR ((col1 > 29.0 AND col3 = 286)) AND col0 IN (592,258,889,327,869,637)))) ORDER BY 2 DESC
----
297
7
725
8
823
9

query II valuesort label-2350
SELECT pk, col0 FROM tab1 WHERE ((((col4 > 759.50) OR ((col1 > 29.0 AND col3 = 286)) AND col0 IN (592,258,889,327,869,637)))) ORDER BY 2 DESC
----
297
7
725
8
823
9

query II valuesort label-2350
SELECT pk, col0 FROM tab2 WHERE ((((col4 > 759.50) OR ((col1 > 29.0 AND col3 = 286)) AND col0 IN (592,258,889,327,869,637)))) ORDER BY 2 DESC
----
297
7
725
8
823
9

query II valuesort label-2350
SELECT pk, col0 FROM tab3 WHERE ((((col4 > 759.50) OR ((col1 > 29.0 AND col3 = 286)) AND col0 IN (592,258,889,327,869,637)))) ORDER BY 2 DESC
----
297
7
725
8
823
9

query II valuesort label-2350
SELECT pk, col0 FROM tab4 WHERE ((((col4 > 759.50) OR ((col1 > 29.0 AND col3 = 286)) AND col0 IN (592,258,889,327,869,637)))) ORDER BY 2 DESC
----
297
7
725
8
823
9

query II valuesort label-2350
SELECT pk, col0 FROM tab0 WHERE ((((col4 > 759.50) OR ((col1 > 29.0 AND col3 = 286)) AND col0 IN (592,258,889,327,869,637)))) ORDER BY 1
----
297
7
725
8
823
9

query II valuesort label-2350
SELECT pk, col0 FROM tab1 WHERE ((((col4 > 759.50) OR ((col1 > 29.0 AND col3 = 286)) AND col0 IN (592,258,889,327,869,637)))) ORDER BY 1
----
297
7
725
8
823
9

query II valuesort label-2350
SELECT pk, col0 FROM tab2 WHERE ((((col4 > 759.50) OR ((col1 > 29.0 AND col3 = 286)) AND col0 IN (592,258,889,327,869,637)))) ORDER BY 1
----
297
7
725
8
823
9

query II valuesort label-2350
SELECT pk, col0 FROM tab3 WHERE ((((col4 > 759.50) OR ((col1 > 29.0 AND col3 = 286)) AND col0 IN (592,258,889,327,869,637)))) ORDER BY 1
----
297
7
725
8
823
9

query II valuesort label-2350
SELECT pk, col0 FROM tab4 WHERE ((((col4 > 759.50) OR ((col1 > 29.0 AND col3 = 286)) AND col0 IN (592,258,889,327,869,637)))) ORDER BY 1
----
297
7
725
8
823
9

query II valuesort label-2350
SELECT pk, col0 FROM tab0 WHERE ((((col4 > 759.50) OR ((col1 > 29.0 AND col3 = 286)) AND col0 IN (592,258,889,327,869,637)))) ORDER BY 2
----
297
7
725
8
823
9

query II valuesort label-2350
SELECT pk, col0 FROM tab1 WHERE ((((col4 > 759.50) OR ((col1 > 29.0 AND col3 = 286)) AND col0 IN (592,258,889,327,869,637)))) ORDER BY 2
----
297
7
725
8
823
9

query II valuesort label-2350
SELECT pk, col0 FROM tab2 WHERE ((((col4 > 759.50) OR ((col1 > 29.0 AND col3 = 286)) AND col0 IN (592,258,889,327,869,637)))) ORDER BY 2
----
297
7
725
8
823
9

query II valuesort label-2350
SELECT pk, col0 FROM tab3 WHERE ((((col4 > 759.50) OR ((col1 > 29.0 AND col3 = 286)) AND col0 IN (592,258,889,327,869,637)))) ORDER BY 2
----
297
7
725
8
823
9

query II valuesort label-2350
SELECT pk, col0 FROM tab4 WHERE ((((col4 > 759.50) OR ((col1 > 29.0 AND col3 = 286)) AND col0 IN (592,258,889,327,869,637)))) ORDER BY 2
----
297
7
725
8
823
9

query II valuesort label-2350
SELECT pk, col0 FROM tab0 WHERE ((((col4 > 759.50) OR ((col1 > 29.0 AND col3 = 286)) AND col0 IN (592,258,889,327,869,637)))) ORDER BY 1 DESC,2 DESC
----
297
7
725
8
823
9

query II valuesort label-2350
SELECT pk, col0 FROM tab1 WHERE ((((col4 > 759.50) OR ((col1 > 29.0 AND col3 = 286)) AND col0 IN (592,258,889,327,869,637)))) ORDER BY 1 DESC,2 DESC
----
297
7
725
8
823
9

query II valuesort label-2350
SELECT pk, col0 FROM tab2 WHERE ((((col4 > 759.50) OR ((col1 > 29.0 AND col3 = 286)) AND col0 IN (592,258,889,327,869,637)))) ORDER BY 1 DESC,2 DESC
----
297
7
725
8
823
9

query II valuesort label-2350
SELECT pk, col0 FROM tab3 WHERE ((((col4 > 759.50) OR ((col1 > 29.0 AND col3 = 286)) AND col0 IN (592,258,889,327,869,637)))) ORDER BY 1 DESC,2 DESC
----
297
7
725
8
823
9

query II valuesort label-2350
SELECT pk, col0 FROM tab4 WHERE ((((col4 > 759.50) OR ((col1 > 29.0 AND col3 = 286)) AND col0 IN (592,258,889,327,869,637)))) ORDER BY 1 DESC,2 DESC
----
297
7
725
8
823
9

query II valuesort label-2350
SELECT pk, col0 FROM tab0 WHERE ((((col4 > 759.50) OR ((col1 > 29.0 AND col3 = 286)) AND col0 IN (592,258,889,327,869,637)))) ORDER BY 1,2 DESC
----
297
7
725
8
823
9

query II valuesort label-2350
SELECT pk, col0 FROM tab1 WHERE ((((col4 > 759.50) OR ((col1 > 29.0 AND col3 = 286)) AND col0 IN (592,258,889,327,869,637)))) ORDER BY 1,2 DESC
----
297
7
725
8
823
9

query II valuesort label-2350
SELECT pk, col0 FROM tab2 WHERE ((((col4 > 759.50) OR ((col1 > 29.0 AND col3 = 286)) AND col0 IN (592,258,889,327,869,637)))) ORDER BY 1,2 DESC
----
297
7
725
8
823
9

query II valuesort label-2350
SELECT pk, col0 FROM tab3 WHERE ((((col4 > 759.50) OR ((col1 > 29.0 AND col3 = 286)) AND col0 IN (592,258,889,327,869,637)))) ORDER BY 1,2 DESC
----
297
7
725
8
823
9

query II valuesort label-2350
SELECT pk, col0 FROM tab4 WHERE ((((col4 > 759.50) OR ((col1 > 29.0 AND col3 = 286)) AND col0 IN (592,258,889,327,869,637)))) ORDER BY 1,2 DESC
----
297
7
725
8
823
9

query II valuesort label-2350
SELECT pk, col0 FROM tab0 WHERE ((((col4 > 759.50) OR ((col1 > 29.0 AND col3 = 286)) AND col0 IN (592,258,889,327,869,637)))) ORDER BY 2 DESC,1
----
297
7
725
8
823
9

query II valuesort label-2350
SELECT pk, col0 FROM tab1 WHERE ((((col4 > 759.50) OR ((col1 > 29.0 AND col3 = 286)) AND col0 IN (592,258,889,327,869,637)))) ORDER BY 2 DESC,1
----
297
7
725
8
823
9

query II valuesort label-2350
SELECT pk, col0 FROM tab2 WHERE ((((col4 > 759.50) OR ((col1 > 29.0 AND col3 = 286)) AND col0 IN (592,258,889,327,869,637)))) ORDER BY 2 DESC,1
----
297
7
725
8
823
9

query II valuesort label-2350
SELECT pk, col0 FROM tab3 WHERE ((((col4 > 759.50) OR ((col1 > 29.0 AND col3 = 286)) AND col0 IN (592,258,889,327,869,637)))) ORDER BY 2 DESC,1
----
297
7
725
8
823
9

query II valuesort label-2350
SELECT pk, col0 FROM tab4 WHERE ((((col4 > 759.50) OR ((col1 > 29.0 AND col3 = 286)) AND col0 IN (592,258,889,327,869,637)))) ORDER BY 2 DESC,1
----
297
7
725
8
823
9

query II valuesort label-2350
SELECT pk, col0 FROM tab0 WHERE ((((col4 > 759.50) OR ((col1 > 29.0 AND col3 = 286)) AND col0 IN (592,258,889,327,869,637)))) ORDER BY 2,1
----
297
7
725
8
823
9

query II valuesort label-2350
SELECT pk, col0 FROM tab1 WHERE ((((col4 > 759.50) OR ((col1 > 29.0 AND col3 = 286)) AND col0 IN (592,258,889,327,869,637)))) ORDER BY 2,1
----
297
7
725
8
823
9

query II valuesort label-2350
SELECT pk, col0 FROM tab2 WHERE ((((col4 > 759.50) OR ((col1 > 29.0 AND col3 = 286)) AND col0 IN (592,258,889,327,869,637)))) ORDER BY 2,1
----
297
7
725
8
823
9

query II valuesort label-2350
SELECT pk, col0 FROM tab3 WHERE ((((col4 > 759.50) OR ((col1 > 29.0 AND col3 = 286)) AND col0 IN (592,258,889,327,869,637)))) ORDER BY 2,1
----
297
7
725
8
823
9

query II valuesort label-2350
SELECT pk, col0 FROM tab4 WHERE ((((col4 > 759.50) OR ((col1 > 29.0 AND col3 = 286)) AND col0 IN (592,258,889,327,869,637)))) ORDER BY 2,1
----
297
7
725
8
823
9

query II valuesort label-2350
SELECT pk, col0 FROM tab0 WHERE ((((col4 > 759.50) OR ((col1 > 29.0 AND col3 = 286)) AND col0 IN (592,258,889,327,869,637)))) ORDER BY 1 DESC,2
----
297
7
725
8
823
9

query II valuesort label-2350
SELECT pk, col0 FROM tab1 WHERE ((((col4 > 759.50) OR ((col1 > 29.0 AND col3 = 286)) AND col0 IN (592,258,889,327,869,637)))) ORDER BY 1 DESC,2
----
297
7
725
8
823
9

query II valuesort label-2350
SELECT pk, col0 FROM tab2 WHERE ((((col4 > 759.50) OR ((col1 > 29.0 AND col3 = 286)) AND col0 IN (592,258,889,327,869,637)))) ORDER BY 1 DESC,2
----
297
7
725
8
823
9

query II valuesort label-2350
SELECT pk, col0 FROM tab3 WHERE ((((col4 > 759.50) OR ((col1 > 29.0 AND col3 = 286)) AND col0 IN (592,258,889,327,869,637)))) ORDER BY 1 DESC,2
----
297
7
725
8
823
9

query II valuesort label-2350
SELECT pk, col0 FROM tab4 WHERE ((((col4 > 759.50) OR ((col1 > 29.0 AND col3 = 286)) AND col0 IN (592,258,889,327,869,637)))) ORDER BY 1 DESC,2
----
297
7
725
8
823
9

query II valuesort label-2350
SELECT pk, col0 FROM tab0 WHERE ((((col4 > 759.50) OR ((col1 > 29.0 AND col3 = 286)) AND col0 IN (592,258,889,327,869,637)))) ORDER BY 1,2
----
297
7
725
8
823
9

query II valuesort label-2350
SELECT pk, col0 FROM tab1 WHERE ((((col4 > 759.50) OR ((col1 > 29.0 AND col3 = 286)) AND col0 IN (592,258,889,327,869,637)))) ORDER BY 1,2
----
297
7
725
8
823
9

query II valuesort label-2350
SELECT pk, col0 FROM tab2 WHERE ((((col4 > 759.50) OR ((col1 > 29.0 AND col3 = 286)) AND col0 IN (592,258,889,327,869,637)))) ORDER BY 1,2
----
297
7
725
8
823
9

query II valuesort label-2350
SELECT pk, col0 FROM tab3 WHERE ((((col4 > 759.50) OR ((col1 > 29.0 AND col3 = 286)) AND col0 IN (592,258,889,327,869,637)))) ORDER BY 1,2
----
297
7
725
8
823
9

query II valuesort label-2350
SELECT pk, col0 FROM tab4 WHERE ((((col4 > 759.50) OR ((col1 > 29.0 AND col3 = 286)) AND col0 IN (592,258,889,327,869,637)))) ORDER BY 1,2
----
297
7
725
8
823
9

query I valuesort label-2400
SELECT pk FROM tab0 WHERE col0 = 33 ORDER BY 1 DESC
----

query I valuesort label-2400
SELECT pk FROM tab1 WHERE col0 = 33 ORDER BY 1 DESC
----

query I valuesort label-2400
SELECT pk FROM tab2 WHERE col0 = 33 ORDER BY 1 DESC
----

query I valuesort label-2400
SELECT pk FROM tab3 WHERE col0 = 33 ORDER BY 1 DESC
----

query I valuesort label-2400
SELECT pk FROM tab4 WHERE col0 = 33 ORDER BY 1 DESC
----

query I valuesort label-2400
SELECT pk FROM tab0 WHERE col0 = 33 ORDER BY 1
----

query I valuesort label-2400
SELECT pk FROM tab1 WHERE col0 = 33 ORDER BY 1
----

query I valuesort label-2400
SELECT pk FROM tab2 WHERE col0 = 33 ORDER BY 1
----

query I valuesort label-2400
SELECT pk FROM tab3 WHERE col0 = 33 ORDER BY 1
----

query I valuesort label-2400
SELECT pk FROM tab4 WHERE col0 = 33 ORDER BY 1
----

query II valuesort label-2410
SELECT pk, col0 FROM tab0 WHERE col0 = 33 ORDER BY 1 DESC
----

query II valuesort label-2410
SELECT pk, col0 FROM tab1 WHERE col0 = 33 ORDER BY 1 DESC
----

query II valuesort label-2410
SELECT pk, col0 FROM tab2 WHERE col0 = 33 ORDER BY 1 DESC
----

query II valuesort label-2410
SELECT pk, col0 FROM tab3 WHERE col0 = 33 ORDER BY 1 DESC
----

query II valuesort label-2410
SELECT pk, col0 FROM tab4 WHERE col0 = 33 ORDER BY 1 DESC
----

query II valuesort label-2410
SELECT pk, col0 FROM tab0 WHERE col0 = 33 ORDER BY 2 DESC
----

query II valuesort label-2410
SELECT pk, col0 FROM tab1 WHERE col0 = 33 ORDER BY 2 DESC
----

query II valuesort label-2410
SELECT pk, col0 FROM tab2 WHERE col0 = 33 ORDER BY 2 DESC
----

query II valuesort label-2410
SELECT pk, col0 FROM tab3 WHERE col0 = 33 ORDER BY 2 DESC
----

query II valuesort label-2410
SELECT pk, col0 FROM tab4 WHERE col0 = 33 ORDER BY 2 DESC
----

query II valuesort label-2410
SELECT pk, col0 FROM tab0 WHERE col0 = 33 ORDER BY 1
----

query II valuesort label-2410
SELECT pk, col0 FROM tab1 WHERE col0 = 33 ORDER BY 1
----

query II valuesort label-2410
SELECT pk, col0 FROM tab2 WHERE col0 = 33 ORDER BY 1
----

query II valuesort label-2410
SELECT pk, col0 FROM tab3 WHERE col0 = 33 ORDER BY 1
----

query II valuesort label-2410
SELECT pk, col0 FROM tab4 WHERE col0 = 33 ORDER BY 1
----

query II valuesort label-2410
SELECT pk, col0 FROM tab0 WHERE col0 = 33 ORDER BY 2
----

query II valuesort label-2410
SELECT pk, col0 FROM tab1 WHERE col0 = 33 ORDER BY 2
----

query II valuesort label-2410
SELECT pk, col0 FROM tab2 WHERE col0 = 33 ORDER BY 2
----

query II valuesort label-2410
SELECT pk, col0 FROM tab3 WHERE col0 = 33 ORDER BY 2
----

query II valuesort label-2410
SELECT pk, col0 FROM tab4 WHERE col0 = 33 ORDER BY 2
----

query II valuesort label-2410
SELECT pk, col0 FROM tab0 WHERE col0 = 33 ORDER BY 1 DESC,2 DESC
----

query II valuesort label-2410
SELECT pk, col0 FROM tab1 WHERE col0 = 33 ORDER BY 1 DESC,2 DESC
----

query II valuesort label-2410
SELECT pk, col0 FROM tab2 WHERE col0 = 33 ORDER BY 1 DESC,2 DESC
----

query II valuesort label-2410
SELECT pk, col0 FROM tab3 WHERE col0 = 33 ORDER BY 1 DESC,2 DESC
----

query II valuesort label-2410
SELECT pk, col0 FROM tab4 WHERE col0 = 33 ORDER BY 1 DESC,2 DESC
----

query II valuesort label-2410
SELECT pk, col0 FROM tab0 WHERE col0 = 33 ORDER BY 1,2 DESC
----

query II valuesort label-2410
SELECT pk, col0 FROM tab1 WHERE col0 = 33 ORDER BY 1,2 DESC
----

query II valuesort label-2410
SELECT pk, col0 FROM tab2 WHERE col0 = 33 ORDER BY 1,2 DESC
----

query II valuesort label-2410
SELECT pk, col0 FROM tab3 WHERE col0 = 33 ORDER BY 1,2 DESC
----

query II valuesort label-2410
SELECT pk, col0 FROM tab4 WHERE col0 = 33 ORDER BY 1,2 DESC
----

query II valuesort label-2410
SELECT pk, col0 FROM tab0 WHERE col0 = 33 ORDER BY 2 DESC,1
----

query II valuesort label-2410
SELECT pk, col0 FROM tab1 WHERE col0 = 33 ORDER BY 2 DESC,1
----

query II valuesort label-2410
SELECT pk, col0 FROM tab2 WHERE col0 = 33 ORDER BY 2 DESC,1
----

query II valuesort label-2410
SELECT pk, col0 FROM tab3 WHERE col0 = 33 ORDER BY 2 DESC,1
----

query II valuesort label-2410
SELECT pk, col0 FROM tab4 WHERE col0 = 33 ORDER BY 2 DESC,1
----

query II valuesort label-2410
SELECT pk, col0 FROM tab0 WHERE col0 = 33 ORDER BY 2,1
----

query II valuesort label-2410
SELECT pk, col0 FROM tab1 WHERE col0 = 33 ORDER BY 2,1
----

query II valuesort label-2410
SELECT pk, col0 FROM tab2 WHERE col0 = 33 ORDER BY 2,1
----

query II valuesort label-2410
SELECT pk, col0 FROM tab3 WHERE col0 = 33 ORDER BY 2,1
----

query II valuesort label-2410
SELECT pk, col0 FROM tab4 WHERE col0 = 33 ORDER BY 2,1
----

query II valuesort label-2410
SELECT pk, col0 FROM tab0 WHERE col0 = 33 ORDER BY 1 DESC,2
----

query II valuesort label-2410
SELECT pk, col0 FROM tab1 WHERE col0 = 33 ORDER BY 1 DESC,2
----

query II valuesort label-2410
SELECT pk, col0 FROM tab2 WHERE col0 = 33 ORDER BY 1 DESC,2
----

query II valuesort label-2410
SELECT pk, col0 FROM tab3 WHERE col0 = 33 ORDER BY 1 DESC,2
----

query II valuesort label-2410
SELECT pk, col0 FROM tab4 WHERE col0 = 33 ORDER BY 1 DESC,2
----

query II valuesort label-2410
SELECT pk, col0 FROM tab0 WHERE col0 = 33 ORDER BY 1,2
----

query II valuesort label-2410
SELECT pk, col0 FROM tab1 WHERE col0 = 33 ORDER BY 1,2
----

query II valuesort label-2410
SELECT pk, col0 FROM tab2 WHERE col0 = 33 ORDER BY 1,2
----

query II valuesort label-2410
SELECT pk, col0 FROM tab3 WHERE col0 = 33 ORDER BY 1,2
----

query II valuesort label-2410
SELECT pk, col0 FROM tab4 WHERE col0 = 33 ORDER BY 1,2
----

query I valuesort label-2460
SELECT pk FROM tab0 WHERE col3 <= 920 ORDER BY 1 DESC
----
9 values hashing to 7c052a6f22ec636843783dd115badb9d

query I valuesort label-2460
SELECT pk FROM tab1 WHERE col3 <= 920 ORDER BY 1 DESC
----
9 values hashing to 7c052a6f22ec636843783dd115badb9d

query I valuesort label-2460
SELECT pk FROM tab2 WHERE col3 <= 920 ORDER BY 1 DESC
----
9 values hashing to 7c052a6f22ec636843783dd115badb9d

query I valuesort label-2460
SELECT pk FROM tab3 WHERE col3 <= 920 ORDER BY 1 DESC
----
9 values hashing to 7c052a6f22ec636843783dd115badb9d

query I valuesort label-2460
SELECT pk FROM tab4 WHERE col3 <= 920 ORDER BY 1 DESC
----
9 values hashing to 7c052a6f22ec636843783dd115badb9d

query I valuesort label-2460
SELECT pk FROM tab0 WHERE col3 <= 920 ORDER BY 1
----
9 values hashing to 7c052a6f22ec636843783dd115badb9d

query I valuesort label-2460
SELECT pk FROM tab1 WHERE col3 <= 920 ORDER BY 1
----
9 values hashing to 7c052a6f22ec636843783dd115badb9d

query I valuesort label-2460
SELECT pk FROM tab2 WHERE col3 <= 920 ORDER BY 1
----
9 values hashing to 7c052a6f22ec636843783dd115badb9d

query I valuesort label-2460
SELECT pk FROM tab3 WHERE col3 <= 920 ORDER BY 1
----
9 values hashing to 7c052a6f22ec636843783dd115badb9d

query I valuesort label-2460
SELECT pk FROM tab4 WHERE col3 <= 920 ORDER BY 1
----
9 values hashing to 7c052a6f22ec636843783dd115badb9d

query II valuesort label-2470
SELECT pk, col0 FROM tab0 WHERE col3 <= 920 ORDER BY 1 DESC
----
18 values hashing to 62b727df77d5f16dcb825ea5d5340400

query II valuesort label-2470
SELECT pk, col0 FROM tab1 WHERE col3 <= 920 ORDER BY 1 DESC
----
18 values hashing to 62b727df77d5f16dcb825ea5d5340400

query II valuesort label-2470
SELECT pk, col0 FROM tab2 WHERE col3 <= 920 ORDER BY 1 DESC
----
18 values hashing to 62b727df77d5f16dcb825ea5d5340400

query II valuesort label-2470
SELECT pk, col0 FROM tab3 WHERE col3 <= 920 ORDER BY 1 DESC
----
18 values hashing to 62b727df77d5f16dcb825ea5d5340400

query II valuesort label-2470
SELECT pk, col0 FROM tab4 WHERE col3 <= 920 ORDER BY 1 DESC
----
18 values hashing to 62b727df77d5f16dcb825ea5d5340400

query II valuesort label-2470
SELECT pk, col0 FROM tab0 WHERE col3 <= 920 ORDER BY 2 DESC
----
18 values hashing to 62b727df77d5f16dcb825ea5d5340400

query II valuesort label-2470
SELECT pk, col0 FROM tab1 WHERE col3 <= 920 ORDER BY 2 DESC
----
18 values hashing to 62b727df77d5f16dcb825ea5d5340400

query II valuesort label-2470
SELECT pk, col0 FROM tab2 WHERE col3 <= 920 ORDER BY 2 DESC
----
18 values hashing to 62b727df77d5f16dcb825ea5d5340400

query II valuesort label-2470
SELECT pk, col0 FROM tab3 WHERE col3 <= 920 ORDER BY 2 DESC
----
18 values hashing to 62b727df77d5f16dcb825ea5d5340400

query II valuesort label-2470
SELECT pk, col0 FROM tab4 WHERE col3 <= 920 ORDER BY 2 DESC
----
18 values hashing to 62b727df77d5f16dcb825ea5d5340400

query II valuesort label-2470
SELECT pk, col0 FROM tab0 WHERE col3 <= 920 ORDER BY 1
----
18 values hashing to 62b727df77d5f16dcb825ea5d5340400

query II valuesort label-2470
SELECT pk, col0 FROM tab1 WHERE col3 <= 920 ORDER BY 1
----
18 values hashing to 62b727df77d5f16dcb825ea5d5340400

query II valuesort label-2470
SELECT pk, col0 FROM tab2 WHERE col3 <= 920 ORDER BY 1
----
18 values hashing to 62b727df77d5f16dcb825ea5d5340400

query II valuesort label-2470
SELECT pk, col0 FROM tab3 WHERE col3 <= 920 ORDER BY 1
----
18 values hashing to 62b727df77d5f16dcb825ea5d5340400

query II valuesort label-2470
SELECT pk, col0 FROM tab4 WHERE col3 <= 920 ORDER BY 1
----
18 values hashing to 62b727df77d5f16dcb825ea5d5340400

query II valuesort label-2470
SELECT pk, col0 FROM tab0 WHERE col3 <= 920 ORDER BY 2
----
18 values hashing to 62b727df77d5f16dcb825ea5d5340400

query II valuesort label-2470
SELECT pk, col0 FROM tab1 WHERE col3 <= 920 ORDER BY 2
----
18 values hashing to 62b727df77d5f16dcb825ea5d5340400

query II valuesort label-2470
SELECT pk, col0 FROM tab2 WHERE col3 <= 920 ORDER BY 2
----
18 values hashing to 62b727df77d5f16dcb825ea5d5340400

query II valuesort label-2470
SELECT pk, col0 FROM tab3 WHERE col3 <= 920 ORDER BY 2
----
18 values hashing to 62b727df77d5f16dcb825ea5d5340400

query II valuesort label-2470
SELECT pk, col0 FROM tab4 WHERE col3 <= 920 ORDER BY 2
----
18 values hashing to 62b727df77d5f16dcb825ea5d5340400

query II valuesort label-2470
SELECT pk, col0 FROM tab0 WHERE col3 <= 920 ORDER BY 1 DESC,2 DESC
----
18 values hashing to 62b727df77d5f16dcb825ea5d5340400

query II valuesort label-2470
SELECT pk, col0 FROM tab1 WHERE col3 <= 920 ORDER BY 1 DESC,2 DESC
----
18 values hashing to 62b727df77d5f16dcb825ea5d5340400

query II valuesort label-2470
SELECT pk, col0 FROM tab2 WHERE col3 <= 920 ORDER BY 1 DESC,2 DESC
----
18 values hashing to 62b727df77d5f16dcb825ea5d5340400

query II valuesort label-2470
SELECT pk, col0 FROM tab3 WHERE col3 <= 920 ORDER BY 1 DESC,2 DESC
----
18 values hashing to 62b727df77d5f16dcb825ea5d5340400

query II valuesort label-2470
SELECT pk, col0 FROM tab4 WHERE col3 <= 920 ORDER BY 1 DESC,2 DESC
----
18 values hashing to 62b727df77d5f16dcb825ea5d5340400

query II valuesort label-2470
SELECT pk, col0 FROM tab0 WHERE col3 <= 920 ORDER BY 1,2 DESC
----
18 values hashing to 62b727df77d5f16dcb825ea5d5340400

query II valuesort label-2470
SELECT pk, col0 FROM tab1 WHERE col3 <= 920 ORDER BY 1,2 DESC
----
18 values hashing to 62b727df77d5f16dcb825ea5d5340400

query II valuesort label-2470
SELECT pk, col0 FROM tab2 WHERE col3 <= 920 ORDER BY 1,2 DESC
----
18 values hashing to 62b727df77d5f16dcb825ea5d5340400

query II valuesort label-2470
SELECT pk, col0 FROM tab3 WHERE col3 <= 920 ORDER BY 1,2 DESC
----
18 values hashing to 62b727df77d5f16dcb825ea5d5340400

query II valuesort label-2470
SELECT pk, col0 FROM tab4 WHERE col3 <= 920 ORDER BY 1,2 DESC
----
18 values hashing to 62b727df77d5f16dcb825ea5d5340400

query II valuesort label-2470
SELECT pk, col0 FROM tab0 WHERE col3 <= 920 ORDER BY 2 DESC,1
----
18 values hashing to 62b727df77d5f16dcb825ea5d5340400

query II valuesort label-2470
SELECT pk, col0 FROM tab1 WHERE col3 <= 920 ORDER BY 2 DESC,1
----
18 values hashing to 62b727df77d5f16dcb825ea5d5340400

query II valuesort label-2470
SELECT pk, col0 FROM tab2 WHERE col3 <= 920 ORDER BY 2 DESC,1
----
18 values hashing to 62b727df77d5f16dcb825ea5d5340400

query II valuesort label-2470
SELECT pk, col0 FROM tab3 WHERE col3 <= 920 ORDER BY 2 DESC,1
----
18 values hashing to 62b727df77d5f16dcb825ea5d5340400

query II valuesort label-2470
SELECT pk, col0 FROM tab4 WHERE col3 <= 920 ORDER BY 2 DESC,1
----
18 values hashing to 62b727df77d5f16dcb825ea5d5340400

query II valuesort label-2470
SELECT pk, col0 FROM tab0 WHERE col3 <= 920 ORDER BY 2,1
----
18 values hashing to 62b727df77d5f16dcb825ea5d5340400

query II valuesort label-2470
SELECT pk, col0 FROM tab1 WHERE col3 <= 920 ORDER BY 2,1
----
18 values hashing to 62b727df77d5f16dcb825ea5d5340400

query II valuesort label-2470
SELECT pk, col0 FROM tab2 WHERE col3 <= 920 ORDER BY 2,1
----
18 values hashing to 62b727df77d5f16dcb825ea5d5340400

query II valuesort label-2470
SELECT pk, col0 FROM tab3 WHERE col3 <= 920 ORDER BY 2,1
----
18 values hashing to 62b727df77d5f16dcb825ea5d5340400

query II valuesort label-2470
SELECT pk, col0 FROM tab4 WHERE col3 <= 920 ORDER BY 2,1
----
18 values hashing to 62b727df77d5f16dcb825ea5d5340400

query II valuesort label-2470
SELECT pk, col0 FROM tab0 WHERE col3 <= 920 ORDER BY 1 DESC,2
----
18 values hashing to 62b727df77d5f16dcb825ea5d5340400

query II valuesort label-2470
SELECT pk, col0 FROM tab1 WHERE col3 <= 920 ORDER BY 1 DESC,2
----
18 values hashing to 62b727df77d5f16dcb825ea5d5340400

query II valuesort label-2470
SELECT pk, col0 FROM tab2 WHERE col3 <= 920 ORDER BY 1 DESC,2
----
18 values hashing to 62b727df77d5f16dcb825ea5d5340400

query II valuesort label-2470
SELECT pk, col0 FROM tab3 WHERE col3 <= 920 ORDER BY 1 DESC,2
----
18 values hashing to 62b727df77d5f16dcb825ea5d5340400

query II valuesort label-2470
SELECT pk, col0 FROM tab4 WHERE col3 <= 920 ORDER BY 1 DESC,2
----
18 values hashing to 62b727df77d5f16dcb825ea5d5340400

query II valuesort label-2470
SELECT pk, col0 FROM tab0 WHERE col3 <= 920 ORDER BY 1,2
----
18 values hashing to 62b727df77d5f16dcb825ea5d5340400

query II valuesort label-2470
SELECT pk, col0 FROM tab1 WHERE col3 <= 920 ORDER BY 1,2
----
18 values hashing to 62b727df77d5f16dcb825ea5d5340400

query II valuesort label-2470
SELECT pk, col0 FROM tab2 WHERE col3 <= 920 ORDER BY 1,2
----
18 values hashing to 62b727df77d5f16dcb825ea5d5340400

query II valuesort label-2470
SELECT pk, col0 FROM tab3 WHERE col3 <= 920 ORDER BY 1,2
----
18 values hashing to 62b727df77d5f16dcb825ea5d5340400

query II valuesort label-2470
SELECT pk, col0 FROM tab4 WHERE col3 <= 920 ORDER BY 1,2
----
18 values hashing to 62b727df77d5f16dcb825ea5d5340400

query I valuesort label-2520
SELECT pk FROM tab0 WHERE (col0 > 975) ORDER BY 1 DESC
----

query I valuesort label-2520
SELECT pk FROM tab1 WHERE (col0 > 975) ORDER BY 1 DESC
----

query I valuesort label-2520
SELECT pk FROM tab2 WHERE (col0 > 975) ORDER BY 1 DESC
----

query I valuesort label-2520
SELECT pk FROM tab3 WHERE (col0 > 975) ORDER BY 1 DESC
----

query I valuesort label-2520
SELECT pk FROM tab4 WHERE (col0 > 975) ORDER BY 1 DESC
----

query I valuesort label-2520
SELECT pk FROM tab0 WHERE (col0 > 975) ORDER BY 1
----

query I valuesort label-2520
SELECT pk FROM tab1 WHERE (col0 > 975) ORDER BY 1
----

query I valuesort label-2520
SELECT pk FROM tab2 WHERE (col0 > 975) ORDER BY 1
----

query I valuesort label-2520
SELECT pk FROM tab3 WHERE (col0 > 975) ORDER BY 1
----

query I valuesort label-2520
SELECT pk FROM tab4 WHERE (col0 > 975) ORDER BY 1
----

query II valuesort label-2530
SELECT pk, col0 FROM tab0 WHERE (col0 > 975) ORDER BY 1 DESC
----

query II valuesort label-2530
SELECT pk, col0 FROM tab1 WHERE (col0 > 975) ORDER BY 1 DESC
----

query II valuesort label-2530
SELECT pk, col0 FROM tab2 WHERE (col0 > 975) ORDER BY 1 DESC
----

query II valuesort label-2530
SELECT pk, col0 FROM tab3 WHERE (col0 > 975) ORDER BY 1 DESC
----

query II valuesort label-2530
SELECT pk, col0 FROM tab4 WHERE (col0 > 975) ORDER BY 1 DESC
----

query II valuesort label-2530
SELECT pk, col0 FROM tab0 WHERE (col0 > 975) ORDER BY 2 DESC
----

query II valuesort label-2530
SELECT pk, col0 FROM tab1 WHERE (col0 > 975) ORDER BY 2 DESC
----

query II valuesort label-2530
SELECT pk, col0 FROM tab2 WHERE (col0 > 975) ORDER BY 2 DESC
----

query II valuesort label-2530
SELECT pk, col0 FROM tab3 WHERE (col0 > 975) ORDER BY 2 DESC
----

query II valuesort label-2530
SELECT pk, col0 FROM tab4 WHERE (col0 > 975) ORDER BY 2 DESC
----

query II valuesort label-2530
SELECT pk, col0 FROM tab0 WHERE (col0 > 975) ORDER BY 1
----

query II valuesort label-2530
SELECT pk, col0 FROM tab1 WHERE (col0 > 975) ORDER BY 1
----

query II valuesort label-2530
SELECT pk, col0 FROM tab2 WHERE (col0 > 975) ORDER BY 1
----

query II valuesort label-2530
SELECT pk, col0 FROM tab3 WHERE (col0 > 975) ORDER BY 1
----

query II valuesort label-2530
SELECT pk, col0 FROM tab4 WHERE (col0 > 975) ORDER BY 1
----

query II valuesort label-2530
SELECT pk, col0 FROM tab0 WHERE (col0 > 975) ORDER BY 2
----

query II valuesort label-2530
SELECT pk, col0 FROM tab1 WHERE (col0 > 975) ORDER BY 2
----

query II valuesort label-2530
SELECT pk, col0 FROM tab2 WHERE (col0 > 975) ORDER BY 2
----

query II valuesort label-2530
SELECT pk, col0 FROM tab3 WHERE (col0 > 975) ORDER BY 2
----

query II valuesort label-2530
SELECT pk, col0 FROM tab4 WHERE (col0 > 975) ORDER BY 2
----

query II valuesort label-2530
SELECT pk, col0 FROM tab0 WHERE (col0 > 975) ORDER BY 1 DESC,2 DESC
----

query II valuesort label-2530
SELECT pk, col0 FROM tab1 WHERE (col0 > 975) ORDER BY 1 DESC,2 DESC
----

query II valuesort label-2530
SELECT pk, col0 FROM tab2 WHERE (col0 > 975) ORDER BY 1 DESC,2 DESC
----

query II valuesort label-2530
SELECT pk, col0 FROM tab3 WHERE (col0 > 975) ORDER BY 1 DESC,2 DESC
----

query II valuesort label-2530
SELECT pk, col0 FROM tab4 WHERE (col0 > 975) ORDER BY 1 DESC,2 DESC
----

query II valuesort label-2530
SELECT pk, col0 FROM tab0 WHERE (col0 > 975) ORDER BY 1,2 DESC
----

query II valuesort label-2530
SELECT pk, col0 FROM tab1 WHERE (col0 > 975) ORDER BY 1,2 DESC
----

query II valuesort label-2530
SELECT pk, col0 FROM tab2 WHERE (col0 > 975) ORDER BY 1,2 DESC
----

query II valuesort label-2530
SELECT pk, col0 FROM tab3 WHERE (col0 > 975) ORDER BY 1,2 DESC
----

query II valuesort label-2530
SELECT pk, col0 FROM tab4 WHERE (col0 > 975) ORDER BY 1,2 DESC
----

query II valuesort label-2530
SELECT pk, col0 FROM tab0 WHERE (col0 > 975) ORDER BY 2 DESC,1
----

query II valuesort label-2530
SELECT pk, col0 FROM tab1 WHERE (col0 > 975) ORDER BY 2 DESC,1
----

query II valuesort label-2530
SELECT pk, col0 FROM tab2 WHERE (col0 > 975) ORDER BY 2 DESC,1
----

query II valuesort label-2530
SELECT pk, col0 FROM tab3 WHERE (col0 > 975) ORDER BY 2 DESC,1
----

query II valuesort label-2530
SELECT pk, col0 FROM tab4 WHERE (col0 > 975) ORDER BY 2 DESC,1
----

query II valuesort label-2530
SELECT pk, col0 FROM tab0 WHERE (col0 > 975) ORDER BY 2,1
----

query II valuesort label-2530
SELECT pk, col0 FROM tab1 WHERE (col0 > 975) ORDER BY 2,1
----

query II valuesort label-2530
SELECT pk, col0 FROM tab2 WHERE (col0 > 975) ORDER BY 2,1
----

query II valuesort label-2530
SELECT pk, col0 FROM tab3 WHERE (col0 > 975) ORDER BY 2,1
----

query II valuesort label-2530
SELECT pk, col0 FROM tab4 WHERE (col0 > 975) ORDER BY 2,1
----

query II valuesort label-2530
SELECT pk, col0 FROM tab0 WHERE (col0 > 975) ORDER BY 1 DESC,2
----

query II valuesort label-2530
SELECT pk, col0 FROM tab1 WHERE (col0 > 975) ORDER BY 1 DESC,2
----

query II valuesort label-2530
SELECT pk, col0 FROM tab2 WHERE (col0 > 975) ORDER BY 1 DESC,2
----

query II valuesort label-2530
SELECT pk, col0 FROM tab3 WHERE (col0 > 975) ORDER BY 1 DESC,2
----

query II valuesort label-2530
SELECT pk, col0 FROM tab4 WHERE (col0 > 975) ORDER BY 1 DESC,2
----

query II valuesort label-2530
SELECT pk, col0 FROM tab0 WHERE (col0 > 975) ORDER BY 1,2
----

query II valuesort label-2530
SELECT pk, col0 FROM tab1 WHERE (col0 > 975) ORDER BY 1,2
----

query II valuesort label-2530
SELECT pk, col0 FROM tab2 WHERE (col0 > 975) ORDER BY 1,2
----

query II valuesort label-2530
SELECT pk, col0 FROM tab3 WHERE (col0 > 975) ORDER BY 1,2
----

query II valuesort label-2530
SELECT pk, col0 FROM tab4 WHERE (col0 > 975) ORDER BY 1,2
----

query I valuesort label-2580
SELECT pk FROM tab0 WHERE col0 < 12 ORDER BY 1 DESC
----

query I valuesort label-2580
SELECT pk FROM tab1 WHERE col0 < 12 ORDER BY 1 DESC
----

query I valuesort label-2580
SELECT pk FROM tab2 WHERE col0 < 12 ORDER BY 1 DESC
----

query I valuesort label-2580
SELECT pk FROM tab3 WHERE col0 < 12 ORDER BY 1 DESC
----

query I valuesort label-2580
SELECT pk FROM tab4 WHERE col0 < 12 ORDER BY 1 DESC
----

query I valuesort label-2580
SELECT pk FROM tab0 WHERE col0 < 12 ORDER BY 1
----

query I valuesort label-2580
SELECT pk FROM tab1 WHERE col0 < 12 ORDER BY 1
----

query I valuesort label-2580
SELECT pk FROM tab2 WHERE col0 < 12 ORDER BY 1
----

query I valuesort label-2580
SELECT pk FROM tab3 WHERE col0 < 12 ORDER BY 1
----

query I valuesort label-2580
SELECT pk FROM tab4 WHERE col0 < 12 ORDER BY 1
----

query II valuesort label-2590
SELECT pk, col0 FROM tab0 WHERE col0 < 12 ORDER BY 1 DESC
----

query II valuesort label-2590
SELECT pk, col0 FROM tab1 WHERE col0 < 12 ORDER BY 1 DESC
----

query II valuesort label-2590
SELECT pk, col0 FROM tab2 WHERE col0 < 12 ORDER BY 1 DESC
----

query II valuesort label-2590
SELECT pk, col0 FROM tab3 WHERE col0 < 12 ORDER BY 1 DESC
----

query II valuesort label-2590
SELECT pk, col0 FROM tab4 WHERE col0 < 12 ORDER BY 1 DESC
----

query II valuesort label-2590
SELECT pk, col0 FROM tab0 WHERE col0 < 12 ORDER BY 2 DESC
----

query II valuesort label-2590
SELECT pk, col0 FROM tab1 WHERE col0 < 12 ORDER BY 2 DESC
----

query II valuesort label-2590
SELECT pk, col0 FROM tab2 WHERE col0 < 12 ORDER BY 2 DESC
----

query II valuesort label-2590
SELECT pk, col0 FROM tab3 WHERE col0 < 12 ORDER BY 2 DESC
----

query II valuesort label-2590
SELECT pk, col0 FROM tab4 WHERE col0 < 12 ORDER BY 2 DESC
----

query II valuesort label-2590
SELECT pk, col0 FROM tab0 WHERE col0 < 12 ORDER BY 1
----

query II valuesort label-2590
SELECT pk, col0 FROM tab1 WHERE col0 < 12 ORDER BY 1
----

query II valuesort label-2590
SELECT pk, col0 FROM tab2 WHERE col0 < 12 ORDER BY 1
----

query II valuesort label-2590
SELECT pk, col0 FROM tab3 WHERE col0 < 12 ORDER BY 1
----

query II valuesort label-2590
SELECT pk, col0 FROM tab4 WHERE col0 < 12 ORDER BY 1
----

query II valuesort label-2590
SELECT pk, col0 FROM tab0 WHERE col0 < 12 ORDER BY 2
----

query II valuesort label-2590
SELECT pk, col0 FROM tab1 WHERE col0 < 12 ORDER BY 2
----

query II valuesort label-2590
SELECT pk, col0 FROM tab2 WHERE col0 < 12 ORDER BY 2
----

query II valuesort label-2590
SELECT pk, col0 FROM tab3 WHERE col0 < 12 ORDER BY 2
----

query II valuesort label-2590
SELECT pk, col0 FROM tab4 WHERE col0 < 12 ORDER BY 2
----

query II valuesort label-2590
SELECT pk, col0 FROM tab0 WHERE col0 < 12 ORDER BY 1 DESC,2 DESC
----

query II valuesort label-2590
SELECT pk, col0 FROM tab1 WHERE col0 < 12 ORDER BY 1 DESC,2 DESC
----

query II valuesort label-2590
SELECT pk, col0 FROM tab2 WHERE col0 < 12 ORDER BY 1 DESC,2 DESC
----

query II valuesort label-2590
SELECT pk, col0 FROM tab3 WHERE col0 < 12 ORDER BY 1 DESC,2 DESC
----

query II valuesort label-2590
SELECT pk, col0 FROM tab4 WHERE col0 < 12 ORDER BY 1 DESC,2 DESC
----

query II valuesort label-2590
SELECT pk, col0 FROM tab0 WHERE col0 < 12 ORDER BY 1,2 DESC
----

query II valuesort label-2590
SELECT pk, col0 FROM tab1 WHERE col0 < 12 ORDER BY 1,2 DESC
----

query II valuesort label-2590
SELECT pk, col0 FROM tab2 WHERE col0 < 12 ORDER BY 1,2 DESC
----

query II valuesort label-2590
SELECT pk, col0 FROM tab3 WHERE col0 < 12 ORDER BY 1,2 DESC
----

query II valuesort label-2590
SELECT pk, col0 FROM tab4 WHERE col0 < 12 ORDER BY 1,2 DESC
----

query II valuesort label-2590
SELECT pk, col0 FROM tab0 WHERE col0 < 12 ORDER BY 2 DESC,1
----

query II valuesort label-2590
SELECT pk, col0 FROM tab1 WHERE col0 < 12 ORDER BY 2 DESC,1
----

query II valuesort label-2590
SELECT pk, col0 FROM tab2 WHERE col0 < 12 ORDER BY 2 DESC,1
----

query II valuesort label-2590
SELECT pk, col0 FROM tab3 WHERE col0 < 12 ORDER BY 2 DESC,1
----

query II valuesort label-2590
SELECT pk, col0 FROM tab4 WHERE col0 < 12 ORDER BY 2 DESC,1
----

query II valuesort label-2590
SELECT pk, col0 FROM tab0 WHERE col0 < 12 ORDER BY 2,1
----

query II valuesort label-2590
SELECT pk, col0 FROM tab1 WHERE col0 < 12 ORDER BY 2,1
----

query II valuesort label-2590
SELECT pk, col0 FROM tab2 WHERE col0 < 12 ORDER BY 2,1
----

query II valuesort label-2590
SELECT pk, col0 FROM tab3 WHERE col0 < 12 ORDER BY 2,1
----

query II valuesort label-2590
SELECT pk, col0 FROM tab4 WHERE col0 < 12 ORDER BY 2,1
----

query II valuesort label-2590
SELECT pk, col0 FROM tab0 WHERE col0 < 12 ORDER BY 1 DESC,2
----

query II valuesort label-2590
SELECT pk, col0 FROM tab1 WHERE col0 < 12 ORDER BY 1 DESC,2
----

query II valuesort label-2590
SELECT pk, col0 FROM tab2 WHERE col0 < 12 ORDER BY 1 DESC,2
----

query II valuesort label-2590
SELECT pk, col0 FROM tab3 WHERE col0 < 12 ORDER BY 1 DESC,2
----

query II valuesort label-2590
SELECT pk, col0 FROM tab4 WHERE col0 < 12 ORDER BY 1 DESC,2
----

query II valuesort label-2590
SELECT pk, col0 FROM tab0 WHERE col0 < 12 ORDER BY 1,2
----

query II valuesort label-2590
SELECT pk, col0 FROM tab1 WHERE col0 < 12 ORDER BY 1,2
----

query II valuesort label-2590
SELECT pk, col0 FROM tab2 WHERE col0 < 12 ORDER BY 1,2
----

query II valuesort label-2590
SELECT pk, col0 FROM tab3 WHERE col0 < 12 ORDER BY 1,2
----

query II valuesort label-2590
SELECT pk, col0 FROM tab4 WHERE col0 < 12 ORDER BY 1,2
----

query I valuesort label-2640
SELECT pk FROM tab0 WHERE (((col4 IS NULL OR col1 = 627.44) AND ((col3 >= 838) OR col3 >= 679 OR col1 <= 755.6 OR col0 <= 241 OR col4 = 674.0) OR (((col4 = 317.85)) AND col0 > 400))) ORDER BY 1 DESC
----

query I valuesort label-2640
SELECT pk FROM tab1 WHERE (((col4 IS NULL OR col1 = 627.44) AND ((col3 >= 838) OR col3 >= 679 OR col1 <= 755.6 OR col0 <= 241 OR col4 = 674.0) OR (((col4 = 317.85)) AND col0 > 400))) ORDER BY 1 DESC
----

query I valuesort label-2640
SELECT pk FROM tab2 WHERE (((col4 IS NULL OR col1 = 627.44) AND ((col3 >= 838) OR col3 >= 679 OR col1 <= 755.6 OR col0 <= 241 OR col4 = 674.0) OR (((col4 = 317.85)) AND col0 > 400))) ORDER BY 1 DESC
----

query I valuesort label-2640
SELECT pk FROM tab3 WHERE (((col4 IS NULL OR col1 = 627.44) AND ((col3 >= 838) OR col3 >= 679 OR col1 <= 755.6 OR col0 <= 241 OR col4 = 674.0) OR (((col4 = 317.85)) AND col0 > 400))) ORDER BY 1 DESC
----

query I valuesort label-2640
SELECT pk FROM tab4 WHERE (((col4 IS NULL OR col1 = 627.44) AND ((col3 >= 838) OR col3 >= 679 OR col1 <= 755.6 OR col0 <= 241 OR col4 = 674.0) OR (((col4 = 317.85)) AND col0 > 400))) ORDER BY 1 DESC
----

query I valuesort label-2640
SELECT pk FROM tab0 WHERE (((col4 IS NULL OR col1 = 627.44) AND ((col3 >= 838) OR col3 >= 679 OR col1 <= 755.6 OR col0 <= 241 OR col4 = 674.0) OR (((col4 = 317.85)) AND col0 > 400))) ORDER BY 1
----

query I valuesort label-2640
SELECT pk FROM tab1 WHERE (((col4 IS NULL OR col1 = 627.44) AND ((col3 >= 838) OR col3 >= 679 OR col1 <= 755.6 OR col0 <= 241 OR col4 = 674.0) OR (((col4 = 317.85)) AND col0 > 400))) ORDER BY 1
----

query I valuesort label-2640
SELECT pk FROM tab2 WHERE (((col4 IS NULL OR col1 = 627.44) AND ((col3 >= 838) OR col3 >= 679 OR col1 <= 755.6 OR col0 <= 241 OR col4 = 674.0) OR (((col4 = 317.85)) AND col0 > 400))) ORDER BY 1
----

query I valuesort label-2640
SELECT pk FROM tab3 WHERE (((col4 IS NULL OR col1 = 627.44) AND ((col3 >= 838) OR col3 >= 679 OR col1 <= 755.6 OR col0 <= 241 OR col4 = 674.0) OR (((col4 = 317.85)) AND col0 > 400))) ORDER BY 1
----

query I valuesort label-2640
SELECT pk FROM tab4 WHERE (((col4 IS NULL OR col1 = 627.44) AND ((col3 >= 838) OR col3 >= 679 OR col1 <= 755.6 OR col0 <= 241 OR col4 = 674.0) OR (((col4 = 317.85)) AND col0 > 400))) ORDER BY 1
----

query II valuesort label-2650
SELECT pk, col0 FROM tab0 WHERE (((col4 IS NULL OR col1 = 627.44) AND ((col3 >= 838) OR col3 >= 679 OR col1 <= 755.6 OR col0 <= 241 OR col4 = 674.0) OR (((col4 = 317.85)) AND col0 > 400))) ORDER BY 1 DESC
----

query II valuesort label-2650
SELECT pk, col0 FROM tab1 WHERE (((col4 IS NULL OR col1 = 627.44) AND ((col3 >= 838) OR col3 >= 679 OR col1 <= 755.6 OR col0 <= 241 OR col4 = 674.0) OR (((col4 = 317.85)) AND col0 > 400))) ORDER BY 1 DESC
----

query II valuesort label-2650
SELECT pk, col0 FROM tab2 WHERE (((col4 IS NULL OR col1 = 627.44) AND ((col3 >= 838) OR col3 >= 679 OR col1 <= 755.6 OR col0 <= 241 OR col4 = 674.0) OR (((col4 = 317.85)) AND col0 > 400))) ORDER BY 1 DESC
----

query II valuesort label-2650
SELECT pk, col0 FROM tab3 WHERE (((col4 IS NULL OR col1 = 627.44) AND ((col3 >= 838) OR col3 >= 679 OR col1 <= 755.6 OR col0 <= 241 OR col4 = 674.0) OR (((col4 = 317.85)) AND col0 > 400))) ORDER BY 1 DESC
----

query II valuesort label-2650
SELECT pk, col0 FROM tab4 WHERE (((col4 IS NULL OR col1 = 627.44) AND ((col3 >= 838) OR col3 >= 679 OR col1 <= 755.6 OR col0 <= 241 OR col4 = 674.0) OR (((col4 = 317.85)) AND col0 > 400))) ORDER BY 1 DESC
----

query II valuesort label-2650
SELECT pk, col0 FROM tab0 WHERE (((col4 IS NULL OR col1 = 627.44) AND ((col3 >= 838) OR col3 >= 679 OR col1 <= 755.6 OR col0 <= 241 OR col4 = 674.0) OR (((col4 = 317.85)) AND col0 > 400))) ORDER BY 2 DESC
----

query II valuesort label-2650
SELECT pk, col0 FROM tab1 WHERE (((col4 IS NULL OR col1 = 627.44) AND ((col3 >= 838) OR col3 >= 679 OR col1 <= 755.6 OR col0 <= 241 OR col4 = 674.0) OR (((col4 = 317.85)) AND col0 > 400))) ORDER BY 2 DESC
----

query II valuesort label-2650
SELECT pk, col0 FROM tab2 WHERE (((col4 IS NULL OR col1 = 627.44) AND ((col3 >= 838) OR col3 >= 679 OR col1 <= 755.6 OR col0 <= 241 OR col4 = 674.0) OR (((col4 = 317.85)) AND col0 > 400))) ORDER BY 2 DESC
----

query II valuesort label-2650
SELECT pk, col0 FROM tab3 WHERE (((col4 IS NULL OR col1 = 627.44) AND ((col3 >= 838) OR col3 >= 679 OR col1 <= 755.6 OR col0 <= 241 OR col4 = 674.0) OR (((col4 = 317.85)) AND col0 > 400))) ORDER BY 2 DESC
----

query II valuesort label-2650
SELECT pk, col0 FROM tab4 WHERE (((col4 IS NULL OR col1 = 627.44) AND ((col3 >= 838) OR col3 >= 679 OR col1 <= 755.6 OR col0 <= 241 OR col4 = 674.0) OR (((col4 = 317.85)) AND col0 > 400))) ORDER BY 2 DESC
----

query II valuesort label-2650
SELECT pk, col0 FROM tab0 WHERE (((col4 IS NULL OR col1 = 627.44) AND ((col3 >= 838) OR col3 >= 679 OR col1 <= 755.6 OR col0 <= 241 OR col4 = 674.0) OR (((col4 = 317.85)) AND col0 > 400))) ORDER BY 1
----

query II valuesort label-2650
SELECT pk, col0 FROM tab1 WHERE (((col4 IS NULL OR col1 = 627.44) AND ((col3 >= 838) OR col3 >= 679 OR col1 <= 755.6 OR col0 <= 241 OR col4 = 674.0) OR (((col4 = 317.85)) AND col0 > 400))) ORDER BY 1
----

query II valuesort label-2650
SELECT pk, col0 FROM tab2 WHERE (((col4 IS NULL OR col1 = 627.44) AND ((col3 >= 838) OR col3 >= 679 OR col1 <= 755.6 OR col0 <= 241 OR col4 = 674.0) OR (((col4 = 317.85)) AND col0 > 400))) ORDER BY 1
----

query II valuesort label-2650
SELECT pk, col0 FROM tab3 WHERE (((col4 IS NULL OR col1 = 627.44) AND ((col3 >= 838) OR col3 >= 679 OR col1 <= 755.6 OR col0 <= 241 OR col4 = 674.0) OR (((col4 = 317.85)) AND col0 > 400))) ORDER BY 1
----

query II valuesort label-2650
SELECT pk, col0 FROM tab4 WHERE (((col4 IS NULL OR col1 = 627.44) AND ((col3 >= 838) OR col3 >= 679 OR col1 <= 755.6 OR col0 <= 241 OR col4 = 674.0) OR (((col4 = 317.85)) AND col0 > 400))) ORDER BY 1
----

query II valuesort label-2650
SELECT pk, col0 FROM tab0 WHERE (((col4 IS NULL OR col1 = 627.44) AND ((col3 >= 838) OR col3 >= 679 OR col1 <= 755.6 OR col0 <= 241 OR col4 = 674.0) OR (((col4 = 317.85)) AND col0 > 400))) ORDER BY 2
----

query II valuesort label-2650
SELECT pk, col0 FROM tab1 WHERE (((col4 IS NULL OR col1 = 627.44) AND ((col3 >= 838) OR col3 >= 679 OR col1 <= 755.6 OR col0 <= 241 OR col4 = 674.0) OR (((col4 = 317.85)) AND col0 > 400))) ORDER BY 2
----

query II valuesort label-2650
SELECT pk, col0 FROM tab2 WHERE (((col4 IS NULL OR col1 = 627.44) AND ((col3 >= 838) OR col3 >= 679 OR col1 <= 755.6 OR col0 <= 241 OR col4 = 674.0) OR (((col4 = 317.85)) AND col0 > 400))) ORDER BY 2
----

query II valuesort label-2650
SELECT pk, col0 FROM tab3 WHERE (((col4 IS NULL OR col1 = 627.44) AND ((col3 >= 838) OR col3 >= 679 OR col1 <= 755.6 OR col0 <= 241 OR col4 = 674.0) OR (((col4 = 317.85)) AND col0 > 400))) ORDER BY 2
----

query II valuesort label-2650
SELECT pk, col0 FROM tab4 WHERE (((col4 IS NULL OR col1 = 627.44) AND ((col3 >= 838) OR col3 >= 679 OR col1 <= 755.6 OR col0 <= 241 OR col4 = 674.0) OR (((col4 = 317.85)) AND col0 > 400))) ORDER BY 2
----

query II valuesort label-2650
SELECT pk, col0 FROM tab0 WHERE (((col4 IS NULL OR col1 = 627.44) AND ((col3 >= 838) OR col3 >= 679 OR col1 <= 755.6 OR col0 <= 241 OR col4 = 674.0) OR (((col4 = 317.85)) AND col0 > 400))) ORDER BY 1 DESC,2 DESC
----

query II valuesort label-2650
SELECT pk, col0 FROM tab1 WHERE (((col4 IS NULL OR col1 = 627.44) AND ((col3 >= 838) OR col3 >= 679 OR col1 <= 755.6 OR col0 <= 241 OR col4 = 674.0) OR (((col4 = 317.85)) AND col0 > 400))) ORDER BY 1 DESC,2 DESC
----

query II valuesort label-2650
SELECT pk, col0 FROM tab2 WHERE (((col4 IS NULL OR col1 = 627.44) AND ((col3 >= 838) OR col3 >= 679 OR col1 <= 755.6 OR col0 <= 241 OR col4 = 674.0) OR (((col4 = 317.85)) AND col0 > 400))) ORDER BY 1 DESC,2 DESC
----

query II valuesort label-2650
SELECT pk, col0 FROM tab3 WHERE (((col4 IS NULL OR col1 = 627.44) AND ((col3 >= 838) OR col3 >= 679 OR col1 <= 755.6 OR col0 <= 241 OR col4 = 674.0) OR (((col4 = 317.85)) AND col0 > 400))) ORDER BY 1 DESC,2 DESC
----

query II valuesort label-2650
SELECT pk, col0 FROM tab4 WHERE (((col4 IS NULL OR col1 = 627.44) AND ((col3 >= 838) OR col3 >= 679 OR col1 <= 755.6 OR col0 <= 241 OR col4 = 674.0) OR (((col4 = 317.85)) AND col0 > 400))) ORDER BY 1 DESC,2 DESC
----

query II valuesort label-2650
SELECT pk, col0 FROM tab0 WHERE (((col4 IS NULL OR col1 = 627.44) AND ((col3 >= 838) OR col3 >= 679 OR col1 <= 755.6 OR col0 <= 241 OR col4 = 674.0) OR (((col4 = 317.85)) AND col0 > 400))) ORDER BY 1,2 DESC
----

query II valuesort label-2650
SELECT pk, col0 FROM tab1 WHERE (((col4 IS NULL OR col1 = 627.44) AND ((col3 >= 838) OR col3 >= 679 OR col1 <= 755.6 OR col0 <= 241 OR col4 = 674.0) OR (((col4 = 317.85)) AND col0 > 400))) ORDER BY 1,2 DESC
----

query II valuesort label-2650
SELECT pk, col0 FROM tab2 WHERE (((col4 IS NULL OR col1 = 627.44) AND ((col3 >= 838) OR col3 >= 679 OR col1 <= 755.6 OR col0 <= 241 OR col4 = 674.0) OR (((col4 = 317.85)) AND col0 > 400))) ORDER BY 1,2 DESC
----

query II valuesort label-2650
SELECT pk, col0 FROM tab3 WHERE (((col4 IS NULL OR col1 = 627.44) AND ((col3 >= 838) OR col3 >= 679 OR col1 <= 755.6 OR col0 <= 241 OR col4 = 674.0) OR (((col4 = 317.85)) AND col0 > 400))) ORDER BY 1,2 DESC
----

query II valuesort label-2650
SELECT pk, col0 FROM tab4 WHERE (((col4 IS NULL OR col1 = 627.44) AND ((col3 >= 838) OR col3 >= 679 OR col1 <= 755.6 OR col0 <= 241 OR col4 = 674.0) OR (((col4 = 317.85)) AND col0 > 400))) ORDER BY 1,2 DESC
----

query II valuesort label-2650
SELECT pk, col0 FROM tab0 WHERE (((col4 IS NULL OR col1 = 627.44) AND ((col3 >= 838) OR col3 >= 679 OR col1 <= 755.6 OR col0 <= 241 OR col4 = 674.0) OR (((col4 = 317.85)) AND col0 > 400))) ORDER BY 2 DESC,1
----

query II valuesort label-2650
SELECT pk, col0 FROM tab1 WHERE (((col4 IS NULL OR col1 = 627.44) AND ((col3 >= 838) OR col3 >= 679 OR col1 <= 755.6 OR col0 <= 241 OR col4 = 674.0) OR (((col4 = 317.85)) AND col0 > 400))) ORDER BY 2 DESC,1
----

query II valuesort label-2650
SELECT pk, col0 FROM tab2 WHERE (((col4 IS NULL OR col1 = 627.44) AND ((col3 >= 838) OR col3 >= 679 OR col1 <= 755.6 OR col0 <= 241 OR col4 = 674.0) OR (((col4 = 317.85)) AND col0 > 400))) ORDER BY 2 DESC,1
----

query II valuesort label-2650
SELECT pk, col0 FROM tab3 WHERE (((col4 IS NULL OR col1 = 627.44) AND ((col3 >= 838) OR col3 >= 679 OR col1 <= 755.6 OR col0 <= 241 OR col4 = 674.0) OR (((col4 = 317.85)) AND col0 > 400))) ORDER BY 2 DESC,1
----

query II valuesort label-2650
SELECT pk, col0 FROM tab4 WHERE (((col4 IS NULL OR col1 = 627.44) AND ((col3 >= 838) OR col3 >= 679 OR col1 <= 755.6 OR col0 <= 241 OR col4 = 674.0) OR (((col4 = 317.85)) AND col0 > 400))) ORDER BY 2 DESC,1
----

query II valuesort label-2650
SELECT pk, col0 FROM tab0 WHERE (((col4 IS NULL OR col1 = 627.44) AND ((col3 >= 838) OR col3 >= 679 OR col1 <= 755.6 OR col0 <= 241 OR col4 = 674.0) OR (((col4 = 317.85)) AND col0 > 400))) ORDER BY 2,1
----

query II valuesort label-2650
SELECT pk, col0 FROM tab1 WHERE (((col4 IS NULL OR col1 = 627.44) AND ((col3 >= 838) OR col3 >= 679 OR col1 <= 755.6 OR col0 <= 241 OR col4 = 674.0) OR (((col4 = 317.85)) AND col0 > 400))) ORDER BY 2,1
----

query II valuesort label-2650
SELECT pk, col0 FROM tab2 WHERE (((col4 IS NULL OR col1 = 627.44) AND ((col3 >= 838) OR col3 >= 679 OR col1 <= 755.6 OR col0 <= 241 OR col4 = 674.0) OR (((col4 = 317.85)) AND col0 > 400))) ORDER BY 2,1
----

query II valuesort label-2650
SELECT pk, col0 FROM tab3 WHERE (((col4 IS NULL OR col1 = 627.44) AND ((col3 >= 838) OR col3 >= 679 OR col1 <= 755.6 OR col0 <= 241 OR col4 = 674.0) OR (((col4 = 317.85)) AND col0 > 400))) ORDER BY 2,1
----

query II valuesort label-2650
SELECT pk, col0 FROM tab4 WHERE (((col4 IS NULL OR col1 = 627.44) AND ((col3 >= 838) OR col3 >= 679 OR col1 <= 755.6 OR col0 <= 241 OR col4 = 674.0) OR (((col4 = 317.85)) AND col0 > 400))) ORDER BY 2,1
----

query II valuesort label-2650
SELECT pk, col0 FROM tab0 WHERE (((col4 IS NULL OR col1 = 627.44) AND ((col3 >= 838) OR col3 >= 679 OR col1 <= 755.6 OR col0 <= 241 OR col4 = 674.0) OR (((col4 = 317.85)) AND col0 > 400))) ORDER BY 1 DESC,2
----

query II valuesort label-2650
SELECT pk, col0 FROM tab1 WHERE (((col4 IS NULL OR col1 = 627.44) AND ((col3 >= 838) OR col3 >= 679 OR col1 <= 755.6 OR col0 <= 241 OR col4 = 674.0) OR (((col4 = 317.85)) AND col0 > 400))) ORDER BY 1 DESC,2
----

query II valuesort label-2650
SELECT pk, col0 FROM tab2 WHERE (((col4 IS NULL OR col1 = 627.44) AND ((col3 >= 838) OR col3 >= 679 OR col1 <= 755.6 OR col0 <= 241 OR col4 = 674.0) OR (((col4 = 317.85)) AND col0 > 400))) ORDER BY 1 DESC,2
----

query II valuesort label-2650
SELECT pk, col0 FROM tab3 WHERE (((col4 IS NULL OR col1 = 627.44) AND ((col3 >= 838) OR col3 >= 679 OR col1 <= 755.6 OR col0 <= 241 OR col4 = 674.0) OR (((col4 = 317.85)) AND col0 > 400))) ORDER BY 1 DESC,2
----

query II valuesort label-2650
SELECT pk, col0 FROM tab4 WHERE (((col4 IS NULL OR col1 = 627.44) AND ((col3 >= 838) OR col3 >= 679 OR col1 <= 755.6 OR col0 <= 241 OR col4 = 674.0) OR (((col4 = 317.85)) AND col0 > 400))) ORDER BY 1 DESC,2
----

query II valuesort label-2650
SELECT pk, col0 FROM tab0 WHERE (((col4 IS NULL OR col1 = 627.44) AND ((col3 >= 838) OR col3 >= 679 OR col1 <= 755.6 OR col0 <= 241 OR col4 = 674.0) OR (((col4 = 317.85)) AND col0 > 400))) ORDER BY 1,2
----

query II valuesort label-2650
SELECT pk, col0 FROM tab1 WHERE (((col4 IS NULL OR col1 = 627.44) AND ((col3 >= 838) OR col3 >= 679 OR col1 <= 755.6 OR col0 <= 241 OR col4 = 674.0) OR (((col4 = 317.85)) AND col0 > 400))) ORDER BY 1,2
----

query II valuesort label-2650
SELECT pk, col0 FROM tab2 WHERE (((col4 IS NULL OR col1 = 627.44) AND ((col3 >= 838) OR col3 >= 679 OR col1 <= 755.6 OR col0 <= 241 OR col4 = 674.0) OR (((col4 = 317.85)) AND col0 > 400))) ORDER BY 1,2
----

query II valuesort label-2650
SELECT pk, col0 FROM tab3 WHERE (((col4 IS NULL OR col1 = 627.44) AND ((col3 >= 838) OR col3 >= 679 OR col1 <= 755.6 OR col0 <= 241 OR col4 = 674.0) OR (((col4 = 317.85)) AND col0 > 400))) ORDER BY 1,2
----

query II valuesort label-2650
SELECT pk, col0 FROM tab4 WHERE (((col4 IS NULL OR col1 = 627.44) AND ((col3 >= 838) OR col3 >= 679 OR col1 <= 755.6 OR col0 <= 241 OR col4 = 674.0) OR (((col4 = 317.85)) AND col0 > 400))) ORDER BY 1,2
----

query I valuesort label-2700
SELECT pk FROM tab0 WHERE (col1 <= 998.28) ORDER BY 1 DESC
----
10 values hashing to e20b902b49a98b1a05ed62804c757f94

query I valuesort label-2700
SELECT pk FROM tab1 WHERE (col1 <= 998.28) ORDER BY 1 DESC
----
10 values hashing to e20b902b49a98b1a05ed62804c757f94

query I valuesort label-2700
SELECT pk FROM tab2 WHERE (col1 <= 998.28) ORDER BY 1 DESC
----
10 values hashing to e20b902b49a98b1a05ed62804c757f94

query I valuesort label-2700
SELECT pk FROM tab3 WHERE (col1 <= 998.28) ORDER BY 1 DESC
----
10 values hashing to e20b902b49a98b1a05ed62804c757f94

query I valuesort label-2700
SELECT pk FROM tab4 WHERE (col1 <= 998.28) ORDER BY 1 DESC
----
10 values hashing to e20b902b49a98b1a05ed62804c757f94

query I valuesort label-2700
SELECT pk FROM tab0 WHERE (col1 <= 998.28) ORDER BY 1
----
10 values hashing to e20b902b49a98b1a05ed62804c757f94

query I valuesort label-2700
SELECT pk FROM tab1 WHERE (col1 <= 998.28) ORDER BY 1
----
10 values hashing to e20b902b49a98b1a05ed62804c757f94

query I valuesort label-2700
SELECT pk FROM tab2 WHERE (col1 <= 998.28) ORDER BY 1
----
10 values hashing to e20b902b49a98b1a05ed62804c757f94

query I valuesort label-2700
SELECT pk FROM tab3 WHERE (col1 <= 998.28) ORDER BY 1
----
10 values hashing to e20b902b49a98b1a05ed62804c757f94

query I valuesort label-2700
SELECT pk FROM tab4 WHERE (col1 <= 998.28) ORDER BY 1
----
10 values hashing to e20b902b49a98b1a05ed62804c757f94

query II valuesort label-2710
SELECT pk, col0 FROM tab0 WHERE (col1 <= 998.28) ORDER BY 1 DESC
----
20 values hashing to 7e7c5f3c08c3c1ac89f33c89a0e42d7c

query II valuesort label-2710
SELECT pk, col0 FROM tab1 WHERE (col1 <= 998.28) ORDER BY 1 DESC
----
20 values hashing to 7e7c5f3c08c3c1ac89f33c89a0e42d7c

query II valuesort label-2710
SELECT pk, col0 FROM tab2 WHERE (col1 <= 998.28) ORDER BY 1 DESC
----
20 values hashing to 7e7c5f3c08c3c1ac89f33c89a0e42d7c

query II valuesort label-2710
SELECT pk, col0 FROM tab3 WHERE (col1 <= 998.28) ORDER BY 1 DESC
----
20 values hashing to 7e7c5f3c08c3c1ac89f33c89a0e42d7c

query II valuesort label-2710
SELECT pk, col0 FROM tab4 WHERE (col1 <= 998.28) ORDER BY 1 DESC
----
20 values hashing to 7e7c5f3c08c3c1ac89f33c89a0e42d7c

query II valuesort label-2710
SELECT pk, col0 FROM tab0 WHERE (col1 <= 998.28) ORDER BY 2 DESC
----
20 values hashing to 7e7c5f3c08c3c1ac89f33c89a0e42d7c

query II valuesort label-2710
SELECT pk, col0 FROM tab1 WHERE (col1 <= 998.28) ORDER BY 2 DESC
----
20 values hashing to 7e7c5f3c08c3c1ac89f33c89a0e42d7c

query II valuesort label-2710
SELECT pk, col0 FROM tab2 WHERE (col1 <= 998.28) ORDER BY 2 DESC
----
20 values hashing to 7e7c5f3c08c3c1ac89f33c89a0e42d7c

query II valuesort label-2710
SELECT pk, col0 FROM tab3 WHERE (col1 <= 998.28) ORDER BY 2 DESC
----
20 values hashing to 7e7c5f3c08c3c1ac89f33c89a0e42d7c

query II valuesort label-2710
SELECT pk, col0 FROM tab4 WHERE (col1 <= 998.28) ORDER BY 2 DESC
----
20 values hashing to 7e7c5f3c08c3c1ac89f33c89a0e42d7c

query II valuesort label-2710
SELECT pk, col0 FROM tab0 WHERE (col1 <= 998.28) ORDER BY 1
----
20 values hashing to 7e7c5f3c08c3c1ac89f33c89a0e42d7c

query II valuesort label-2710
SELECT pk, col0 FROM tab1 WHERE (col1 <= 998.28) ORDER BY 1
----
20 values hashing to 7e7c5f3c08c3c1ac89f33c89a0e42d7c

query II valuesort label-2710
SELECT pk, col0 FROM tab2 WHERE (col1 <= 998.28) ORDER BY 1
----
20 values hashing to 7e7c5f3c08c3c1ac89f33c89a0e42d7c

query II valuesort label-2710
SELECT pk, col0 FROM tab3 WHERE (col1 <= 998.28) ORDER BY 1
----
20 values hashing to 7e7c5f3c08c3c1ac89f33c89a0e42d7c

query II valuesort label-2710
SELECT pk, col0 FROM tab4 WHERE (col1 <= 998.28) ORDER BY 1
----
20 values hashing to 7e7c5f3c08c3c1ac89f33c89a0e42d7c

query II valuesort label-2710
SELECT pk, col0 FROM tab0 WHERE (col1 <= 998.28) ORDER BY 2
----
20 values hashing to 7e7c5f3c08c3c1ac89f33c89a0e42d7c

query II valuesort label-2710
SELECT pk, col0 FROM tab1 WHERE (col1 <= 998.28) ORDER BY 2
----
20 values hashing to 7e7c5f3c08c3c1ac89f33c89a0e42d7c

query II valuesort label-2710
SELECT pk, col0 FROM tab2 WHERE (col1 <= 998.28) ORDER BY 2
----
20 values hashing to 7e7c5f3c08c3c1ac89f33c89a0e42d7c

query II valuesort label-2710
SELECT pk, col0 FROM tab3 WHERE (col1 <= 998.28) ORDER BY 2
----
20 values hashing to 7e7c5f3c08c3c1ac89f33c89a0e42d7c

query II valuesort label-2710
SELECT pk, col0 FROM tab4 WHERE (col1 <= 998.28) ORDER BY 2
----
20 values hashing to 7e7c5f3c08c3c1ac89f33c89a0e42d7c

query II valuesort label-2710
SELECT pk, col0 FROM tab0 WHERE (col1 <= 998.28) ORDER BY 1 DESC,2 DESC
----
20 values hashing to 7e7c5f3c08c3c1ac89f33c89a0e42d7c

query II valuesort label-2710
SELECT pk, col0 FROM tab1 WHERE (col1 <= 998.28) ORDER BY 1 DESC,2 DESC
----
20 values hashing to 7e7c5f3c08c3c1ac89f33c89a0e42d7c

query II valuesort label-2710
SELECT pk, col0 FROM tab2 WHERE (col1 <= 998.28) ORDER BY 1 DESC,2 DESC
----
20 values hashing to 7e7c5f3c08c3c1ac89f33c89a0e42d7c

query II valuesort label-2710
SELECT pk, col0 FROM tab3 WHERE (col1 <= 998.28) ORDER BY 1 DESC,2 DESC
----
20 values hashing to 7e7c5f3c08c3c1ac89f33c89a0e42d7c

query II valuesort label-2710
SELECT pk, col0 FROM tab4 WHERE (col1 <= 998.28) ORDER BY 1 DESC,2 DESC
----
20 values hashing to 7e7c5f3c08c3c1ac89f33c89a0e42d7c

query II valuesort label-2710
SELECT pk, col0 FROM tab0 WHERE (col1 <= 998.28) ORDER BY 1,2 DESC
----
20 values hashing to 7e7c5f3c08c3c1ac89f33c89a0e42d7c

query II valuesort label-2710
SELECT pk, col0 FROM tab1 WHERE (col1 <= 998.28) ORDER BY 1,2 DESC
----
20 values hashing to 7e7c5f3c08c3c1ac89f33c89a0e42d7c

query II valuesort label-2710
SELECT pk, col0 FROM tab2 WHERE (col1 <= 998.28) ORDER BY 1,2 DESC
----
20 values hashing to 7e7c5f3c08c3c1ac89f33c89a0e42d7c

query II valuesort label-2710
SELECT pk, col0 FROM tab3 WHERE (col1 <= 998.28) ORDER BY 1,2 DESC
----
20 values hashing to 7e7c5f3c08c3c1ac89f33c89a0e42d7c

query II valuesort label-2710
SELECT pk, col0 FROM tab4 WHERE (col1 <= 998.28) ORDER BY 1,2 DESC
----
20 values hashing to 7e7c5f3c08c3c1ac89f33c89a0e42d7c

query II valuesort label-2710
SELECT pk, col0 FROM tab0 WHERE (col1 <= 998.28) ORDER BY 2 DESC,1
----
20 values hashing to 7e7c5f3c08c3c1ac89f33c89a0e42d7c

query II valuesort label-2710
SELECT pk, col0 FROM tab1 WHERE (col1 <= 998.28) ORDER BY 2 DESC,1
----
20 values hashing to 7e7c5f3c08c3c1ac89f33c89a0e42d7c

query II valuesort label-2710
SELECT pk, col0 FROM tab2 WHERE (col1 <= 998.28) ORDER BY 2 DESC,1
----
20 values hashing to 7e7c5f3c08c3c1ac89f33c89a0e42d7c

query II valuesort label-2710
SELECT pk, col0 FROM tab3 WHERE (col1 <= 998.28) ORDER BY 2 DESC,1
----
20 values hashing to 7e7c5f3c08c3c1ac89f33c89a0e42d7c

query II valuesort label-2710
SELECT pk, col0 FROM tab4 WHERE (col1 <= 998.28) ORDER BY 2 DESC,1
----
20 values hashing to 7e7c5f3c08c3c1ac89f33c89a0e42d7c

query II valuesort label-2710
SELECT pk, col0 FROM tab0 WHERE (col1 <= 998.28) ORDER BY 2,1
----
20 values hashing to 7e7c5f3c08c3c1ac89f33c89a0e42d7c

query II valuesort label-2710
SELECT pk, col0 FROM tab1 WHERE (col1 <= 998.28) ORDER BY 2,1
----
20 values hashing to 7e7c5f3c08c3c1ac89f33c89a0e42d7c

query II valuesort label-2710
SELECT pk, col0 FROM tab2 WHERE (col1 <= 998.28) ORDER BY 2,1
----
20 values hashing to 7e7c5f3c08c3c1ac89f33c89a0e42d7c

query II valuesort label-2710
SELECT pk, col0 FROM tab3 WHERE (col1 <= 998.28) ORDER BY 2,1
----
20 values hashing to 7e7c5f3c08c3c1ac89f33c89a0e42d7c

query II valuesort label-2710
SELECT pk, col0 FROM tab4 WHERE (col1 <= 998.28) ORDER BY 2,1
----
20 values hashing to 7e7c5f3c08c3c1ac89f33c89a0e42d7c

query II valuesort label-2710
SELECT pk, col0 FROM tab0 WHERE (col1 <= 998.28) ORDER BY 1 DESC,2
----
20 values hashing to 7e7c5f3c08c3c1ac89f33c89a0e42d7c

query II valuesort label-2710
SELECT pk, col0 FROM tab1 WHERE (col1 <= 998.28) ORDER BY 1 DESC,2
----
20 values hashing to 7e7c5f3c08c3c1ac89f33c89a0e42d7c

query II valuesort label-2710
SELECT pk, col0 FROM tab2 WHERE (col1 <= 998.28) ORDER BY 1 DESC,2
----
20 values hashing to 7e7c5f3c08c3c1ac89f33c89a0e42d7c

query II valuesort label-2710
SELECT pk, col0 FROM tab3 WHERE (col1 <= 998.28) ORDER BY 1 DESC,2
----
20 values hashing to 7e7c5f3c08c3c1ac89f33c89a0e42d7c

query II valuesort label-2710
SELECT pk, col0 FROM tab4 WHERE (col1 <= 998.28) ORDER BY 1 DESC,2
----
20 values hashing to 7e7c5f3c08c3c1ac89f33c89a0e42d7c

query II valuesort label-2710
SELECT pk, col0 FROM tab0 WHERE (col1 <= 998.28) ORDER BY 1,2
----
20 values hashing to 7e7c5f3c08c3c1ac89f33c89a0e42d7c

query II valuesort label-2710
SELECT pk, col0 FROM tab1 WHERE (col1 <= 998.28) ORDER BY 1,2
----
20 values hashing to 7e7c5f3c08c3c1ac89f33c89a0e42d7c

query II valuesort label-2710
SELECT pk, col0 FROM tab2 WHERE (col1 <= 998.28) ORDER BY 1,2
----
20 values hashing to 7e7c5f3c08c3c1ac89f33c89a0e42d7c

query II valuesort label-2710
SELECT pk, col0 FROM tab3 WHERE (col1 <= 998.28) ORDER BY 1,2
----
20 values hashing to 7e7c5f3c08c3c1ac89f33c89a0e42d7c

query II valuesort label-2710
SELECT pk, col0 FROM tab4 WHERE (col1 <= 998.28) ORDER BY 1,2
----
20 values hashing to 7e7c5f3c08c3c1ac89f33c89a0e42d7c

query I valuesort label-2760
SELECT pk FROM tab0 WHERE col4 > 726.50 AND col3 > 146 AND col3 IN (167,315,163) AND col4 IS NULL ORDER BY 1 DESC
----

query I valuesort label-2760
SELECT pk FROM tab1 WHERE col4 > 726.50 AND col3 > 146 AND col3 IN (167,315,163) AND col4 IS NULL ORDER BY 1 DESC
----

query I valuesort label-2760
SELECT pk FROM tab2 WHERE col4 > 726.50 AND col3 > 146 AND col3 IN (167,315,163) AND col4 IS NULL ORDER BY 1 DESC
----

query I valuesort label-2760
SELECT pk FROM tab3 WHERE col4 > 726.50 AND col3 > 146 AND col3 IN (167,315,163) AND col4 IS NULL ORDER BY 1 DESC
----

query I valuesort label-2760
SELECT pk FROM tab4 WHERE col4 > 726.50 AND col3 > 146 AND col3 IN (167,315,163) AND col4 IS NULL ORDER BY 1 DESC
----

query I valuesort label-2760
SELECT pk FROM tab0 WHERE col4 > 726.50 AND col3 > 146 AND col3 IN (167,315,163) AND col4 IS NULL ORDER BY 1
----

query I valuesort label-2760
SELECT pk FROM tab1 WHERE col4 > 726.50 AND col3 > 146 AND col3 IN (167,315,163) AND col4 IS NULL ORDER BY 1
----

query I valuesort label-2760
SELECT pk FROM tab2 WHERE col4 > 726.50 AND col3 > 146 AND col3 IN (167,315,163) AND col4 IS NULL ORDER BY 1
----

query I valuesort label-2760
SELECT pk FROM tab3 WHERE col4 > 726.50 AND col3 > 146 AND col3 IN (167,315,163) AND col4 IS NULL ORDER BY 1
----

query I valuesort label-2760
SELECT pk FROM tab4 WHERE col4 > 726.50 AND col3 > 146 AND col3 IN (167,315,163) AND col4 IS NULL ORDER BY 1
----

query II valuesort label-2770
SELECT pk, col0 FROM tab0 WHERE col4 > 726.50 AND col3 > 146 AND col3 IN (167,315,163) AND col4 IS NULL ORDER BY 1 DESC
----

query II valuesort label-2770
SELECT pk, col0 FROM tab1 WHERE col4 > 726.50 AND col3 > 146 AND col3 IN (167,315,163) AND col4 IS NULL ORDER BY 1 DESC
----

query II valuesort label-2770
SELECT pk, col0 FROM tab2 WHERE col4 > 726.50 AND col3 > 146 AND col3 IN (167,315,163) AND col4 IS NULL ORDER BY 1 DESC
----

query II valuesort label-2770
SELECT pk, col0 FROM tab3 WHERE col4 > 726.50 AND col3 > 146 AND col3 IN (167,315,163) AND col4 IS NULL ORDER BY 1 DESC
----

query II valuesort label-2770
SELECT pk, col0 FROM tab4 WHERE col4 > 726.50 AND col3 > 146 AND col3 IN (167,315,163) AND col4 IS NULL ORDER BY 1 DESC
----

query II valuesort label-2770
SELECT pk, col0 FROM tab0 WHERE col4 > 726.50 AND col3 > 146 AND col3 IN (167,315,163) AND col4 IS NULL ORDER BY 2 DESC
----

query II valuesort label-2770
SELECT pk, col0 FROM tab1 WHERE col4 > 726.50 AND col3 > 146 AND col3 IN (167,315,163) AND col4 IS NULL ORDER BY 2 DESC
----

query II valuesort label-2770
SELECT pk, col0 FROM tab2 WHERE col4 > 726.50 AND col3 > 146 AND col3 IN (167,315,163) AND col4 IS NULL ORDER BY 2 DESC
----

query II valuesort label-2770
SELECT pk, col0 FROM tab3 WHERE col4 > 726.50 AND col3 > 146 AND col3 IN (167,315,163) AND col4 IS NULL ORDER BY 2 DESC
----

query II valuesort label-2770
SELECT pk, col0 FROM tab4 WHERE col4 > 726.50 AND col3 > 146 AND col3 IN (167,315,163) AND col4 IS NULL ORDER BY 2 DESC
----

query II valuesort label-2770
SELECT pk, col0 FROM tab0 WHERE col4 > 726.50 AND col3 > 146 AND col3 IN (167,315,163) AND col4 IS NULL ORDER BY 1
----

query II valuesort label-2770
SELECT pk, col0 FROM tab1 WHERE col4 > 726.50 AND col3 > 146 AND col3 IN (167,315,163) AND col4 IS NULL ORDER BY 1
----

query II valuesort label-2770
SELECT pk, col0 FROM tab2 WHERE col4 > 726.50 AND col3 > 146 AND col3 IN (167,315,163) AND col4 IS NULL ORDER BY 1
----

query II valuesort label-2770
SELECT pk, col0 FROM tab3 WHERE col4 > 726.50 AND col3 > 146 AND col3 IN (167,315,163) AND col4 IS NULL ORDER BY 1
----

query II valuesort label-2770
SELECT pk, col0 FROM tab4 WHERE col4 > 726.50 AND col3 > 146 AND col3 IN (167,315,163) AND col4 IS NULL ORDER BY 1
----

query II valuesort label-2770
SELECT pk, col0 FROM tab0 WHERE col4 > 726.50 AND col3 > 146 AND col3 IN (167,315,163) AND col4 IS NULL ORDER BY 2
----

query II valuesort label-2770
SELECT pk, col0 FROM tab1 WHERE col4 > 726.50 AND col3 > 146 AND col3 IN (167,315,163) AND col4 IS NULL ORDER BY 2
----

query II valuesort label-2770
SELECT pk, col0 FROM tab2 WHERE col4 > 726.50 AND col3 > 146 AND col3 IN (167,315,163) AND col4 IS NULL ORDER BY 2
----

query II valuesort label-2770
SELECT pk, col0 FROM tab3 WHERE col4 > 726.50 AND col3 > 146 AND col3 IN (167,315,163) AND col4 IS NULL ORDER BY 2
----

query II valuesort label-2770
SELECT pk, col0 FROM tab4 WHERE col4 > 726.50 AND col3 > 146 AND col3 IN (167,315,163) AND col4 IS NULL ORDER BY 2
----

query II valuesort label-2770
SELECT pk, col0 FROM tab0 WHERE col4 > 726.50 AND col3 > 146 AND col3 IN (167,315,163) AND col4 IS NULL ORDER BY 1 DESC,2 DESC
----

query II valuesort label-2770
SELECT pk, col0 FROM tab1 WHERE col4 > 726.50 AND col3 > 146 AND col3 IN (167,315,163) AND col4 IS NULL ORDER BY 1 DESC,2 DESC
----

query II valuesort label-2770
SELECT pk, col0 FROM tab2 WHERE col4 > 726.50 AND col3 > 146 AND col3 IN (167,315,163) AND col4 IS NULL ORDER BY 1 DESC,2 DESC
----

query II valuesort label-2770
SELECT pk, col0 FROM tab3 WHERE col4 > 726.50 AND col3 > 146 AND col3 IN (167,315,163) AND col4 IS NULL ORDER BY 1 DESC,2 DESC
----

query II valuesort label-2770
SELECT pk, col0 FROM tab4 WHERE col4 > 726.50 AND col3 > 146 AND col3 IN (167,315,163) AND col4 IS NULL ORDER BY 1 DESC,2 DESC
----

query II valuesort label-2770
SELECT pk, col0 FROM tab0 WHERE col4 > 726.50 AND col3 > 146 AND col3 IN (167,315,163) AND col4 IS NULL ORDER BY 1,2 DESC
----

query II valuesort label-2770
SELECT pk, col0 FROM tab1 WHERE col4 > 726.50 AND col3 > 146 AND col3 IN (167,315,163) AND col4 IS NULL ORDER BY 1,2 DESC
----

query II valuesort label-2770
SELECT pk, col0 FROM tab2 WHERE col4 > 726.50 AND col3 > 146 AND col3 IN (167,315,163) AND col4 IS NULL ORDER BY 1,2 DESC
----

query II valuesort label-2770
SELECT pk, col0 FROM tab3 WHERE col4 > 726.50 AND col3 > 146 AND col3 IN (167,315,163) AND col4 IS NULL ORDER BY 1,2 DESC
----

query II valuesort label-2770
SELECT pk, col0 FROM tab4 WHERE col4 > 726.50 AND col3 > 146 AND col3 IN (167,315,163) AND col4 IS NULL ORDER BY 1,2 DESC
----

query II valuesort label-2770
SELECT pk, col0 FROM tab0 WHERE col4 > 726.50 AND col3 > 146 AND col3 IN (167,315,163) AND col4 IS NULL ORDER BY 2 DESC,1
----

query II valuesort label-2770
SELECT pk, col0 FROM tab1 WHERE col4 > 726.50 AND col3 > 146 AND col3 IN (167,315,163) AND col4 IS NULL ORDER BY 2 DESC,1
----

query II valuesort label-2770
SELECT pk, col0 FROM tab2 WHERE col4 > 726.50 AND col3 > 146 AND col3 IN (167,315,163) AND col4 IS NULL ORDER BY 2 DESC,1
----

query II valuesort label-2770
SELECT pk, col0 FROM tab3 WHERE col4 > 726.50 AND col3 > 146 AND col3 IN (167,315,163) AND col4 IS NULL ORDER BY 2 DESC,1
----

query II valuesort label-2770
SELECT pk, col0 FROM tab4 WHERE col4 > 726.50 AND col3 > 146 AND col3 IN (167,315,163) AND col4 IS NULL ORDER BY 2 DESC,1
----

query II valuesort label-2770
SELECT pk, col0 FROM tab0 WHERE col4 > 726.50 AND col3 > 146 AND col3 IN (167,315,163) AND col4 IS NULL ORDER BY 2,1
----

query II valuesort label-2770
SELECT pk, col0 FROM tab1 WHERE col4 > 726.50 AND col3 > 146 AND col3 IN (167,315,163) AND col4 IS NULL ORDER BY 2,1
----

query II valuesort label-2770
SELECT pk, col0 FROM tab2 WHERE col4 > 726.50 AND col3 > 146 AND col3 IN (167,315,163) AND col4 IS NULL ORDER BY 2,1
----

query II valuesort label-2770
SELECT pk, col0 FROM tab3 WHERE col4 > 726.50 AND col3 > 146 AND col3 IN (167,315,163) AND col4 IS NULL ORDER BY 2,1
----

query II valuesort label-2770
SELECT pk, col0 FROM tab4 WHERE col4 > 726.50 AND col3 > 146 AND col3 IN (167,315,163) AND col4 IS NULL ORDER BY 2,1
----

query II valuesort label-2770
SELECT pk, col0 FROM tab0 WHERE col4 > 726.50 AND col3 > 146 AND col3 IN (167,315,163) AND col4 IS NULL ORDER BY 1 DESC,2
----

query II valuesort label-2770
SELECT pk, col0 FROM tab1 WHERE col4 > 726.50 AND col3 > 146 AND col3 IN (167,315,163) AND col4 IS NULL ORDER BY 1 DESC,2
----

query II valuesort label-2770
SELECT pk, col0 FROM tab2 WHERE col4 > 726.50 AND col3 > 146 AND col3 IN (167,315,163) AND col4 IS NULL ORDER BY 1 DESC,2
----

query II valuesort label-2770
SELECT pk, col0 FROM tab3 WHERE col4 > 726.50 AND col3 > 146 AND col3 IN (167,315,163) AND col4 IS NULL ORDER BY 1 DESC,2
----

query II valuesort label-2770
SELECT pk, col0 FROM tab4 WHERE col4 > 726.50 AND col3 > 146 AND col3 IN (167,315,163) AND col4 IS NULL ORDER BY 1 DESC,2
----

query II valuesort label-2770
SELECT pk, col0 FROM tab0 WHERE col4 > 726.50 AND col3 > 146 AND col3 IN (167,315,163) AND col4 IS NULL ORDER BY 1,2
----

query II valuesort label-2770
SELECT pk, col0 FROM tab1 WHERE col4 > 726.50 AND col3 > 146 AND col3 IN (167,315,163) AND col4 IS NULL ORDER BY 1,2
----

query II valuesort label-2770
SELECT pk, col0 FROM tab2 WHERE col4 > 726.50 AND col3 > 146 AND col3 IN (167,315,163) AND col4 IS NULL ORDER BY 1,2
----

query II valuesort label-2770
SELECT pk, col0 FROM tab3 WHERE col4 > 726.50 AND col3 > 146 AND col3 IN (167,315,163) AND col4 IS NULL ORDER BY 1,2
----

query II valuesort label-2770
SELECT pk, col0 FROM tab4 WHERE col4 > 726.50 AND col3 > 146 AND col3 IN (167,315,163) AND col4 IS NULL ORDER BY 1,2
----

query I valuesort label-2820
SELECT pk FROM tab0 WHERE col3 > 451 ORDER BY 1 DESC
----
0
1
2
5
6
8

query I valuesort label-2820
SELECT pk FROM tab1 WHERE col3 > 451 ORDER BY 1 DESC
----
0
1
2
5
6
8

query I valuesort label-2820
SELECT pk FROM tab2 WHERE col3 > 451 ORDER BY 1 DESC
----
0
1
2
5
6
8

query I valuesort label-2820
SELECT pk FROM tab3 WHERE col3 > 451 ORDER BY 1 DESC
----
0
1
2
5
6
8

query I valuesort label-2820
SELECT pk FROM tab4 WHERE col3 > 451 ORDER BY 1 DESC
----
0
1
2
5
6
8

query I valuesort label-2820
SELECT pk FROM tab0 WHERE col3 > 451 ORDER BY 1
----
0
1
2
5
6
8

query I valuesort label-2820
SELECT pk FROM tab1 WHERE col3 > 451 ORDER BY 1
----
0
1
2
5
6
8

query I valuesort label-2820
SELECT pk FROM tab2 WHERE col3 > 451 ORDER BY 1
----
0
1
2
5
6
8

query I valuesort label-2820
SELECT pk FROM tab3 WHERE col3 > 451 ORDER BY 1
----
0
1
2
5
6
8

query I valuesort label-2820
SELECT pk FROM tab4 WHERE col3 > 451 ORDER BY 1
----
0
1
2
5
6
8

query II valuesort label-2830
SELECT pk, col0 FROM tab0 WHERE col3 > 451 ORDER BY 1 DESC
----
12 values hashing to e1904b23987b49453ec77b7e779bed49

query II valuesort label-2830
SELECT pk, col0 FROM tab1 WHERE col3 > 451 ORDER BY 1 DESC
----
12 values hashing to e1904b23987b49453ec77b7e779bed49

query II valuesort label-2830
SELECT pk, col0 FROM tab2 WHERE col3 > 451 ORDER BY 1 DESC
----
12 values hashing to e1904b23987b49453ec77b7e779bed49

query II valuesort label-2830
SELECT pk, col0 FROM tab3 WHERE col3 > 451 ORDER BY 1 DESC
----
12 values hashing to e1904b23987b49453ec77b7e779bed49

query II valuesort label-2830
SELECT pk, col0 FROM tab4 WHERE col3 > 451 ORDER BY 1 DESC
----
12 values hashing to e1904b23987b49453ec77b7e779bed49

query II valuesort label-2830
SELECT pk, col0 FROM tab0 WHERE col3 > 451 ORDER BY 2 DESC
----
12 values hashing to e1904b23987b49453ec77b7e779bed49

query II valuesort label-2830
SELECT pk, col0 FROM tab1 WHERE col3 > 451 ORDER BY 2 DESC
----
12 values hashing to e1904b23987b49453ec77b7e779bed49

query II valuesort label-2830
SELECT pk, col0 FROM tab2 WHERE col3 > 451 ORDER BY 2 DESC
----
12 values hashing to e1904b23987b49453ec77b7e779bed49

query II valuesort label-2830
SELECT pk, col0 FROM tab3 WHERE col3 > 451 ORDER BY 2 DESC
----
12 values hashing to e1904b23987b49453ec77b7e779bed49

query II valuesort label-2830
SELECT pk, col0 FROM tab4 WHERE col3 > 451 ORDER BY 2 DESC
----
12 values hashing to e1904b23987b49453ec77b7e779bed49

query II valuesort label-2830
SELECT pk, col0 FROM tab0 WHERE col3 > 451 ORDER BY 1
----
12 values hashing to e1904b23987b49453ec77b7e779bed49

query II valuesort label-2830
SELECT pk, col0 FROM tab1 WHERE col3 > 451 ORDER BY 1
----
12 values hashing to e1904b23987b49453ec77b7e779bed49

query II valuesort label-2830
SELECT pk, col0 FROM tab2 WHERE col3 > 451 ORDER BY 1
----
12 values hashing to e1904b23987b49453ec77b7e779bed49

query II valuesort label-2830
SELECT pk, col0 FROM tab3 WHERE col3 > 451 ORDER BY 1
----
12 values hashing to e1904b23987b49453ec77b7e779bed49

query II valuesort label-2830
SELECT pk, col0 FROM tab4 WHERE col3 > 451 ORDER BY 1
----
12 values hashing to e1904b23987b49453ec77b7e779bed49

query II valuesort label-2830
SELECT pk, col0 FROM tab0 WHERE col3 > 451 ORDER BY 2
----
12 values hashing to e1904b23987b49453ec77b7e779bed49

query II valuesort label-2830
SELECT pk, col0 FROM tab1 WHERE col3 > 451 ORDER BY 2
----
12 values hashing to e1904b23987b49453ec77b7e779bed49

query II valuesort label-2830
SELECT pk, col0 FROM tab2 WHERE col3 > 451 ORDER BY 2
----
12 values hashing to e1904b23987b49453ec77b7e779bed49

query II valuesort label-2830
SELECT pk, col0 FROM tab3 WHERE col3 > 451 ORDER BY 2
----
12 values hashing to e1904b23987b49453ec77b7e779bed49

query II valuesort label-2830
SELECT pk, col0 FROM tab4 WHERE col3 > 451 ORDER BY 2
----
12 values hashing to e1904b23987b49453ec77b7e779bed49

query II valuesort label-2830
SELECT pk, col0 FROM tab0 WHERE col3 > 451 ORDER BY 1 DESC,2 DESC
----
12 values hashing to e1904b23987b49453ec77b7e779bed49

query II valuesort label-2830
SELECT pk, col0 FROM tab1 WHERE col3 > 451 ORDER BY 1 DESC,2 DESC
----
12 values hashing to e1904b23987b49453ec77b7e779bed49

query II valuesort label-2830
SELECT pk, col0 FROM tab2 WHERE col3 > 451 ORDER BY 1 DESC,2 DESC
----
12 values hashing to e1904b23987b49453ec77b7e779bed49

query II valuesort label-2830
SELECT pk, col0 FROM tab3 WHERE col3 > 451 ORDER BY 1 DESC,2 DESC
----
12 values hashing to e1904b23987b49453ec77b7e779bed49

query II valuesort label-2830
SELECT pk, col0 FROM tab4 WHERE col3 > 451 ORDER BY 1 DESC,2 DESC
----
12 values hashing to e1904b23987b49453ec77b7e779bed49

query II valuesort label-2830
SELECT pk, col0 FROM tab0 WHERE col3 > 451 ORDER BY 1,2 DESC
----
12 values hashing to e1904b23987b49453ec77b7e779bed49

query II valuesort label-2830
SELECT pk, col0 FROM tab1 WHERE col3 > 451 ORDER BY 1,2 DESC
----
12 values hashing to e1904b23987b49453ec77b7e779bed49

query II valuesort label-2830
SELECT pk, col0 FROM tab2 WHERE col3 > 451 ORDER BY 1,2 DESC
----
12 values hashing to e1904b23987b49453ec77b7e779bed49

query II valuesort label-2830
SELECT pk, col0 FROM tab3 WHERE col3 > 451 ORDER BY 1,2 DESC
----
12 values hashing to e1904b23987b49453ec77b7e779bed49

query II valuesort label-2830
SELECT pk, col0 FROM tab4 WHERE col3 > 451 ORDER BY 1,2 DESC
----
12 values hashing to e1904b23987b49453ec77b7e779bed49

query II valuesort label-2830
SELECT pk, col0 FROM tab0 WHERE col3 > 451 ORDER BY 2 DESC,1
----
12 values hashing to e1904b23987b49453ec77b7e779bed49

query II valuesort label-2830
SELECT pk, col0 FROM tab1 WHERE col3 > 451 ORDER BY 2 DESC,1
----
12 values hashing to e1904b23987b49453ec77b7e779bed49

query II valuesort label-2830
SELECT pk, col0 FROM tab2 WHERE col3 > 451 ORDER BY 2 DESC,1
----
12 values hashing to e1904b23987b49453ec77b7e779bed49

query II valuesort label-2830
SELECT pk, col0 FROM tab3 WHERE col3 > 451 ORDER BY 2 DESC,1
----
12 values hashing to e1904b23987b49453ec77b7e779bed49

query II valuesort label-2830
SELECT pk, col0 FROM tab4 WHERE col3 > 451 ORDER BY 2 DESC,1
----
12 values hashing to e1904b23987b49453ec77b7e779bed49

query II valuesort label-2830
SELECT pk, col0 FROM tab0 WHERE col3 > 451 ORDER BY 2,1
----
12 values hashing to e1904b23987b49453ec77b7e779bed49

query II valuesort label-2830
SELECT pk, col0 FROM tab1 WHERE col3 > 451 ORDER BY 2,1
----
12 values hashing to e1904b23987b49453ec77b7e779bed49

query II valuesort label-2830
SELECT pk, col0 FROM tab2 WHERE col3 > 451 ORDER BY 2,1
----
12 values hashing to e1904b23987b49453ec77b7e779bed49

query II valuesort label-2830
SELECT pk, col0 FROM tab3 WHERE col3 > 451 ORDER BY 2,1
----
12 values hashing to e1904b23987b49453ec77b7e779bed49

query II valuesort label-2830
SELECT pk, col0 FROM tab4 WHERE col3 > 451 ORDER BY 2,1
----
12 values hashing to e1904b23987b49453ec77b7e779bed49

query II valuesort label-2830
SELECT pk, col0 FROM tab0 WHERE col3 > 451 ORDER BY 1 DESC,2
----
12 values hashing to e1904b23987b49453ec77b7e779bed49

query II valuesort label-2830
SELECT pk, col0 FROM tab1 WHERE col3 > 451 ORDER BY 1 DESC,2
----
12 values hashing to e1904b23987b49453ec77b7e779bed49

query II valuesort label-2830
SELECT pk, col0 FROM tab2 WHERE col3 > 451 ORDER BY 1 DESC,2
----
12 values hashing to e1904b23987b49453ec77b7e779bed49

query II valuesort label-2830
SELECT pk, col0 FROM tab3 WHERE col3 > 451 ORDER BY 1 DESC,2
----
12 values hashing to e1904b23987b49453ec77b7e779bed49

query II valuesort label-910
SELECT pk, col0 FROM tab2 WHERE (col1 >= 70.99) AND (col4 = 12.98 OR ((col0 IS NULL)) OR col4 BETWEEN 810.47 AND 594.74 OR (((col3 IS NULL)) OR col3 < 610 AND (((col3 >= 255) OR col3 > 30 OR col3 IN (SELECT col0 FROM tab2 WHERE (col0 BETWEEN 808 AND 390)))) AND col3 < 122) AND col1 < 494.82) OR ((col1 >= 232.99 AND (((col1 < 813.48)) AND col0 > 530))) ORDER BY 1 DESC,2 DESC
----
14 values hashing to c24ef39b067f66c67680fb6811f9369d

query II valuesort label-910
SELECT pk, col0 FROM tab3 WHERE (col1 >= 70.99) AND (col4 = 12.98 OR ((col0 IS NULL)) OR col4 BETWEEN 810.47 AND 594.74 OR (((col3 IS NULL)) OR col3 < 610 AND (((col3 >= 255) OR col3 > 30 OR col3 IN (SELECT col0 FROM tab3 WHERE (col0 BETWEEN 808 AND 390)))) AND col3 < 122) AND col1 < 494.82) OR ((col1 >= 232.99 AND (((col1 < 813.48)) AND col0 > 530))) ORDER BY 1 DESC,2 DESC
----
14 values hashing to c24ef39b067f66c67680fb6811f9369d

query II valuesort label-910
SELECT pk, col0 FROM tab4 WHERE (col1 >= 70.99) AND (col4 = 12.98 OR ((col0 IS NULL)) OR col4 BETWEEN 810.47 AND 594.74 OR (((col3 IS NULL)) OR col3 < 610 AND (((col3 >= 255) OR col3 > 30 OR col3 IN (SELECT col0 FROM tab4 WHERE (col0 BETWEEN 808 AND 390)))) AND col3 < 122) AND col1 < 494.82) OR ((col1 >= 232.99 AND (((col1 < 813.48)) AND col0 > 530))) ORDER BY 1 DESC,2 DESC
----
14 values hashing to c24ef39b067f66c67680fb6811f9369d

query II valuesort label-910
SELECT pk, col0 FROM tab0 WHERE (col1 >= 70.99) AND (col4 = 12.98 OR ((col0 IS NULL)) OR col4 BETWEEN 810.47 AND 594.74 OR (((col3 IS NULL)) OR col3 < 610 AND (((col3 >= 255) OR col3 > 30 OR col3 IN (SELECT col0 FROM tab0 WHERE (col0 BETWEEN 808 AND 390)))) AND col3 < 122) AND col1 < 494.82) OR ((col1 >= 232.99 AND (((col1 < 813.48)) AND col0 > 530))) ORDER BY 1,2 DESC
----
14 values hashing to c24ef39b067f66c67680fb6811f9369d

query II valuesort label-910
SELECT pk, col0 FROM tab1 WHERE (col1 >= 70.99) AND (col4 = 12.98 OR ((col0 IS NULL)) OR col4 BETWEEN 810.47 AND 594.74 OR (((col3 IS NULL)) OR col3 < 610 AND (((col3 >= 255) OR col3 > 30 OR col3 IN (SELECT col0 FROM tab1 WHERE (col0 BETWEEN 808 AND 390)))) AND col3 < 122) AND col1 < 494.82) OR ((col1 >= 232.99 AND (((col1 < 813.48)) AND col0 > 530))) ORDER BY 1,2 DESC
----
14 values hashing to c24ef39b067f66c67680fb6811f9369d

query II valuesort label-910
SELECT pk, col0 FROM tab2 WHERE (col1 >= 70.99) AND (col4 = 12.98 OR ((col0 IS NULL)) OR col4 BETWEEN 810.47 AND 594.74 OR (((col3 IS NULL)) OR col3 < 610 AND (((col3 >= 255) OR col3 > 30 OR col3 IN (SELECT col0 FROM tab2 WHERE (col0 BETWEEN 808 AND 390)))) AND col3 < 122) AND col1 < 494.82) OR ((col1 >= 232.99 AND (((col1 < 813.48)) AND col0 > 530))) ORDER BY 1,2 DESC
----
14 values hashing to c24ef39b067f66c67680fb6811f9369d

query II valuesort label-910
SELECT pk, col0 FROM tab3 WHERE (col1 >= 70.99) AND (col4 = 12.98 OR ((col0 IS NULL)) OR col4 BETWEEN 810.47 AND 594.74 OR (((col3 IS NULL)) OR col3 < 610 AND (((col3 >= 255) OR col3 > 30 OR col3 IN (SELECT col0 FROM tab3 WHERE (col0 BETWEEN 808 AND 390)))) AND col3 < 122) AND col1 < 494.82) OR ((col1 >= 232.99 AND (((col1 < 813.48)) AND col0 > 530))) ORDER BY 1,2 DESC
----
14 values hashing to c24ef39b067f66c67680fb6811f9369d

query II valuesort label-910
SELECT pk, col0 FROM tab4 WHERE (col1 >= 70.99) AND (col4 = 12.98 OR ((col0 IS NULL)) OR col4 BETWEEN 810.47 AND 594.74 OR (((col3 IS NULL)) OR col3 < 610 AND (((col3 >= 255) OR col3 > 30 OR col3 IN (SELECT col0 FROM tab4 WHERE (col0 BETWEEN 808 AND 390)))) AND col3 < 122) AND col1 < 494.82) OR ((col1 >= 232.99 AND (((col1 < 813.48)) AND col0 > 530))) ORDER BY 1,2 DESC
----
14 values hashing to c24ef39b067f66c67680fb6811f9369d

query II valuesort label-910
SELECT pk, col0 FROM tab0 WHERE (col1 >= 70.99) AND (col4 = 12.98 OR ((col0 IS NULL)) OR col4 BETWEEN 810.47 AND 594.74 OR (((col3 IS NULL)) OR col3 < 610 AND (((col3 >= 255) OR col3 > 30 OR col3 IN (SELECT col0 FROM tab0 WHERE (col0 BETWEEN 808 AND 390)))) AND col3 < 122) AND col1 < 494.82) OR ((col1 >= 232.99 AND (((col1 < 813.48)) AND col0 > 530))) ORDER BY 2 DESC,1
----
14 values hashing to c24ef39b067f66c67680fb6811f9369d

query II valuesort label-910
SELECT pk, col0 FROM tab1 WHERE (col1 >= 70.99) AND (col4 = 12.98 OR ((col0 IS NULL)) OR col4 BETWEEN 810.47 AND 594.74 OR (((col3 IS NULL)) OR col3 < 610 AND (((col3 >= 255) OR col3 > 30 OR col3 IN (SELECT col0 FROM tab1 WHERE (col0 BETWEEN 808 AND 390)))) AND col3 < 122) AND col1 < 494.82) OR ((col1 >= 232.99 AND (((col1 < 813.48)) AND col0 > 530))) ORDER BY 2 DESC,1
----
14 values hashing to c24ef39b067f66c67680fb6811f9369d

query II valuesort label-910
SELECT pk, col0 FROM tab2 WHERE (col1 >= 70.99) AND (col4 = 12.98 OR ((col0 IS NULL)) OR col4 BETWEEN 810.47 AND 594.74 OR (((col3 IS NULL)) OR col3 < 610 AND (((col3 >= 255) OR col3 > 30 OR col3 IN (SELECT col0 FROM tab2 WHERE (col0 BETWEEN 808 AND 390)))) AND col3 < 122) AND col1 < 494.82) OR ((col1 >= 232.99 AND (((col1 < 813.48)) AND col0 > 530))) ORDER BY 2 DESC,1
----
14 values hashing to c24ef39b067f66c67680fb6811f9369d

query II valuesort label-910
SELECT pk, col0 FROM tab3 WHERE (col1 >= 70.99) AND (col4 = 12.98 OR ((col0 IS NULL)) OR col4 BETWEEN 810.47 AND 594.74 OR (((col3 IS NULL)) OR col3 < 610 AND (((col3 >= 255) OR col3 > 30 OR col3 IN (SELECT col0 FROM tab3 WHERE (col0 BETWEEN 808 AND 390)))) AND col3 < 122) AND col1 < 494.82) OR ((col1 >= 232.99 AND (((col1 < 813.48)) AND col0 > 530))) ORDER BY 2 DESC,1
----
14 values hashing to c24ef39b067f66c67680fb6811f9369d

query II valuesort label-910
SELECT pk, col0 FROM tab4 WHERE (col1 >= 70.99) AND (col4 = 12.98 OR ((col0 IS NULL)) OR col4 BETWEEN 810.47 AND 594.74 OR (((col3 IS NULL)) OR col3 < 610 AND (((col3 >= 255) OR col3 > 30 OR col3 IN (SELECT col0 FROM tab4 WHERE (col0 BETWEEN 808 AND 390)))) AND col3 < 122) AND col1 < 494.82) OR ((col1 >= 232.99 AND (((col1 < 813.48)) AND col0 > 530))) ORDER BY 2 DESC,1
----
14 values hashing to c24ef39b067f66c67680fb6811f9369d

query II valuesort label-910
SELECT pk, col0 FROM tab0 WHERE (col1 >= 70.99) AND (col4 = 12.98 OR ((col0 IS NULL)) OR col4 BETWEEN 810.47 AND 594.74 OR (((col3 IS NULL)) OR col3 < 610 AND (((col3 >= 255) OR col3 > 30 OR col3 IN (SELECT col0 FROM tab0 WHERE (col0 BETWEEN 808 AND 390)))) AND col3 < 122) AND col1 < 494.82) OR ((col1 >= 232.99 AND (((col1 < 813.48)) AND col0 > 530))) ORDER BY 2,1
----
14 values hashing to c24ef39b067f66c67680fb6811f9369d

query II valuesort label-910
SELECT pk, col0 FROM tab1 WHERE (col1 >= 70.99) AND (col4 = 12.98 OR ((col0 IS NULL)) OR col4 BETWEEN 810.47 AND 594.74 OR (((col3 IS NULL)) OR col3 < 610 AND (((col3 >= 255) OR col3 > 30 OR col3 IN (SELECT col0 FROM tab1 WHERE (col0 BETWEEN 808 AND 390)))) AND col3 < 122) AND col1 < 494.82) OR ((col1 >= 232.99 AND (((col1 < 813.48)) AND col0 > 530))) ORDER BY 2,1
----
14 values hashing to c24ef39b067f66c67680fb6811f9369d

query II valuesort label-910
SELECT pk, col0 FROM tab2 WHERE (col1 >= 70.99) AND (col4 = 12.98 OR ((col0 IS NULL)) OR col4 BETWEEN 810.47 AND 594.74 OR (((col3 IS NULL)) OR col3 < 610 AND (((col3 >= 255) OR col3 > 30 OR col3 IN (SELECT col0 FROM tab2 WHERE (col0 BETWEEN 808 AND 390)))) AND col3 < 122) AND col1 < 494.82) OR ((col1 >= 232.99 AND (((col1 < 813.48)) AND col0 > 530))) ORDER BY 2,1
----
14 values hashing to c24ef39b067f66c67680fb6811f9369d
