statement ok
CREATE TABLE t1(a INTEGER, b INTEGER, c INTEGER, d INTEGER, e INTEGER)

statement ok
INSERT INTO t1(e,c,b,d,a) VALUES(NULL,102,NULL,101,104)

statement ok
INSERT INTO t1(a,c,d,e,b) VALUES(107,106,108,109,105)

statement ok
INSERT INTO t1(e,d,b,a,c) VALUES(110,114,112,NULL,113)

statement ok
INSERT INTO t1(d,c,e,a,b) VALUES(116,119,117,115,NULL)

statement ok
INSERT INTO t1(c,d,b,e,a) VALUES(123,122,124,NULL,121)

statement ok
INSERT INTO t1(a,d,b,e,c) VALUES(127,128,129,126,125)

statement ok
INSERT INTO t1(e,c,a,d,b) VALUES(132,134,131,133,130)

statement ok
INSERT INTO t1(a,d,b,e,c) VALUES(138,136,139,135,137)

statement ok
INSERT INTO t1(e,c,d,a,b) VALUES(144,141,140,142,143)

statement ok
INSERT INTO t1(b,a,e,d,c) VALUES(145,149,146,NULL,147)

statement ok
INSERT INTO t1(b,c,a,d,e) VALUES(151,150,153,NULL,NULL)

statement ok
INSERT INTO t1(c,e,a,d,b) VALUES(155,157,159,NULL,158)

statement ok
INSERT INTO t1(c,b,a,d,e) VALUES(161,160,163,164,162)

statement ok
INSERT INTO t1(b,d,a,e,c) VALUES(167,NULL,168,165,166)

statement ok
INSERT INTO t1(d,b,c,e,a) VALUES(171,170,172,173,174)

statement ok
INSERT INTO t1(e,c,a,d,b) VALUES(177,176,179,NULL,175)

statement ok
INSERT INTO t1(b,e,a,d,c) VALUES(181,180,182,183,184)

statement ok
INSERT INTO t1(c,a,b,e,d) VALUES(187,188,186,189,185)

statement ok
INSERT INTO t1(d,b,c,e,a) VALUES(190,194,193,192,191)

statement ok
INSERT INTO t1(a,e,b,d,c) VALUES(199,197,198,196,195)

statement ok
INSERT INTO t1(b,c,d,a,e) VALUES(NULL,202,203,201,204)

statement ok
INSERT INTO t1(c,e,a,b,d) VALUES(208,NULL,NULL,206,207)

statement ok
INSERT INTO t1(c,e,a,d,b) VALUES(214,210,213,212,211)

statement ok
INSERT INTO t1(b,c,a,d,e) VALUES(218,215,216,217,219)

statement ok
INSERT INTO t1(b,e,d,a,c) VALUES(223,221,222,220,224)

statement ok
INSERT INTO t1(d,e,b,a,c) VALUES(226,227,228,229,225)

statement ok
INSERT INTO t1(a,c,b,e,d) VALUES(234,231,232,230,233)

statement ok
INSERT INTO t1(e,b,a,c,d) VALUES(237,236,239,NULL,238)

statement ok
INSERT INTO t1(e,c,b,a,d) VALUES(NULL,244,240,243,NULL)

statement ok
INSERT INTO t1(e,d,c,b,a) VALUES(246,248,247,249,245)

query IIII rowsort x5
SELECT b,
       a+b*2+c*3,
       c-d,
       CASE WHEN a<b-3 THEN 111 WHEN a<=b THEN 222
        WHEN a<b+3 THEN 333 ELSE 444 END
  FROM t1
 WHERE (a>b-2 AND a<b+2)
   AND (e>a AND e<b)
   AND b>c
----

query IIII rowsort x5
SELECT b,
       a+b*2+c*3,
       c-d,
       CASE WHEN a<b-3 THEN 111 WHEN a<=b THEN 222
        WHEN a<b+3 THEN 333 ELSE 444 END
  FROM t1
 WHERE (a>b-2 AND a<b+2)
   AND (e>a AND e<b)
   AND b>c
 ORDER BY 3,2
----

query IIII rowsort x5
SELECT b,
       a+b*2+c*3,
       c-d,
       CASE WHEN a<b-3 THEN 111 WHEN a<=b THEN 222
        WHEN a<b+3 THEN 333 ELSE 444 END
  FROM t1
 WHERE b>c
   AND (e>a AND e<b)
   AND (a>b-2 AND a<b+2)
----

query IIII rowsort x5
SELECT b,
       a+b*2+c*3,
       c-d,
       CASE WHEN a<b-3 THEN 111 WHEN a<=b THEN 222
        WHEN a<b+3 THEN 333 ELSE 444 END
  FROM t1
 WHERE b>c
   AND (e>a AND e<b)
   AND (a>b-2 AND a<b+2)
 ORDER BY 2,3,1
----

query IIII rowsort x5
SELECT b,
       a+b*2+c*3,
       c-d,
       CASE WHEN a<b-3 THEN 111 WHEN a<=b THEN 222
        WHEN a<b+3 THEN 333 ELSE 444 END
  FROM t1
 WHERE (e>a AND e<b)
   AND (a>b-2 AND a<b+2)
   AND b>c
----

query IIII rowsort x5
SELECT b,
       a+b*2+c*3,
       c-d,
       CASE WHEN a<b-3 THEN 111 WHEN a<=b THEN 222
        WHEN a<b+3 THEN 333 ELSE 444 END
  FROM t1
 WHERE (e>a AND e<b)
   AND (a>b-2 AND a<b+2)
   AND b>c
 ORDER BY 1,2
----

query IIII rowsort x5
SELECT b,
       a+b*2+c*3,
       c-d,
       CASE WHEN a<b-3 THEN 111 WHEN a<=b THEN 222
        WHEN a<b+3 THEN 333 ELSE 444 END
  FROM t1
 WHERE b>c
   AND (a>b-2 AND a<b+2)
   AND (e>a AND e<b)
----

query IIII rowsort x5
SELECT b,
       a+b*2+c*3,
       c-d,
       CASE WHEN a<b-3 THEN 111 WHEN a<=b THEN 222
        WHEN a<b+3 THEN 333 ELSE 444 END
  FROM t1
 WHERE b>c
   AND (a>b-2 AND a<b+2)
   AND (e>a AND e<b)
 ORDER BY 4,2
----

query IIIII rowsort x20
SELECT a-b,
       a+b*2+c*3+d*4+e*5,
       b,
       abs(a),
       a
  FROM t1
 WHERE e+d BETWEEN a+b-10 AND c+130
   AND EXISTS(SELECT 1 FROM t1 AS x WHERE x.b<t1.b)
   AND b>c
----
-2
1902
129
127
127

query IIIII rowsort x20
SELECT a-b,
       a+b*2+c*3+d*4+e*5,
       b,
       abs(a),
       a
  FROM t1
 WHERE e+d BETWEEN a+b-10 AND c+130
   AND EXISTS(SELECT 1 FROM t1 AS x WHERE x.b<t1.b)
   AND b>c
 ORDER BY 3,2,4,5
----
-2
1902
129
127
127

query IIIII rowsort x20
SELECT a-b,
       a+b*2+c*3+d*4+e*5,
       b,
       abs(a),
       a
  FROM t1
 WHERE b>c
   AND e+d BETWEEN a+b-10 AND c+130
   AND EXISTS(SELECT 1 FROM t1 AS x WHERE x.b<t1.b)
----
-2
1902
129
127
127

query IIIII rowsort x20
SELECT a-b,
       a+b*2+c*3+d*4+e*5,
       b,
       abs(a),
       a
  FROM t1
 WHERE b>c
   AND e+d BETWEEN a+b-10 AND c+130
   AND EXISTS(SELECT 1 FROM t1 AS x WHERE x.b<t1.b)
 ORDER BY 1,2,4
----
-2
1902
129
127
127

query IIIII rowsort x20
SELECT a-b,
       a+b*2+c*3+d*4+e*5,
       b,
       abs(a),
       a
  FROM t1
 WHERE EXISTS(SELECT 1 FROM t1 AS x WHERE x.b<t1.b)
   AND b>c
   AND e+d BETWEEN a+b-10 AND c+130
----
-2
1902
129
127
127

query IIIII rowsort x20
SELECT a-b,
       a+b*2+c*3+d*4+e*5,
       b,
       abs(a),
       a
  FROM t1
 WHERE EXISTS(SELECT 1 FROM t1 AS x WHERE x.b<t1.b)
   AND b>c
   AND e+d BETWEEN a+b-10 AND c+130
 ORDER BY 5,1,4,3,2
----
-2
1902
129
127
127

query II rowsort x24
SELECT a+b*2+c*3,
       (a+b+c+d+e)/5
  FROM t1
 WHERE (e>a AND e<b)
   AND b>c
   AND a>b
----

query II rowsort x24
SELECT a+b*2+c*3,
       (a+b+c+d+e)/5
  FROM t1
 WHERE (e>a AND e<b)
   AND b>c
   AND a>b
 ORDER BY 2,1
----

query II rowsort x24
SELECT a+b*2+c*3,
       (a+b+c+d+e)/5
  FROM t1
 WHERE b>c
   AND a>b
   AND (e>a AND e<b)
----

query II rowsort x24
SELECT a+b*2+c*3,
       (a+b+c+d+e)/5
  FROM t1
 WHERE b>c
   AND a>b
   AND (e>a AND e<b)
 ORDER BY 1,2
----

query II rowsort x24
SELECT a+b*2+c*3,
       (a+b+c+d+e)/5
  FROM t1
 WHERE b>c
   AND (e>a AND e<b)
   AND a>b
----

query II rowsort x24
SELECT a+b*2+c*3,
       (a+b+c+d+e)/5
  FROM t1
 WHERE b>c
   AND (e>a AND e<b)
   AND a>b
 ORDER BY 2,1
----

query IIII rowsort x25
SELECT a+b*2+c*3,
       abs(b-c),
       d,
       d-e
  FROM t1
 WHERE e+d BETWEEN a+b-10 AND c+130
   AND d NOT BETWEEN 110 AND 150
   AND (e>a AND e<b)
----

query IIII rowsort x25
SELECT a+b*2+c*3,
       abs(b-c),
       d,
       d-e
  FROM t1
 WHERE e+d BETWEEN a+b-10 AND c+130
   AND d NOT BETWEEN 110 AND 150
   AND (e>a AND e<b)
 ORDER BY 3,1,4,2
----

query IIII rowsort x25
SELECT a+b*2+c*3,
       abs(b-c),
       d,
       d-e
  FROM t1
 WHERE (e>a AND e<b)
   AND e+d BETWEEN a+b-10 AND c+130
   AND d NOT BETWEEN 110 AND 150
----

query IIII rowsort x25
SELECT a+b*2+c*3,
       abs(b-c),
       d,
       d-e
  FROM t1
 WHERE (e>a AND e<b)
   AND e+d BETWEEN a+b-10 AND c+130
   AND d NOT BETWEEN 110 AND 150
 ORDER BY 1,2,4
----

query IIII rowsort x25
SELECT a+b*2+c*3,
       abs(b-c),
       d,
       d-e
  FROM t1
 WHERE d NOT BETWEEN 110 AND 150
   AND e+d BETWEEN a+b-10 AND c+130
   AND (e>a AND e<b)
----

query IIII rowsort x25
SELECT a+b*2+c*3,
       abs(b-c),
       d,
       d-e
  FROM t1
 WHERE d NOT BETWEEN 110 AND 150
   AND e+d BETWEEN a+b-10 AND c+130
   AND (e>a AND e<b)
 ORDER BY 3,4,1,2
----

query IIII rowsort x25
SELECT a+b*2+c*3,
       abs(b-c),
       d,
       d-e
  FROM t1
 WHERE (e>a AND e<b)
   AND d NOT BETWEEN 110 AND 150
   AND e+d BETWEEN a+b-10 AND c+130
----

query IIII rowsort x25
SELECT a+b*2+c*3,
       abs(b-c),
       d,
       d-e
  FROM t1
 WHERE (e>a AND e<b)
   AND d NOT BETWEEN 110 AND 150
   AND e+d BETWEEN a+b-10 AND c+130
 ORDER BY 1,3
----

query III rowsort x26
SELECT b-c,
       b,
       a+b*2+c*3+d*4
  FROM t1
 WHERE (a>b-2 AND a<b+2)
   AND a>b
   AND (c<=d-2 OR c>=d+2)
----

query III rowsort x26
SELECT b-c,
       b,
       a+b*2+c*3+d*4
  FROM t1
 WHERE (a>b-2 AND a<b+2)
   AND a>b
   AND (c<=d-2 OR c>=d+2)
 ORDER BY 3,1,2
----

query III rowsort x26
SELECT b-c,
       b,
       a+b*2+c*3+d*4
  FROM t1
 WHERE (a>b-2 AND a<b+2)
   AND (c<=d-2 OR c>=d+2)
   AND a>b
----

query III rowsort x26
SELECT b-c,
       b,
       a+b*2+c*3+d*4
  FROM t1
 WHERE (a>b-2 AND a<b+2)
   AND (c<=d-2 OR c>=d+2)
   AND a>b
 ORDER BY 3,1
----

query III rowsort x26
SELECT b-c,
       b,
       a+b*2+c*3+d*4
  FROM t1
 WHERE (c<=d-2 OR c>=d+2)
   AND (a>b-2 AND a<b+2)
   AND a>b
----

query III rowsort x26
SELECT b-c,
       b,
       a+b*2+c*3+d*4
  FROM t1
 WHERE (c<=d-2 OR c>=d+2)
   AND (a>b-2 AND a<b+2)
   AND a>b
 ORDER BY 1,2,3
----

query III rowsort x26
SELECT b-c,
       b,
       a+b*2+c*3+d*4
  FROM t1
 WHERE a>b
   AND (c<=d-2 OR c>=d+2)
   AND (a>b-2 AND a<b+2)
----

query III rowsort x26
SELECT b-c,
       b,
       a+b*2+c*3+d*4
  FROM t1
 WHERE a>b
   AND (c<=d-2 OR c>=d+2)
   AND (a>b-2 AND a<b+2)
 ORDER BY 1,2,3
----

query I rowsort x41
SELECT a+b*2+c*3+d*4
  FROM t1
 WHERE d NOT BETWEEN 110 AND 150
   AND b>c
   AND c>d
----
1918

query I rowsort x41
SELECT a+b*2+c*3+d*4
  FROM t1
 WHERE d NOT BETWEEN 110 AND 150
   AND b>c
   AND c>d
 ORDER BY 1
----
1918

query I rowsort x41
SELECT a+b*2+c*3+d*4
  FROM t1
 WHERE c>d
   AND b>c
   AND d NOT BETWEEN 110 AND 150
----
1918

query I rowsort x41
SELECT a+b*2+c*3+d*4
  FROM t1
 WHERE c>d
   AND b>c
   AND d NOT BETWEEN 110 AND 150
 ORDER BY 1
----
1918

query I rowsort x41
SELECT a+b*2+c*3+d*4
  FROM t1
 WHERE d NOT BETWEEN 110 AND 150
   AND c>d
   AND b>c
----
1918

query I rowsort x41
SELECT a+b*2+c*3+d*4
  FROM t1
 WHERE d NOT BETWEEN 110 AND 150
   AND c>d
   AND b>c
 ORDER BY 1
----
1918

query III rowsort x43
SELECT b,
       a+b*2,
       a
  FROM t1
 WHERE b>c
   AND (a>b-2 AND a<b+2)
   AND c BETWEEN b-2 AND d+2
----
139
416
138
143
428
142

query III rowsort x43
SELECT b,
       a+b*2,
       a
  FROM t1
 WHERE b>c
   AND (a>b-2 AND a<b+2)
   AND c BETWEEN b-2 AND d+2
 ORDER BY 3,1,2
----
139
416
138
143
428
142

query III rowsort x43
SELECT b,
       a+b*2,
       a
  FROM t1
 WHERE c BETWEEN b-2 AND d+2
   AND (a>b-2 AND a<b+2)
   AND b>c
----
139
416
138
143
428
142

query III rowsort x43
SELECT b,
       a+b*2,
       a
  FROM t1
 WHERE c BETWEEN b-2 AND d+2
   AND (a>b-2 AND a<b+2)
   AND b>c
 ORDER BY 1,3
----
139
416
138
143
428
142

query III rowsort x43
SELECT b,
       a+b*2,
       a
  FROM t1
 WHERE c BETWEEN b-2 AND d+2
   AND b>c
   AND (a>b-2 AND a<b+2)
----
139
416
138
143
428
142

query III rowsort x43
SELECT b,
       a+b*2,
       a
  FROM t1
 WHERE c BETWEEN b-2 AND d+2
   AND b>c
   AND (a>b-2 AND a<b+2)
 ORDER BY 2,1
----
139
416
138
143
428
142

query IIIII rowsort x56
SELECT c,
       a+b*2+c*3+d*4,
       a+b*2+c*3+d*4+e*5,
       abs(b-c),
       b-c
  FROM t1
 WHERE e+d BETWEEN a+b-10 AND c+130
   AND d NOT BETWEEN 110 AND 150
----
106
1067
1612
1
-1

query IIIII rowsort x56
SELECT c,
       a+b*2+c*3+d*4,
       a+b*2+c*3+d*4+e*5,
       abs(b-c),
       b-c
  FROM t1
 WHERE e+d BETWEEN a+b-10 AND c+130
   AND d NOT BETWEEN 110 AND 150
 ORDER BY 1,5,2,3
----
106
1067
1612
1
-1

query III rowsort x59
SELECT CASE WHEN a<b-3 THEN 111 WHEN a<=b THEN 222
        WHEN a<b+3 THEN 333 ELSE 444 END,
       (a+b+c+d+e)/5,
       a+b*2
  FROM t1
 WHERE (a>b-2 AND a<b+2)
   AND a>b
   AND d>e
----
333
132
391
333
182
544

query III rowsort x59
SELECT CASE WHEN a<b-3 THEN 111 WHEN a<=b THEN 222
        WHEN a<b+3 THEN 333 ELSE 444 END,
       (a+b+c+d+e)/5,
       a+b*2
  FROM t1
 WHERE (a>b-2 AND a<b+2)
   AND a>b
   AND d>e
 ORDER BY 1,3,2
----
333
132
391
333
182
544

query III rowsort x59
SELECT CASE WHEN a<b-3 THEN 111 WHEN a<=b THEN 222
        WHEN a<b+3 THEN 333 ELSE 444 END,
       (a+b+c+d+e)/5,
       a+b*2
  FROM t1
 WHERE d>e
   AND a>b
   AND (a>b-2 AND a<b+2)
----
333
132
391
333
182
544

query III rowsort x59
SELECT CASE WHEN a<b-3 THEN 111 WHEN a<=b THEN 222
        WHEN a<b+3 THEN 333 ELSE 444 END,
       (a+b+c+d+e)/5,
       a+b*2
  FROM t1
 WHERE d>e
   AND a>b
   AND (a>b-2 AND a<b+2)
 ORDER BY 1,2
----
333
132
391
333
182
544

query III rowsort x59
SELECT CASE WHEN a<b-3 THEN 111 WHEN a<=b THEN 222
        WHEN a<b+3 THEN 333 ELSE 444 END,
       (a+b+c+d+e)/5,
       a+b*2
  FROM t1
 WHERE d>e
   AND (a>b-2 AND a<b+2)
   AND a>b
----
333
132
391
333
182
544

query III rowsort x59
SELECT CASE WHEN a<b-3 THEN 111 WHEN a<=b THEN 222
        WHEN a<b+3 THEN 333 ELSE 444 END,
       (a+b+c+d+e)/5,
       a+b*2
  FROM t1
 WHERE d>e
   AND (a>b-2 AND a<b+2)
   AND a>b
 ORDER BY 3,2,1
----
333
132
391
333
182
544

query III rowsort x59
SELECT CASE WHEN a<b-3 THEN 111 WHEN a<=b THEN 222
        WHEN a<b+3 THEN 333 ELSE 444 END,
       (a+b+c+d+e)/5,
       a+b*2
  FROM t1
 WHERE a>b
   AND (a>b-2 AND a<b+2)
   AND d>e
----
333
132
391
333
182
544

query III rowsort x59
SELECT CASE WHEN a<b-3 THEN 111 WHEN a<=b THEN 222
        WHEN a<b+3 THEN 333 ELSE 444 END,
       (a+b+c+d+e)/5,
       a+b*2
  FROM t1
 WHERE a>b
   AND (a>b-2 AND a<b+2)
   AND d>e
 ORDER BY 1,2
----
333
132
391
333
182
544

query III rowsort x62
SELECT b-c,
       a+b*2+c*3+d*4+e*5,
       a+b*2
  FROM t1
 WHERE (c<=d-2 OR c>=d+2)
   AND b>c
   AND (e>a AND e<b)
----
1
2878
579

query III rowsort x62
SELECT b-c,
       a+b*2+c*3+d*4+e*5,
       a+b*2
  FROM t1
 WHERE (c<=d-2 OR c>=d+2)
   AND b>c
   AND (e>a AND e<b)
 ORDER BY 3,1,2
----
1
2878
579

query III rowsort x62
SELECT b-c,
       a+b*2+c*3+d*4+e*5,
       a+b*2
  FROM t1
 WHERE (e>a AND e<b)
   AND (c<=d-2 OR c>=d+2)
   AND b>c
----
1
2878
579

query III rowsort x62
SELECT b-c,
       a+b*2+c*3+d*4+e*5,
       a+b*2
  FROM t1
 WHERE (e>a AND e<b)
   AND (c<=d-2 OR c>=d+2)
   AND b>c
 ORDER BY 2,1
----
1
2878
579

query III rowsort x62
SELECT b-c,
       a+b*2+c*3+d*4+e*5,
       a+b*2
  FROM t1
 WHERE (c<=d-2 OR c>=d+2)
   AND (e>a AND e<b)
   AND b>c
----
1
2878
579

query III rowsort x62
SELECT b-c,
       a+b*2+c*3+d*4+e*5,
       a+b*2
  FROM t1
 WHERE (c<=d-2 OR c>=d+2)
   AND (e>a AND e<b)
   AND b>c
 ORDER BY 1,3,2
----
1
2878
579

query I rowsort x66
SELECT e
  FROM t1
 WHERE b>c
   AND d>e
----
126
135
230
246

query I rowsort x66
SELECT e
  FROM t1
 WHERE b>c
   AND d>e
 ORDER BY 1
----
126
135
230
246

query I rowsort x68
SELECT d-e
  FROM t1
 WHERE (a>b-2 AND a<b+2)
   AND (e>c OR e<d)
   AND EXISTS(SELECT 1 FROM t1 AS x WHERE x.b<t1.b)
----
-1
-1
-4
1
1
3
NULL

query I rowsort x68
SELECT d-e
  FROM t1
 WHERE (a>b-2 AND a<b+2)
   AND (e>c OR e<d)
   AND EXISTS(SELECT 1 FROM t1 AS x WHERE x.b<t1.b)
 ORDER BY 1
----
-1
-1
-4
1
1
3
NULL

query I rowsort x68
SELECT d-e
  FROM t1
 WHERE (e>c OR e<d)
   AND (a>b-2 AND a<b+2)
   AND EXISTS(SELECT 1 FROM t1 AS x WHERE x.b<t1.b)
----
-1
-1
-4
1
1
3
NULL

query I rowsort x68
SELECT d-e
  FROM t1
 WHERE (e>c OR e<d)
   AND (a>b-2 AND a<b+2)
   AND EXISTS(SELECT 1 FROM t1 AS x WHERE x.b<t1.b)
 ORDER BY 1
----
-1
-1
-4
1
1
3
NULL

query I rowsort x68
SELECT d-e
  FROM t1
 WHERE (a>b-2 AND a<b+2)
   AND EXISTS(SELECT 1 FROM t1 AS x WHERE x.b<t1.b)
   AND (e>c OR e<d)
----
-1
-1
-4
1
1
3
NULL

query I rowsort x68
SELECT d-e
  FROM t1
 WHERE (a>b-2 AND a<b+2)
   AND EXISTS(SELECT 1 FROM t1 AS x WHERE x.b<t1.b)
   AND (e>c OR e<d)
 ORDER BY 1
----
-1
-1
-4
1
1
3
NULL

query I rowsort x68
SELECT d-e
  FROM t1
 WHERE EXISTS(SELECT 1 FROM t1 AS x WHERE x.b<t1.b)
   AND (a>b-2 AND a<b+2)
   AND (e>c OR e<d)
----
-1
-1
-4
1
1
3
NULL

query I rowsort x68
SELECT d-e
  FROM t1
 WHERE EXISTS(SELECT 1 FROM t1 AS x WHERE x.b<t1.b)
   AND (a>b-2 AND a<b+2)
   AND (e>c OR e<d)
 ORDER BY 1
----
-1
-1
-4
1
1
3
NULL

query III rowsort x83
SELECT b-c,
       CASE WHEN a<b-3 THEN 111 WHEN a<=b THEN 222
        WHEN a<b+3 THEN 333 ELSE 444 END,
       a+b*2+c*3+d*4+e*5
  FROM t1
 WHERE e+d BETWEEN a+b-10 AND c+130
----
-1
333
1612
4
222
1902

query III rowsort x83
SELECT b-c,
       CASE WHEN a<b-3 THEN 111 WHEN a<=b THEN 222
        WHEN a<b+3 THEN 333 ELSE 444 END,
       a+b*2+c*3+d*4+e*5
  FROM t1
 WHERE e+d BETWEEN a+b-10 AND c+130
 ORDER BY 3,1,2
----
-1
333
1612
4
222
1902

query II rowsort x125
SELECT (a+b+c+d+e)/5,
       b
  FROM t1
 WHERE e+d BETWEEN a+b-10 AND c+130
----
107
105
127
129

query II rowsort x125
SELECT (a+b+c+d+e)/5,
       b
  FROM t1
 WHERE e+d BETWEEN a+b-10 AND c+130
 ORDER BY 2,1
----
107
105
127
129

query IIII rowsort x133
SELECT CASE a+1 WHEN b THEN 111 WHEN c THEN 222
        WHEN d THEN 333  WHEN e THEN 444 ELSE 555 END,
       c,
       b-c,
       d
  FROM t1
 WHERE c BETWEEN b-2 AND d+2
   AND b>c
   AND e+d BETWEEN a+b-10 AND c+130
----

query IIII rowsort x133
SELECT CASE a+1 WHEN b THEN 111 WHEN c THEN 222
        WHEN d THEN 333  WHEN e THEN 444 ELSE 555 END,
       c,
       b-c,
       d
  FROM t1
 WHERE c BETWEEN b-2 AND d+2
   AND b>c
   AND e+d BETWEEN a+b-10 AND c+130
 ORDER BY 2,3,4,1
----

query IIII rowsort x133
SELECT CASE a+1 WHEN b THEN 111 WHEN c THEN 222
        WHEN d THEN 333  WHEN e THEN 444 ELSE 555 END,
       c,
       b-c,
       d
  FROM t1
 WHERE e+d BETWEEN a+b-10 AND c+130
   AND c BETWEEN b-2 AND d+2
   AND b>c
----

query IIII rowsort x133
SELECT CASE a+1 WHEN b THEN 111 WHEN c THEN 222
        WHEN d THEN 333  WHEN e THEN 444 ELSE 555 END,
       c,
       b-c,
       d
  FROM t1
 WHERE e+d BETWEEN a+b-10 AND c+130
   AND c BETWEEN b-2 AND d+2
   AND b>c
 ORDER BY 2,3
----

query IIII rowsort x133
SELECT CASE a+1 WHEN b THEN 111 WHEN c THEN 222
        WHEN d THEN 333  WHEN e THEN 444 ELSE 555 END,
       c,
       b-c,
       d
  FROM t1
 WHERE b>c
   AND e+d BETWEEN a+b-10 AND c+130
   AND c BETWEEN b-2 AND d+2
----

query IIII rowsort x133
SELECT CASE a+1 WHEN b THEN 111 WHEN c THEN 222
        WHEN d THEN 333  WHEN e THEN 444 ELSE 555 END,
       c,
       b-c,
       d
  FROM t1
 WHERE b>c
   AND e+d BETWEEN a+b-10 AND c+130
   AND c BETWEEN b-2 AND d+2
 ORDER BY 2,4,1
----

query II rowsort x157
SELECT a+b*2+c*3+d*4,
       b
  FROM t1
 WHERE e+d BETWEEN a+b-10 AND c+130
----
1067
105
1272
129

query II rowsort x157
SELECT a+b*2+c*3+d*4,
       b
  FROM t1
 WHERE e+d BETWEEN a+b-10 AND c+130
 ORDER BY 2,1
----
1067
105
1272
129

query I rowsort x170
SELECT a-b
  FROM t1
 WHERE (e>a AND e<b)
   AND d>e
   AND b>c
----
-4

query I rowsort x170
SELECT a-b
  FROM t1
 WHERE (e>a AND e<b)
   AND d>e
   AND b>c
 ORDER BY 1
----
-4

query I rowsort x170
SELECT a-b
  FROM t1
 WHERE (e>a AND e<b)
   AND b>c
   AND d>e
----
-4

query I rowsort x170
SELECT a-b
  FROM t1
 WHERE (e>a AND e<b)
   AND b>c
   AND d>e
 ORDER BY 1
----
-4

query I rowsort x170
SELECT a-b
  FROM t1
 WHERE d>e
   AND b>c
   AND (e>a AND e<b)
----
-4

query I rowsort x170
SELECT a-b
  FROM t1
 WHERE d>e
   AND b>c
   AND (e>a AND e<b)
 ORDER BY 1
----
-4

query I rowsort x170
SELECT a-b
  FROM t1
 WHERE b>c
   AND d>e
   AND (e>a AND e<b)
----
-4

query I rowsort x170
SELECT a-b
  FROM t1
 WHERE b>c
   AND d>e
   AND (e>a AND e<b)
 ORDER BY 1
----
-4

query III rowsort x199
SELECT a+b*2+c*3,
       CASE a+1 WHEN b THEN 111 WHEN c THEN 222
        WHEN d THEN 333  WHEN e THEN 444 ELSE 555 END,
       a
  FROM t1
 WHERE d>e
   AND (e>a AND e<b)
----
1338
444
220
1484
444
245

query III rowsort x199
SELECT a+b*2+c*3,
       CASE a+1 WHEN b THEN 111 WHEN c THEN 222
        WHEN d THEN 333  WHEN e THEN 444 ELSE 555 END,
       a
  FROM t1
 WHERE d>e
   AND (e>a AND e<b)
 ORDER BY 3,2,1
----
1338
444
220
1484
444
245

query III rowsort x199
SELECT a+b*2+c*3,
       CASE a+1 WHEN b THEN 111 WHEN c THEN 222
        WHEN d THEN 333  WHEN e THEN 444 ELSE 555 END,
       a
  FROM t1
 WHERE (e>a AND e<b)
   AND d>e
----
1338
444
220
1484
444
245

query III rowsort x199
SELECT a+b*2+c*3,
       CASE a+1 WHEN b THEN 111 WHEN c THEN 222
        WHEN d THEN 333  WHEN e THEN 444 ELSE 555 END,
       a
  FROM t1
 WHERE (e>a AND e<b)
   AND d>e
 ORDER BY 3,1
----
1338
444
220
1484
444
245

query I rowsort x209
SELECT d
  FROM t1
 WHERE (e>a AND e<b)
----
190
222
248

query I rowsort x209
SELECT d
  FROM t1
 WHERE (e>a AND e<b)
 ORDER BY 1
----
190
222
248

query II rowsort x235
SELECT b,
       a+b*2
  FROM t1
 WHERE e+d BETWEEN a+b-10 AND c+130
   AND c>d
----

query II rowsort x235
SELECT b,
       a+b*2
  FROM t1
 WHERE e+d BETWEEN a+b-10 AND c+130
   AND c>d
 ORDER BY 1,2
----

query II rowsort x235
SELECT b,
       a+b*2
  FROM t1
 WHERE c>d
   AND e+d BETWEEN a+b-10 AND c+130
----

query II rowsort x235
SELECT b,
       a+b*2
  FROM t1
 WHERE c>d
   AND e+d BETWEEN a+b-10 AND c+130
 ORDER BY 2,1
----

query I rowsort x242
SELECT CASE WHEN a<b-3 THEN 111 WHEN a<=b THEN 222
        WHEN a<b+3 THEN 333 ELSE 444 END
  FROM t1
 WHERE (e>a AND e<b)
   AND (c<=d-2 OR c>=d+2)
   AND c BETWEEN b-2 AND d+2
----
222

query I rowsort x242
SELECT CASE WHEN a<b-3 THEN 111 WHEN a<=b THEN 222
        WHEN a<b+3 THEN 333 ELSE 444 END
  FROM t1
 WHERE (e>a AND e<b)
   AND (c<=d-2 OR c>=d+2)
   AND c BETWEEN b-2 AND d+2
 ORDER BY 1
----
222

query I rowsort x242
SELECT CASE WHEN a<b-3 THEN 111 WHEN a<=b THEN 222
        WHEN a<b+3 THEN 333 ELSE 444 END
  FROM t1
 WHERE c BETWEEN b-2 AND d+2
   AND (e>a AND e<b)
   AND (c<=d-2 OR c>=d+2)
----
222

query I rowsort x242
SELECT CASE WHEN a<b-3 THEN 111 WHEN a<=b THEN 222
        WHEN a<b+3 THEN 333 ELSE 444 END
  FROM t1
 WHERE c BETWEEN b-2 AND d+2
   AND (e>a AND e<b)
   AND (c<=d-2 OR c>=d+2)
 ORDER BY 1
----
222

query IIIIII rowsort x252
SELECT CASE WHEN a<b-3 THEN 111 WHEN a<=b THEN 222
        WHEN a<b+3 THEN 333 ELSE 444 END,
       b-c,
       e,
       d-e,
       c-d,
       a
  FROM t1
 WHERE (e>a AND e<b)
   AND a>b
   AND d>e
----

query IIIIII rowsort x252
SELECT CASE WHEN a<b-3 THEN 111 WHEN a<=b THEN 222
        WHEN a<b+3 THEN 333 ELSE 444 END,
       b-c,
       e,
       d-e,
       c-d,
       a
  FROM t1
 WHERE (e>a AND e<b)
   AND a>b
   AND d>e
 ORDER BY 6,3
----

query IIIIII rowsort x252
SELECT CASE WHEN a<b-3 THEN 111 WHEN a<=b THEN 222
        WHEN a<b+3 THEN 333 ELSE 444 END,
       b-c,
       e,
       d-e,
       c-d,
       a
  FROM t1
 WHERE a>b
   AND d>e
   AND (e>a AND e<b)
----

query IIIIII rowsort x252
SELECT CASE WHEN a<b-3 THEN 111 WHEN a<=b THEN 222
        WHEN a<b+3 THEN 333 ELSE 444 END,
       b-c,
       e,
       d-e,
       c-d,
       a
  FROM t1
 WHERE a>b
   AND d>e
   AND (e>a AND e<b)
 ORDER BY 6,5
----

query IIII rowsort x253
SELECT (SELECT count(*) FROM t1 AS x WHERE x.b<t1.b),
       a+b*2+c*3+d*4+e*5,
       c,
       a+b*2
  FROM t1
 WHERE (e>a AND e<b)
   AND b>c
----
16
2878
193
579
26
3706
247
743

query IIII rowsort x253
SELECT (SELECT count(*) FROM t1 AS x WHERE x.b<t1.b),
       a+b*2+c*3+d*4+e*5,
       c,
       a+b*2
  FROM t1
 WHERE (e>a AND e<b)
   AND b>c
 ORDER BY 2,4
----
16
2878
193
579
26
3706
247
743

query IIII rowsort x266
SELECT e,
       a+b*2+c*3,
       abs(a),
       CASE WHEN a<b-3 THEN 111 WHEN a<=b THEN 222
        WHEN a<b+3 THEN 333 ELSE 444 END
  FROM t1
 WHERE a>b
   AND EXISTS(SELECT 1 FROM t1 AS x WHERE x.b<t1.b)
   AND e+d BETWEEN a+b-10 AND c+130
----

query IIII rowsort x266
SELECT e,
       a+b*2+c*3,
       abs(a),
       CASE WHEN a<b-3 THEN 111 WHEN a<=b THEN 222
        WHEN a<b+3 THEN 333 ELSE 444 END
  FROM t1
 WHERE a>b
   AND EXISTS(SELECT 1 FROM t1 AS x WHERE x.b<t1.b)
   AND e+d BETWEEN a+b-10 AND c+130
 ORDER BY 2,4,3
----

query IIII rowsort x266
SELECT e,
       a+b*2+c*3,
       abs(a),
       CASE WHEN a<b-3 THEN 111 WHEN a<=b THEN 222
        WHEN a<b+3 THEN 333 ELSE 444 END
  FROM t1
 WHERE e+d BETWEEN a+b-10 AND c+130
   AND EXISTS(SELECT 1 FROM t1 AS x WHERE x.b<t1.b)
   AND a>b
----

query IIII rowsort x266
SELECT e,
       a+b*2+c*3,
       abs(a),
       CASE WHEN a<b-3 THEN 111 WHEN a<=b THEN 222
        WHEN a<b+3 THEN 333 ELSE 444 END
  FROM t1
 WHERE e+d BETWEEN a+b-10 AND c+130
   AND EXISTS(SELECT 1 FROM t1 AS x WHERE x.b<t1.b)
   AND a>b
 ORDER BY 4,2
----

query IIII rowsort x266
SELECT e,
       a+b*2+c*3,
       abs(a),
       CASE WHEN a<b-3 THEN 111 WHEN a<=b THEN 222
        WHEN a<b+3 THEN 333 ELSE 444 END
  FROM t1
 WHERE e+d BETWEEN a+b-10 AND c+130
   AND a>b
   AND EXISTS(SELECT 1 FROM t1 AS x WHERE x.b<t1.b)
----

query IIII rowsort x266
SELECT e,
       a+b*2+c*3,
       abs(a),
       CASE WHEN a<b-3 THEN 111 WHEN a<=b THEN 222
        WHEN a<b+3 THEN 333 ELSE 444 END
  FROM t1
 WHERE e+d BETWEEN a+b-10 AND c+130
   AND a>b
   AND EXISTS(SELECT 1 FROM t1 AS x WHERE x.b<t1.b)
 ORDER BY 4,1
----

query IIII rowsort x266
SELECT e,
       a+b*2+c*3,
       abs(a),
       CASE WHEN a<b-3 THEN 111 WHEN a<=b THEN 222
        WHEN a<b+3 THEN 333 ELSE 444 END
  FROM t1
 WHERE EXISTS(SELECT 1 FROM t1 AS x WHERE x.b<t1.b)
   AND a>b
   AND e+d BETWEEN a+b-10 AND c+130
----

query IIII rowsort x266
SELECT e,
       a+b*2+c*3,
       abs(a),
       CASE WHEN a<b-3 THEN 111 WHEN a<=b THEN 222
        WHEN a<b+3 THEN 333 ELSE 444 END
  FROM t1
 WHERE EXISTS(SELECT 1 FROM t1 AS x WHERE x.b<t1.b)
   AND a>b
   AND e+d BETWEEN a+b-10 AND c+130
 ORDER BY 3,4,1
----

query IIIII rowsort x267
SELECT e,
       a+b*2+c*3,
       CASE WHEN c>(SELECT avg(c) FROM t1) THEN a*2 ELSE b*10 END,
       a-b,
       b-c
  FROM t1
 WHERE (a>b-2 AND a<b+2)
   AND (e>c OR e<d)
   AND e+d BETWEEN a+b-10 AND c+130
----

query IIIII rowsort x267
SELECT e,
       a+b*2+c*3,
       CASE WHEN c>(SELECT avg(c) FROM t1) THEN a*2 ELSE b*10 END,
       a-b,
       b-c
  FROM t1
 WHERE (a>b-2 AND a<b+2)
   AND (e>c OR e<d)
   AND e+d BETWEEN a+b-10 AND c+130
 ORDER BY 3,1,4,2
----

query IIIII rowsort x267
SELECT e,
       a+b*2+c*3,
       CASE WHEN c>(SELECT avg(c) FROM t1) THEN a*2 ELSE b*10 END,
       a-b,
       b-c
  FROM t1
 WHERE (e>c OR e<d)
   AND (a>b-2 AND a<b+2)
   AND e+d BETWEEN a+b-10 AND c+130
----

query IIIII rowsort x267
SELECT e,
       a+b*2+c*3,
       CASE WHEN c>(SELECT avg(c) FROM t1) THEN a*2 ELSE b*10 END,
       a-b,
       b-c
  FROM t1
 WHERE (e>c OR e<d)
   AND (a>b-2 AND a<b+2)
   AND e+d BETWEEN a+b-10 AND c+130
 ORDER BY 5,4,3,1,2
----

query I rowsort x269
SELECT d
  FROM t1
 WHERE d NOT BETWEEN 110 AND 150
   AND (e>a AND e<b)
----
190
222
248

query I rowsort x269
SELECT d
  FROM t1
 WHERE d NOT BETWEEN 110 AND 150
   AND (e>a AND e<b)
 ORDER BY 1
----
190
222
248

query I rowsort x269
SELECT d
  FROM t1
 WHERE (e>a AND e<b)
   AND d NOT BETWEEN 110 AND 150
----
190
222
248

query I rowsort x269
SELECT d
  FROM t1
 WHERE (e>a AND e<b)
   AND d NOT BETWEEN 110 AND 150
 ORDER BY 1
----
190
222
248

query IIIII rowsort x274
SELECT a,
       c-d,
       abs(b-c),
       a+b*2+c*3,
       a+b*2+c*3+d*4+e*5
  FROM t1
 WHERE (c<=d-2 OR c>=d+2)
   AND c BETWEEN b-2 AND d+2
   AND (e>a AND e<b)
----
220
2
1
1338
3331

query IIIII rowsort x274
SELECT a,
       c-d,
       abs(b-c),
       a+b*2+c*3,
       a+b*2+c*3+d*4+e*5
  FROM t1
 WHERE (c<=d-2 OR c>=d+2)
   AND c BETWEEN b-2 AND d+2
   AND (e>a AND e<b)
 ORDER BY 1,2,5
----
220
2
1
1338
3331

query IIIII rowsort x274
SELECT a,
       c-d,
       abs(b-c),
       a+b*2+c*3,
       a+b*2+c*3+d*4+e*5
  FROM t1
 WHERE c BETWEEN b-2 AND d+2
   AND (c<=d-2 OR c>=d+2)
   AND (e>a AND e<b)
----
220
2
1
1338
3331

query IIIII rowsort x274
SELECT a,
       c-d,
       abs(b-c),
       a+b*2+c*3,
       a+b*2+c*3+d*4+e*5
  FROM t1
 WHERE c BETWEEN b-2 AND d+2
   AND (c<=d-2 OR c>=d+2)
   AND (e>a AND e<b)
 ORDER BY 2,3
----
220
2
1
1338
3331

query IIIII rowsort x274
SELECT a,
       c-d,
       abs(b-c),
       a+b*2+c*3,
       a+b*2+c*3+d*4+e*5
  FROM t1
 WHERE c BETWEEN b-2 AND d+2
   AND (e>a AND e<b)
   AND (c<=d-2 OR c>=d+2)
----
220
2
1
1338
3331

query IIIII rowsort x274
SELECT a,
       c-d,
       abs(b-c),
       a+b*2+c*3,
       a+b*2+c*3+d*4+e*5
  FROM t1
 WHERE c BETWEEN b-2 AND d+2
   AND (e>a AND e<b)
   AND (c<=d-2 OR c>=d+2)
 ORDER BY 3,4
----
220
2
1
1338
3331

query II rowsort x292
SELECT abs(a),
       CASE WHEN a<b-3 THEN 111 WHEN a<=b THEN 222
        WHEN a<b+3 THEN 333 ELSE 444 END
  FROM t1
 WHERE c>d
   AND (a>b-2 AND a<b+2)
   AND d>e
----
131
333
138
222
182
333

query II rowsort x292
SELECT abs(a),
       CASE WHEN a<b-3 THEN 111 WHEN a<=b THEN 222
        WHEN a<b+3 THEN 333 ELSE 444 END
  FROM t1
 WHERE c>d
   AND (a>b-2 AND a<b+2)
   AND d>e
 ORDER BY 1,2
----
131
333
138
222
182
333

query II rowsort x292
SELECT abs(a),
       CASE WHEN a<b-3 THEN 111 WHEN a<=b THEN 222
        WHEN a<b+3 THEN 333 ELSE 444 END
  FROM t1
 WHERE d>e
   AND (a>b-2 AND a<b+2)
   AND c>d
----
131
333
138
222
182
333

query II rowsort x292
SELECT abs(a),
       CASE WHEN a<b-3 THEN 111 WHEN a<=b THEN 222
        WHEN a<b+3 THEN 333 ELSE 444 END
  FROM t1
 WHERE d>e
   AND (a>b-2 AND a<b+2)
   AND c>d
 ORDER BY 1,2
----
131
333
138
222
182
333

query II rowsort x292
SELECT abs(a),
       CASE WHEN a<b-3 THEN 111 WHEN a<=b THEN 222
        WHEN a<b+3 THEN 333 ELSE 444 END
  FROM t1
 WHERE c>d
   AND d>e
   AND (a>b-2 AND a<b+2)
----
131
333
138
222
182
333

query II rowsort x292
SELECT abs(a),
       CASE WHEN a<b-3 THEN 111 WHEN a<=b THEN 222
        WHEN a<b+3 THEN 333 ELSE 444 END
  FROM t1
 WHERE c>d
   AND d>e
   AND (a>b-2 AND a<b+2)
 ORDER BY 2,1
----
131
333
138
222
182
333

query IIIII rowsort x339
SELECT b,
       b-c,
       (SELECT count(*) FROM t1 AS x WHERE x.b<t1.b),
       c-d,
       a+b*2+c*3+d*4
  FROM t1
 WHERE (e>a AND e<b)
   AND e+d BETWEEN a+b-10 AND c+130
   AND (a>b-2 AND a<b+2)
----

query IIIII rowsort x339
SELECT b,
       b-c,
       (SELECT count(*) FROM t1 AS x WHERE x.b<t1.b),
       c-d,
       a+b*2+c*3+d*4
  FROM t1
 WHERE (e>a AND e<b)
   AND e+d BETWEEN a+b-10 AND c+130
   AND (a>b-2 AND a<b+2)
 ORDER BY 2,5
----

query IIIII rowsort x339
SELECT b,
       b-c,
       (SELECT count(*) FROM t1 AS x WHERE x.b<t1.b),
       c-d,
       a+b*2+c*3+d*4
  FROM t1
 WHERE (a>b-2 AND a<b+2)
   AND (e>a AND e<b)
   AND e+d BETWEEN a+b-10 AND c+130
----

query IIIII rowsort x339
SELECT b,
       b-c,
       (SELECT count(*) FROM t1 AS x WHERE x.b<t1.b),
       c-d,
       a+b*2+c*3+d*4
  FROM t1
 WHERE (a>b-2 AND a<b+2)
   AND (e>a AND e<b)
   AND e+d BETWEEN a+b-10 AND c+130
 ORDER BY 4,1,2,5,3
----

query IIIII rowsort x339
SELECT b,
       b-c,
       (SELECT count(*) FROM t1 AS x WHERE x.b<t1.b),
       c-d,
       a+b*2+c*3+d*4
  FROM t1
 WHERE e+d BETWEEN a+b-10 AND c+130
   AND (a>b-2 AND a<b+2)
   AND (e>a AND e<b)
----

query IIIII rowsort x339
SELECT b,
       b-c,
       (SELECT count(*) FROM t1 AS x WHERE x.b<t1.b),
       c-d,
       a+b*2+c*3+d*4
  FROM t1
 WHERE e+d BETWEEN a+b-10 AND c+130
   AND (a>b-2 AND a<b+2)
   AND (e>a AND e<b)
 ORDER BY 4,1,3,5
----

query I rowsort x346
SELECT abs(b-c)
  FROM t1
 WHERE (c<=d-2 OR c>=d+2)
   AND c BETWEEN b-2 AND d+2
----
1
1
1
1
1
3

query I rowsort x346
SELECT abs(b-c)
  FROM t1
 WHERE (c<=d-2 OR c>=d+2)
   AND c BETWEEN b-2 AND d+2
 ORDER BY 1
----
1
1
1
1
1
3

query IIII rowsort x349
SELECT abs(a),
       c,
       CASE a+1 WHEN b THEN 111 WHEN c THEN 222
        WHEN d THEN 333  WHEN e THEN 444 ELSE 555 END,
       d-e
  FROM t1
 WHERE e+d BETWEEN a+b-10 AND c+130
   AND (a>b-2 AND a<b+2)
----

query IIII rowsort x349
SELECT abs(a),
       c,
       CASE a+1 WHEN b THEN 111 WHEN c THEN 222
        WHEN d THEN 333  WHEN e THEN 444 ELSE 555 END,
       d-e
  FROM t1
 WHERE e+d BETWEEN a+b-10 AND c+130
   AND (a>b-2 AND a<b+2)
 ORDER BY 4,3,2,1
----

query IIII rowsort x349
SELECT abs(a),
       c,
       CASE a+1 WHEN b THEN 111 WHEN c THEN 222
        WHEN d THEN 333  WHEN e THEN 444 ELSE 555 END,
       d-e
  FROM t1
 WHERE (a>b-2 AND a<b+2)
   AND e+d BETWEEN a+b-10 AND c+130
----

query IIII rowsort x349
SELECT abs(a),
       c,
       CASE a+1 WHEN b THEN 111 WHEN c THEN 222
        WHEN d THEN 333  WHEN e THEN 444 ELSE 555 END,
       d-e
  FROM t1
 WHERE (a>b-2 AND a<b+2)
   AND e+d BETWEEN a+b-10 AND c+130
 ORDER BY 4,1,2,3
----

query I rowsort x350
SELECT a+b*2+c*3+d*4
  FROM t1
 WHERE (e>c OR e<d)
   AND e+d BETWEEN a+b-10 AND c+130
----
1067
1272

query I rowsort x350
SELECT a+b*2+c*3+d*4
  FROM t1
 WHERE (e>c OR e<d)
   AND e+d BETWEEN a+b-10 AND c+130
 ORDER BY 1
----
1067
1272

query I rowsort x350
SELECT a+b*2+c*3+d*4
  FROM t1
 WHERE e+d BETWEEN a+b-10 AND c+130
   AND (e>c OR e<d)
----
1067
1272

query I rowsort x350
SELECT a+b*2+c*3+d*4
  FROM t1
 WHERE e+d BETWEEN a+b-10 AND c+130
   AND (e>c OR e<d)
 ORDER BY 1
----
1067
1272

query I rowsort x366
SELECT a-b
  FROM t1
 WHERE e+d BETWEEN a+b-10 AND c+130
----
-2
2

query I rowsort x366
SELECT a-b
  FROM t1
 WHERE e+d BETWEEN a+b-10 AND c+130
 ORDER BY 1
----
-2
2

query II rowsort x369
SELECT c-d,
       abs(a)
  FROM t1
 WHERE (c<=d-2 OR c>=d+2)
   AND c>d
   AND b>c
----
3
191

query II rowsort x369
SELECT c-d,
       abs(a)
  FROM t1
 WHERE (c<=d-2 OR c>=d+2)
   AND c>d
   AND b>c
 ORDER BY 1,2
----
3
191

query II rowsort x369
SELECT c-d,
       abs(a)
  FROM t1
 WHERE c>d
   AND b>c
   AND (c<=d-2 OR c>=d+2)
----
3
191

query II rowsort x369
SELECT c-d,
       abs(a)
  FROM t1
 WHERE c>d
   AND b>c
   AND (c<=d-2 OR c>=d+2)
 ORDER BY 1,2
----
3
191

query II rowsort x369
SELECT c-d,
       abs(a)
  FROM t1
 WHERE b>c
   AND c>d
   AND (c<=d-2 OR c>=d+2)
----
3
191

query II rowsort x369
SELECT c-d,
       abs(a)
  FROM t1
 WHERE b>c
   AND c>d
   AND (c<=d-2 OR c>=d+2)
 ORDER BY 1,2
----
3
191

query I rowsort x389
SELECT e
  FROM t1
 WHERE (a>b-2 AND a<b+2)
----
132
135
144
157
165
180
197
227

query I rowsort x389
SELECT e
  FROM t1
 WHERE (a>b-2 AND a<b+2)
 ORDER BY 1
----
132
135
144
157
165
180
197
227

query II rowsort x394
SELECT CASE WHEN a<b-3 THEN 111 WHEN a<=b THEN 222
        WHEN a<b+3 THEN 333 ELSE 444 END,
       b-c
  FROM t1
 WHERE (e>a AND e<b)
   AND EXISTS(SELECT 1 FROM t1 AS x WHERE x.b<t1.b)
   AND (c<=d-2 OR c>=d+2)
----
222
-1
222
1

query II rowsort x394
SELECT CASE WHEN a<b-3 THEN 111 WHEN a<=b THEN 222
        WHEN a<b+3 THEN 333 ELSE 444 END,
       b-c
  FROM t1
 WHERE (e>a AND e<b)
   AND EXISTS(SELECT 1 FROM t1 AS x WHERE x.b<t1.b)
   AND (c<=d-2 OR c>=d+2)
 ORDER BY 1,2
----
222
-1
222
1

query II rowsort x394
SELECT CASE WHEN a<b-3 THEN 111 WHEN a<=b THEN 222
        WHEN a<b+3 THEN 333 ELSE 444 END,
       b-c
  FROM t1
 WHERE EXISTS(SELECT 1 FROM t1 AS x WHERE x.b<t1.b)
   AND (c<=d-2 OR c>=d+2)
   AND (e>a AND e<b)
----
222
-1
222
1

query II rowsort x394
SELECT CASE WHEN a<b-3 THEN 111 WHEN a<=b THEN 222
        WHEN a<b+3 THEN 333 ELSE 444 END,
       b-c
  FROM t1
 WHERE EXISTS(SELECT 1 FROM t1 AS x WHERE x.b<t1.b)
   AND (c<=d-2 OR c>=d+2)
   AND (e>a AND e<b)
 ORDER BY 1,2
----
222
-1
222
1

query II rowsort x394
SELECT CASE WHEN a<b-3 THEN 111 WHEN a<=b THEN 222
        WHEN a<b+3 THEN 333 ELSE 444 END,
       b-c
  FROM t1
 WHERE (c<=d-2 OR c>=d+2)
   AND EXISTS(SELECT 1 FROM t1 AS x WHERE x.b<t1.b)
   AND (e>a AND e<b)
----
222
-1
222
1

query II rowsort x394
SELECT CASE WHEN a<b-3 THEN 111 WHEN a<=b THEN 222
        WHEN a<b+3 THEN 333 ELSE 444 END,
       b-c
  FROM t1
 WHERE (c<=d-2 OR c>=d+2)
   AND EXISTS(SELECT 1 FROM t1 AS x WHERE x.b<t1.b)
   AND (e>a AND e<b)
 ORDER BY 2,1
----
222
-1
222
1

query II rowsort x400
SELECT CASE a+1 WHEN b THEN 111 WHEN c THEN 222
        WHEN d THEN 333  WHEN e THEN 444 ELSE 555 END,
       (a+b+c+d+e)/5
  FROM t1
 WHERE EXISTS(SELECT 1 FROM t1 AS x WHERE x.b<t1.b)
   AND (e>a AND e<b)
----
444
192
444
222
444
247

query II rowsort x400
SELECT CASE a+1 WHEN b THEN 111 WHEN c THEN 222
        WHEN d THEN 333  WHEN e THEN 444 ELSE 555 END,
       (a+b+c+d+e)/5
  FROM t1
 WHERE EXISTS(SELECT 1 FROM t1 AS x WHERE x.b<t1.b)
   AND (e>a AND e<b)
 ORDER BY 1,2
----
444
192
444
222
444
247

query II rowsort x400
SELECT CASE a+1 WHEN b THEN 111 WHEN c THEN 222
        WHEN d THEN 333  WHEN e THEN 444 ELSE 555 END,
       (a+b+c+d+e)/5
  FROM t1
 WHERE (e>a AND e<b)
   AND EXISTS(SELECT 1 FROM t1 AS x WHERE x.b<t1.b)
----
444
192
444
222
444
247

query II rowsort x400
SELECT CASE a+1 WHEN b THEN 111 WHEN c THEN 222
        WHEN d THEN 333  WHEN e THEN 444 ELSE 555 END,
       (a+b+c+d+e)/5
  FROM t1
 WHERE (e>a AND e<b)
   AND EXISTS(SELECT 1 FROM t1 AS x WHERE x.b<t1.b)
 ORDER BY 2,1
----
444
192
444
222
444
247

query I rowsort x402
SELECT c
  FROM t1
 WHERE (a>b-2 AND a<b+2)
   AND e+d BETWEEN a+b-10 AND c+130
----

query I rowsort x402
SELECT c
  FROM t1
 WHERE (a>b-2 AND a<b+2)
   AND e+d BETWEEN a+b-10 AND c+130
 ORDER BY 1
----

query I rowsort x402
SELECT c
  FROM t1
 WHERE e+d BETWEEN a+b-10 AND c+130
   AND (a>b-2 AND a<b+2)
----

query I rowsort x402
SELECT c
  FROM t1
 WHERE e+d BETWEEN a+b-10 AND c+130
   AND (a>b-2 AND a<b+2)
 ORDER BY 1
----

query IIIIII rowsort x404
SELECT a+b*2+c*3+d*4+e*5,
       c-d,
       CASE WHEN a<b-3 THEN 111 WHEN a<=b THEN 222
        WHEN a<b+3 THEN 333 ELSE 444 END,
       d-e,
       a+b*2,
       a
  FROM t1
 WHERE a>b
   AND (e>a AND e<b)
----

query IIIIII rowsort x404
SELECT a+b*2+c*3+d*4+e*5,
       c-d,
       CASE WHEN a<b-3 THEN 111 WHEN a<=b THEN 222
        WHEN a<b+3 THEN 333 ELSE 444 END,
       d-e,
       a+b*2,
       a
  FROM t1
 WHERE a>b
   AND (e>a AND e<b)
 ORDER BY 3,4,6,5
----

query IIII rowsort x408
SELECT CASE WHEN c>(SELECT avg(c) FROM t1) THEN a*2 ELSE b*10 END,
       b,
       a-b,
       CASE WHEN a<b-3 THEN 111 WHEN a<=b THEN 222
        WHEN a<b+3 THEN 333 ELSE 444 END
  FROM t1
 WHERE e+d BETWEEN a+b-10 AND c+130
----
1050
105
2
333
1290
129
-2
222

query IIII rowsort x408
SELECT CASE WHEN c>(SELECT avg(c) FROM t1) THEN a*2 ELSE b*10 END,
       b,
       a-b,
       CASE WHEN a<b-3 THEN 111 WHEN a<=b THEN 222
        WHEN a<b+3 THEN 333 ELSE 444 END
  FROM t1
 WHERE e+d BETWEEN a+b-10 AND c+130
 ORDER BY 2,4,3,1
----
1050
105
2
333
1290
129
-2
222

query IIIIIII rowsort x410
SELECT c,
       d-e,
       a+b*2+c*3+d*4+e*5,
       abs(a),
       a,
       a-b,
       CASE WHEN a<b-3 THEN 111 WHEN a<=b THEN 222
        WHEN a<b+3 THEN 333 ELSE 444 END
  FROM t1
 WHERE (e>a AND e<b)
   AND e+d BETWEEN a+b-10 AND c+130
----

query IIIIIII rowsort x410
SELECT c,
       d-e,
       a+b*2+c*3+d*4+e*5,
       abs(a),
       a,
       a-b,
       CASE WHEN a<b-3 THEN 111 WHEN a<=b THEN 222
        WHEN a<b+3 THEN 333 ELSE 444 END
  FROM t1
 WHERE (e>a AND e<b)
   AND e+d BETWEEN a+b-10 AND c+130
 ORDER BY 1,6,7,3
----

query II rowsort x436
SELECT b-c,
       a+b*2+c*3+d*4
  FROM t1
 WHERE d NOT BETWEEN 110 AND 150
   AND e+d BETWEEN a+b-10 AND c+130
----
-1
1067

query II rowsort x436
SELECT b-c,
       a+b*2+c*3+d*4
  FROM t1
 WHERE d NOT BETWEEN 110 AND 150
   AND e+d BETWEEN a+b-10 AND c+130
 ORDER BY 2,1
----
-1
1067

query IIIII rowsort x440
SELECT d,
       c-d,
       c,
       abs(a),
       a-b
  FROM t1
 WHERE b>c
   AND a>b
   AND c>d
----

query IIIII rowsort x440
SELECT d,
       c-d,
       c,
       abs(a),
       a-b
  FROM t1
 WHERE b>c
   AND a>b
   AND c>d
 ORDER BY 1,4,2
----

query IIIII rowsort x440
SELECT d,
       c-d,
       c,
       abs(a),
       a-b
  FROM t1
 WHERE b>c
   AND c>d
   AND a>b
----

query IIIII rowsort x440
SELECT d,
       c-d,
       c,
       abs(a),
       a-b
  FROM t1
 WHERE b>c
   AND c>d
   AND a>b
 ORDER BY 2,1,5
----

query IIIII rowsort x440
SELECT d,
       c-d,
       c,
       abs(a),
       a-b
  FROM t1
 WHERE c>d
   AND a>b
   AND b>c
----

query IIIII rowsort x440
SELECT d,
       c-d,
       c,
       abs(a),
       a-b
  FROM t1
 WHERE c>d
   AND a>b
   AND b>c
 ORDER BY 4,5,1,2,3
----

query I rowsort x442
SELECT e
  FROM t1
 WHERE b>c
   AND d NOT BETWEEN 110 AND 150
   AND a>b
----
197
227
230

query I rowsort x442
SELECT e
  FROM t1
 WHERE b>c
   AND d NOT BETWEEN 110 AND 150
   AND a>b
 ORDER BY 1
----
197
227
230

query I rowsort x442
SELECT e
  FROM t1
 WHERE b>c
   AND a>b
   AND d NOT BETWEEN 110 AND 150
----
197
227
230

query I rowsort x442
SELECT e
  FROM t1
 WHERE b>c
   AND a>b
   AND d NOT BETWEEN 110 AND 150
 ORDER BY 1
----
197
227
230

query I rowsort x449
SELECT d-e
  FROM t1
 WHERE (a>b-2 AND a<b+2)
   AND EXISTS(SELECT 1 FROM t1 AS x WHERE x.b<t1.b)
----
-1
-1
-4
1
1
3
NULL
NULL

query I rowsort x449
SELECT d-e
  FROM t1
 WHERE (a>b-2 AND a<b+2)
   AND EXISTS(SELECT 1 FROM t1 AS x WHERE x.b<t1.b)
 ORDER BY 1
----
-1
-1
-4
1
1
3
NULL
NULL

query I rowsort x449
SELECT d-e
  FROM t1
 WHERE EXISTS(SELECT 1 FROM t1 AS x WHERE x.b<t1.b)
   AND (a>b-2 AND a<b+2)
----
-1
-1
-4
1
1
3
NULL
NULL

query I rowsort x449
SELECT d-e
  FROM t1
 WHERE EXISTS(SELECT 1 FROM t1 AS x WHERE x.b<t1.b)
   AND (a>b-2 AND a<b+2)
 ORDER BY 1
----
-1
-1
-4
1
1
3
NULL
NULL

query IIIIIII rowsort x456
SELECT a,
       d-e,
       c-d,
       (SELECT count(*) FROM t1 AS x WHERE x.b<t1.b),
       b,
       c,
       abs(b-c)
  FROM t1
 WHERE (e>a AND e<b)
   AND d NOT BETWEEN 110 AND 150
   AND a>b
----

query IIIIIII rowsort x456
SELECT a,
       d-e,
       c-d,
       (SELECT count(*) FROM t1 AS x WHERE x.b<t1.b),
       b,
       c,
       abs(b-c)
  FROM t1
 WHERE (e>a AND e<b)
   AND d NOT BETWEEN 110 AND 150
   AND a>b
 ORDER BY 3,5,4,7,6
----

query IIIIIII rowsort x456
SELECT a,
       d-e,
       c-d,
       (SELECT count(*) FROM t1 AS x WHERE x.b<t1.b),
       b,
       c,
       abs(b-c)
  FROM t1
 WHERE (e>a AND e<b)
   AND a>b
   AND d NOT BETWEEN 110 AND 150
----

query IIIIIII rowsort x456
SELECT a,
       d-e,
       c-d,
       (SELECT count(*) FROM t1 AS x WHERE x.b<t1.b),
       b,
       c,
       abs(b-c)
  FROM t1
 WHERE (e>a AND e<b)
   AND a>b
   AND d NOT BETWEEN 110 AND 150
 ORDER BY 5,6,3,1,4,7,2
----

query IIIIIII rowsort x456
SELECT a,
       d-e,
       c-d,
       (SELECT count(*) FROM t1 AS x WHERE x.b<t1.b),
       b,
       c,
       abs(b-c)
  FROM t1
 WHERE a>b
   AND d NOT BETWEEN 110 AND 150
   AND (e>a AND e<b)
----

query IIIIIII rowsort x456
SELECT a,
       d-e,
       c-d,
       (SELECT count(*) FROM t1 AS x WHERE x.b<t1.b),
       b,
       c,
       abs(b-c)
  FROM t1
 WHERE a>b
   AND d NOT BETWEEN 110 AND 150
   AND (e>a AND e<b)
 ORDER BY 6,4
----

query IIIIIII rowsort x456
SELECT a,
       d-e,
       c-d,
       (SELECT count(*) FROM t1 AS x WHERE x.b<t1.b),
       b,
       c,
       abs(b-c)
  FROM t1
 WHERE a>b
   AND (e>a AND e<b)
   AND d NOT BETWEEN 110 AND 150
----

query IIIIIII rowsort x456
SELECT a,
       d-e,
       c-d,
       (SELECT count(*) FROM t1 AS x WHERE x.b<t1.b),
       b,
       c,
       abs(b-c)
  FROM t1
 WHERE a>b
   AND (e>a AND e<b)
   AND d NOT BETWEEN 110 AND 150
 ORDER BY 1,4,3,7,5
----

query IIIII rowsort x459
SELECT d-e,
       a+b*2,
       CASE WHEN a<b-3 THEN 111 WHEN a<=b THEN 222
        WHEN a<b+3 THEN 333 ELSE 444 END,
       e,
       (SELECT count(*) FROM t1 AS x WHERE x.b<t1.b)
  FROM t1
 WHERE b>c
   AND c BETWEEN b-2 AND d+2
   AND (e>a AND e<b)
----
2
743
111
246
26

query IIIII rowsort x459
SELECT d-e,
       a+b*2,
       CASE WHEN a<b-3 THEN 111 WHEN a<=b THEN 222
        WHEN a<b+3 THEN 333 ELSE 444 END,
       e,
       (SELECT count(*) FROM t1 AS x WHERE x.b<t1.b)
  FROM t1
 WHERE b>c
   AND c BETWEEN b-2 AND d+2
   AND (e>a AND e<b)
 ORDER BY 5,4,3
----
2
743
111
246
26

query IIIII rowsort x459
SELECT d-e,
       a+b*2,
       CASE WHEN a<b-3 THEN 111 WHEN a<=b THEN 222
        WHEN a<b+3 THEN 333 ELSE 444 END,
       e,
       (SELECT count(*) FROM t1 AS x WHERE x.b<t1.b)
  FROM t1
 WHERE c BETWEEN b-2 AND d+2
   AND (e>a AND e<b)
   AND b>c
----
2
743
111
246
26

query IIIII rowsort x459
SELECT d-e,
       a+b*2,
       CASE WHEN a<b-3 THEN 111 WHEN a<=b THEN 222
        WHEN a<b+3 THEN 333 ELSE 444 END,
       e,
       (SELECT count(*) FROM t1 AS x WHERE x.b<t1.b)
  FROM t1
 WHERE c BETWEEN b-2 AND d+2
   AND (e>a AND e<b)
   AND b>c
 ORDER BY 1,2
----
2
743
111
246
26

query IIIII rowsort x459
SELECT d-e,
       a+b*2,
       CASE WHEN a<b-3 THEN 111 WHEN a<=b THEN 222
        WHEN a<b+3 THEN 333 ELSE 444 END,
       e,
       (SELECT count(*) FROM t1 AS x WHERE x.b<t1.b)
  FROM t1
 WHERE (e>a AND e<b)
   AND b>c
   AND c BETWEEN b-2 AND d+2
----
2
743
111
246
26

query IIIII rowsort x459
SELECT d-e,
       a+b*2,
       CASE WHEN a<b-3 THEN 111 WHEN a<=b THEN 222
        WHEN a<b+3 THEN 333 ELSE 444 END,
       e,
       (SELECT count(*) FROM t1 AS x WHERE x.b<t1.b)
  FROM t1
 WHERE (e>a AND e<b)
   AND b>c
   AND c BETWEEN b-2 AND d+2
 ORDER BY 1,2,5
----
2
743
111
246
26

query IIIII rowsort x459
SELECT d-e,
       a+b*2,
       CASE WHEN a<b-3 THEN 111 WHEN a<=b THEN 222
        WHEN a<b+3 THEN 333 ELSE 444 END,
       e,
       (SELECT count(*) FROM t1 AS x WHERE x.b<t1.b)
  FROM t1
 WHERE b>c
   AND (e>a AND e<b)
   AND c BETWEEN b-2 AND d+2
----
2
743
111
246
26

query IIIII rowsort x459
SELECT d-e,
       a+b*2,
       CASE WHEN a<b-3 THEN 111 WHEN a<=b THEN 222
        WHEN a<b+3 THEN 333 ELSE 444 END,
       e,
       (SELECT count(*) FROM t1 AS x WHERE x.b<t1.b)
  FROM t1
 WHERE b>c
   AND (e>a AND e<b)
   AND c BETWEEN b-2 AND d+2
 ORDER BY 2,3,1
----
2
743
111
246
26

query IIIIIII rowsort x461
SELECT e,
       CASE WHEN a<b-3 THEN 111 WHEN a<=b THEN 222
        WHEN a<b+3 THEN 333 ELSE 444 END,
       (SELECT count(*) FROM t1 AS x WHERE x.b<t1.b),
       a-b,
       d-e,
       b-c,
       (a+b+c+d+e)/5
  FROM t1
 WHERE (a>b-2 AND a<b+2)
   AND e+d BETWEEN a+b-10 AND c+130
   AND (e>c OR e<d)
----

query IIIIIII rowsort x461
SELECT e,
       CASE WHEN a<b-3 THEN 111 WHEN a<=b THEN 222
        WHEN a<b+3 THEN 333 ELSE 444 END,
       (SELECT count(*) FROM t1 AS x WHERE x.b<t1.b),
       a-b,
       d-e,
       b-c,
       (a+b+c+d+e)/5
  FROM t1
 WHERE (a>b-2 AND a<b+2)
   AND e+d BETWEEN a+b-10 AND c+130
   AND (e>c OR e<d)
 ORDER BY 1,6,5
----

query IIIIIII rowsort x461
SELECT e,
       CASE WHEN a<b-3 THEN 111 WHEN a<=b THEN 222
        WHEN a<b+3 THEN 333 ELSE 444 END,
       (SELECT count(*) FROM t1 AS x WHERE x.b<t1.b),
       a-b,
       d-e,
       b-c,
       (a+b+c+d+e)/5
  FROM t1
 WHERE (a>b-2 AND a<b+2)
   AND (e>c OR e<d)
   AND e+d BETWEEN a+b-10 AND c+130
----

query IIIIIII rowsort x461
SELECT e,
       CASE WHEN a<b-3 THEN 111 WHEN a<=b THEN 222
        WHEN a<b+3 THEN 333 ELSE 444 END,
       (SELECT count(*) FROM t1 AS x WHERE x.b<t1.b),
       a-b,
       d-e,
       b-c,
       (a+b+c+d+e)/5
  FROM t1
 WHERE (a>b-2 AND a<b+2)
   AND (e>c OR e<d)
   AND e+d BETWEEN a+b-10 AND c+130
 ORDER BY 4,6
----

query IIIIIII rowsort x461
SELECT e,
       CASE WHEN a<b-3 THEN 111 WHEN a<=b THEN 222
        WHEN a<b+3 THEN 333 ELSE 444 END,
       (SELECT count(*) FROM t1 AS x WHERE x.b<t1.b),
       a-b,
       d-e,
       b-c,
       (a+b+c+d+e)/5
  FROM t1
 WHERE (e>c OR e<d)
   AND (a>b-2 AND a<b+2)
   AND e+d BETWEEN a+b-10 AND c+130
----

query IIIIIII rowsort x461
SELECT e,
       CASE WHEN a<b-3 THEN 111 WHEN a<=b THEN 222
        WHEN a<b+3 THEN 333 ELSE 444 END,
       (SELECT count(*) FROM t1 AS x WHERE x.b<t1.b),
       a-b,
       d-e,
       b-c,
       (a+b+c+d+e)/5
  FROM t1
 WHERE (e>c OR e<d)
   AND (a>b-2 AND a<b+2)
   AND e+d BETWEEN a+b-10 AND c+130
 ORDER BY 4,1,7,2,5
----

query III rowsort x465
SELECT b,
       b-c,
       a+b*2+c*3+d*4+e*5
  FROM t1
 WHERE (c<=d-2 OR c>=d+2)
   AND d>e
   AND (a>b-2 AND a<b+2)
----

query III rowsort x465
SELECT b,
       b-c,
       a+b*2+c*3+d*4+e*5
  FROM t1
 WHERE (c<=d-2 OR c>=d+2)
   AND d>e
   AND (a>b-2 AND a<b+2)
 ORDER BY 2,1
----

query III rowsort x465
SELECT b,
       b-c,
       a+b*2+c*3+d*4+e*5
  FROM t1
 WHERE (a>b-2 AND a<b+2)
   AND d>e
   AND (c<=d-2 OR c>=d+2)
----

query III rowsort x465
SELECT b,
       b-c,
       a+b*2+c*3+d*4+e*5
  FROM t1
 WHERE (a>b-2 AND a<b+2)
   AND d>e
   AND (c<=d-2 OR c>=d+2)
 ORDER BY 2,1
----

query III rowsort x465
SELECT b,
       b-c,
       a+b*2+c*3+d*4+e*5
  FROM t1
 WHERE d>e
   AND (a>b-2 AND a<b+2)
   AND (c<=d-2 OR c>=d+2)
----

query III rowsort x465
SELECT b,
       b-c,
       a+b*2+c*3+d*4+e*5
  FROM t1
 WHERE d>e
   AND (a>b-2 AND a<b+2)
   AND (c<=d-2 OR c>=d+2)
 ORDER BY 3,1,2
----

query I rowsort x472
SELECT b-c
  FROM t1
 WHERE e+d BETWEEN a+b-10 AND c+130
----
-1
4

query I rowsort x472
SELECT b-c
  FROM t1
 WHERE e+d BETWEEN a+b-10 AND c+130
 ORDER BY 1
----
-1
4

query IIIIII rowsort x476
SELECT a+b*2,
       a+b*2+c*3+d*4,
       d,
       CASE WHEN c>(SELECT avg(c) FROM t1) THEN a*2 ELSE b*10 END,
       c-d,
       a
  FROM t1
 WHERE a>b
   AND EXISTS(SELECT 1 FROM t1 AS x WHERE x.b<t1.b)
   AND e+d BETWEEN a+b-10 AND c+130
----

query IIIIII rowsort x476
SELECT a+b*2,
       a+b*2+c*3+d*4,
       d,
       CASE WHEN c>(SELECT avg(c) FROM t1) THEN a*2 ELSE b*10 END,
       c-d,
       a
  FROM t1
 WHERE a>b
   AND EXISTS(SELECT 1 FROM t1 AS x WHERE x.b<t1.b)
   AND e+d BETWEEN a+b-10 AND c+130
 ORDER BY 2,6,4,1,5,3
----

query IIIIII rowsort x476
SELECT a+b*2,
       a+b*2+c*3+d*4,
       d,
       CASE WHEN c>(SELECT avg(c) FROM t1) THEN a*2 ELSE b*10 END,
       c-d,
       a
  FROM t1
 WHERE EXISTS(SELECT 1 FROM t1 AS x WHERE x.b<t1.b)
   AND e+d BETWEEN a+b-10 AND c+130
   AND a>b
----

query IIIIII rowsort x476
SELECT a+b*2,
       a+b*2+c*3+d*4,
       d,
       CASE WHEN c>(SELECT avg(c) FROM t1) THEN a*2 ELSE b*10 END,
       c-d,
       a
  FROM t1
 WHERE EXISTS(SELECT 1 FROM t1 AS x WHERE x.b<t1.b)
   AND e+d BETWEEN a+b-10 AND c+130
   AND a>b
 ORDER BY 1,2,5,3,6
----

query IIIIII rowsort x476
SELECT a+b*2,
       a+b*2+c*3+d*4,
       d,
       CASE WHEN c>(SELECT avg(c) FROM t1) THEN a*2 ELSE b*10 END,
       c-d,
       a
  FROM t1
 WHERE EXISTS(SELECT 1 FROM t1 AS x WHERE x.b<t1.b)
   AND a>b
   AND e+d BETWEEN a+b-10 AND c+130
----

query IIIIII rowsort x476
SELECT a+b*2,
       a+b*2+c*3+d*4,
       d,
       CASE WHEN c>(SELECT avg(c) FROM t1) THEN a*2 ELSE b*10 END,
       c-d,
       a
  FROM t1
 WHERE EXISTS(SELECT 1 FROM t1 AS x WHERE x.b<t1.b)
   AND a>b
   AND e+d BETWEEN a+b-10 AND c+130
 ORDER BY 2,1
----

query IIIIII rowsort x476
SELECT a+b*2,
       a+b*2+c*3+d*4,
       d,
       CASE WHEN c>(SELECT avg(c) FROM t1) THEN a*2 ELSE b*10 END,
       c-d,
       a
  FROM t1
 WHERE a>b
   AND e+d BETWEEN a+b-10 AND c+130
   AND EXISTS(SELECT 1 FROM t1 AS x WHERE x.b<t1.b)
----

query IIIIII rowsort x476
SELECT a+b*2,
       a+b*2+c*3+d*4,
       d,
       CASE WHEN c>(SELECT avg(c) FROM t1) THEN a*2 ELSE b*10 END,
       c-d,
       a
  FROM t1
 WHERE a>b
   AND e+d BETWEEN a+b-10 AND c+130
   AND EXISTS(SELECT 1 FROM t1 AS x WHERE x.b<t1.b)
 ORDER BY 3,4
----

query I rowsort x491
SELECT abs(a)
  FROM t1
 WHERE d NOT BETWEEN 110 AND 150
   AND (c<=d-2 OR c>=d+2)
----
107
163
188
191
213
216
220
234

query I rowsort x491
SELECT abs(a)
  FROM t1
 WHERE d NOT BETWEEN 110 AND 150
   AND (c<=d-2 OR c>=d+2)
 ORDER BY 1
----
107
163
188
191
213
216
220
234

query I rowsort x491
SELECT abs(a)
  FROM t1
 WHERE (c<=d-2 OR c>=d+2)
   AND d NOT BETWEEN 110 AND 150
----
107
163
188
191
213
216
220
234

query I rowsort x491
SELECT abs(a)
  FROM t1
 WHERE (c<=d-2 OR c>=d+2)
   AND d NOT BETWEEN 110 AND 150
 ORDER BY 1
----
107
163
188
191
213
216
220
234

query IIIIII rowsort x505
SELECT a+b*2+c*3,
       b,
       (SELECT count(*) FROM t1 AS x WHERE x.b<t1.b),
       abs(a),
       e,
       CASE WHEN c>(SELECT avg(c) FROM t1) THEN a*2 ELSE b*10 END
  FROM t1
 WHERE (e>a AND e<b)
   AND (a>b-2 AND a<b+2)
----

query IIIIII rowsort x505
SELECT a+b*2+c*3,
       b,
       (SELECT count(*) FROM t1 AS x WHERE x.b<t1.b),
       abs(a),
       e,
       CASE WHEN c>(SELECT avg(c) FROM t1) THEN a*2 ELSE b*10 END
  FROM t1
 WHERE (e>a AND e<b)
   AND (a>b-2 AND a<b+2)
 ORDER BY 4,1,6,3,5,2
----

query IIIIII rowsort x505
SELECT a+b*2+c*3,
       b,
       (SELECT count(*) FROM t1 AS x WHERE x.b<t1.b),
       abs(a),
       e,
       CASE WHEN c>(SELECT avg(c) FROM t1) THEN a*2 ELSE b*10 END
  FROM t1
 WHERE (a>b-2 AND a<b+2)
   AND (e>a AND e<b)
----

query IIIIII rowsort x505
SELECT a+b*2+c*3,
       b,
       (SELECT count(*) FROM t1 AS x WHERE x.b<t1.b),
       abs(a),
       e,
       CASE WHEN c>(SELECT avg(c) FROM t1) THEN a*2 ELSE b*10 END
  FROM t1
 WHERE (a>b-2 AND a<b+2)
   AND (e>a AND e<b)
 ORDER BY 4,3,1,2
----

query III rowsort x527
SELECT a+b*2,
       CASE WHEN a<b-3 THEN 111 WHEN a<=b THEN 222
        WHEN a<b+3 THEN 333 ELSE 444 END,
       e
  FROM t1
 WHERE (a>b-2 AND a<b+2)
   AND e+d BETWEEN a+b-10 AND c+130
----

query III rowsort x527
SELECT a+b*2,
       CASE WHEN a<b-3 THEN 111 WHEN a<=b THEN 222
        WHEN a<b+3 THEN 333 ELSE 444 END,
       e
  FROM t1
 WHERE (a>b-2 AND a<b+2)
   AND e+d BETWEEN a+b-10 AND c+130
 ORDER BY 1,3,2
----

query IIIIII rowsort x528
SELECT c,
       CASE WHEN a<b-3 THEN 111 WHEN a<=b THEN 222
        WHEN a<b+3 THEN 333 ELSE 444 END,
       e,
       c-d,
       d,
       abs(b-c)
  FROM t1
 WHERE (c<=d-2 OR c>=d+2)
   AND (a>b-2 AND a<b+2)
----

query IIIIII rowsort x528
SELECT c,
       CASE WHEN a<b-3 THEN 111 WHEN a<=b THEN 222
        WHEN a<b+3 THEN 333 ELSE 444 END,
       e,
       c-d,
       d,
       abs(b-c)
  FROM t1
 WHERE (c<=d-2 OR c>=d+2)
   AND (a>b-2 AND a<b+2)
 ORDER BY 1,3
----

query IIIIII rowsort x528
SELECT c,
       CASE WHEN a<b-3 THEN 111 WHEN a<=b THEN 222
        WHEN a<b+3 THEN 333 ELSE 444 END,
       e,
       c-d,
       d,
       abs(b-c)
  FROM t1
 WHERE (a>b-2 AND a<b+2)
   AND (c<=d-2 OR c>=d+2)
----

query IIIIII rowsort x528
SELECT c,
       CASE WHEN a<b-3 THEN 111 WHEN a<=b THEN 222
        WHEN a<b+3 THEN 333 ELSE 444 END,
       e,
       c-d,
       d,
       abs(b-c)
  FROM t1
 WHERE (a>b-2 AND a<b+2)
   AND (c<=d-2 OR c>=d+2)
 ORDER BY 2,6,1
----

query IIIIIII rowsort x539
SELECT e,
       a,
       (SELECT count(*) FROM t1 AS x WHERE x.b<t1.b),
       c-d,
       abs(a),
       d,
       b-c
  FROM t1
 WHERE (c<=d-2 OR c>=d+2)
   AND (a>b-2 AND a<b+2)
----

query IIIIIII rowsort x539
SELECT e,
       a,
       (SELECT count(*) FROM t1 AS x WHERE x.b<t1.b),
       c-d,
       abs(a),
       d,
       b-c
  FROM t1
 WHERE (c<=d-2 OR c>=d+2)
   AND (a>b-2 AND a<b+2)
 ORDER BY 5,1,7,6,4,3,2
----

query IIIIIII rowsort x539
SELECT e,
       a,
       (SELECT count(*) FROM t1 AS x WHERE x.b<t1.b),
       c-d,
       abs(a),
       d,
       b-c
  FROM t1
 WHERE (a>b-2 AND a<b+2)
   AND (c<=d-2 OR c>=d+2)
----

query IIIIIII rowsort x539
SELECT e,
       a,
       (SELECT count(*) FROM t1 AS x WHERE x.b<t1.b),
       c-d,
       abs(a),
       d,
       b-c
  FROM t1
 WHERE (a>b-2 AND a<b+2)
   AND (c<=d-2 OR c>=d+2)
 ORDER BY 2,3,1,5,4,6,7
----

query III rowsort x554
SELECT CASE WHEN c>(SELECT avg(c) FROM t1) THEN a*2 ELSE b*10 END,
       CASE WHEN a<b-3 THEN 111 WHEN a<=b THEN 222
        WHEN a<b+3 THEN 333 ELSE 444 END,
       c
  FROM t1
 WHERE e+d BETWEEN a+b-10 AND c+130
----
1050
333
106
1290
222
125

query III rowsort x554
SELECT CASE WHEN c>(SELECT avg(c) FROM t1) THEN a*2 ELSE b*10 END,
       CASE WHEN a<b-3 THEN 111 WHEN a<=b THEN 222
        WHEN a<b+3 THEN 333 ELSE 444 END,
       c
  FROM t1
 WHERE e+d BETWEEN a+b-10 AND c+130
 ORDER BY 3,2
----
1050
333
106
1290
222
125

query IIII rowsort x564
SELECT d,
       (a+b+c+d+e)/5,
       e,
       a+b*2+c*3
  FROM t1
 WHERE c>d
   AND (e>a AND e<b)
----
190
192
192
1158
222
222
221
1338

query IIII rowsort x564
SELECT d,
       (a+b+c+d+e)/5,
       e,
       a+b*2+c*3
  FROM t1
 WHERE c>d
   AND (e>a AND e<b)
 ORDER BY 3,1,4
----
190
192
192
1158
222
222
221
1338

query I rowsort x572
SELECT c
  FROM t1
 WHERE (a>b-2 AND a<b+2)
   AND d NOT BETWEEN 110 AND 150
----
184
195
225

query I rowsort x572
SELECT c
  FROM t1
 WHERE (a>b-2 AND a<b+2)
   AND d NOT BETWEEN 110 AND 150
 ORDER BY 1
----
184
195
225

query I rowsort x572
SELECT c
  FROM t1
 WHERE d NOT BETWEEN 110 AND 150
   AND (a>b-2 AND a<b+2)
----
184
195
225

query I rowsort x572
SELECT c
  FROM t1
 WHERE d NOT BETWEEN 110 AND 150
   AND (a>b-2 AND a<b+2)
 ORDER BY 1
----
184
195
225

query II rowsort x581
SELECT (a+b+c+d+e)/5,
       abs(b-c)
  FROM t1
 WHERE d>e
   AND b>c
   AND (a>b-2 AND a<b+2)
----
137
2

query II rowsort x581
SELECT (a+b+c+d+e)/5,
       abs(b-c)
  FROM t1
 WHERE d>e
   AND b>c
   AND (a>b-2 AND a<b+2)
 ORDER BY 2,1
----
137
2

query II rowsort x581
SELECT (a+b+c+d+e)/5,
       abs(b-c)
  FROM t1
 WHERE (a>b-2 AND a<b+2)
   AND b>c
   AND d>e
----
137
2

query II rowsort x581
SELECT (a+b+c+d+e)/5,
       abs(b-c)
  FROM t1
 WHERE (a>b-2 AND a<b+2)
   AND b>c
   AND d>e
 ORDER BY 1,2
----
137
2

query II rowsort x581
SELECT (a+b+c+d+e)/5,
       abs(b-c)
  FROM t1
 WHERE d>e
   AND (a>b-2 AND a<b+2)
   AND b>c
----
137
2

query II rowsort x581
SELECT (a+b+c+d+e)/5,
       abs(b-c)
  FROM t1
 WHERE d>e
   AND (a>b-2 AND a<b+2)
   AND b>c
 ORDER BY 1,2
----
137
2

query IIII rowsort x582
SELECT abs(a),
       a+b*2+c*3+d*4+e*5,
       (a+b+c+d+e)/5,
       a-b
  FROM t1
 WHERE e+d BETWEEN a+b-10 AND c+130
----
107
1612
107
2
127
1902
127
-2

query IIII rowsort x582
SELECT abs(a),
       a+b*2+c*3+d*4+e*5,
       (a+b+c+d+e)/5,
       a-b
  FROM t1
 WHERE e+d BETWEEN a+b-10 AND c+130
 ORDER BY 2,4,3
----
107
1612
107
2
127
1902
127
-2

query I rowsort x589
SELECT CASE a+1 WHEN b THEN 111 WHEN c THEN 222
        WHEN d THEN 333  WHEN e THEN 444 ELSE 555 END
  FROM t1
 WHERE d NOT BETWEEN 110 AND 150
   AND a>b
   AND c>d
----
222
333
444
555

query I rowsort x589
SELECT CASE a+1 WHEN b THEN 111 WHEN c THEN 222
        WHEN d THEN 333  WHEN e THEN 444 ELSE 555 END
  FROM t1
 WHERE d NOT BETWEEN 110 AND 150
   AND a>b
   AND c>d
 ORDER BY 1
----
222
333
444
555

query I rowsort x589
SELECT CASE a+1 WHEN b THEN 111 WHEN c THEN 222
        WHEN d THEN 333  WHEN e THEN 444 ELSE 555 END
  FROM t1
 WHERE a>b
   AND d NOT BETWEEN 110 AND 150
   AND c>d
----
222
333
444
555

query I rowsort x589
SELECT CASE a+1 WHEN b THEN 111 WHEN c THEN 222
        WHEN d THEN 333  WHEN e THEN 444 ELSE 555 END
  FROM t1
 WHERE a>b
   AND d NOT BETWEEN 110 AND 150
   AND c>d
 ORDER BY 1
----
222
333
444
555

query I rowsort x589
SELECT CASE a+1 WHEN b THEN 111 WHEN c THEN 222
        WHEN d THEN 333  WHEN e THEN 444 ELSE 555 END
  FROM t1
 WHERE c>d
   AND d NOT BETWEEN 110 AND 150
   AND a>b
----
222
333
444
555

query I rowsort x589
SELECT CASE a+1 WHEN b THEN 111 WHEN c THEN 222
        WHEN d THEN 333  WHEN e THEN 444 ELSE 555 END
  FROM t1
 WHERE c>d
   AND d NOT BETWEEN 110 AND 150
   AND a>b
 ORDER BY 1
----
222
333
444
555

query III rowsort x594
SELECT a,
       a+b*2+c*3,
       abs(a)
  FROM t1
 WHERE e+d BETWEEN a+b-10 AND c+130
----
107
635
107
127
760
127

query III rowsort x594
SELECT a,
       a+b*2+c*3,
       abs(a)
  FROM t1
 WHERE e+d BETWEEN a+b-10 AND c+130
 ORDER BY 3,1,2
----
107
635
107
127
760
127

query IIIIII rowsort x609
SELECT c,
       a+b*2+c*3+d*4,
       (a+b+c+d+e)/5,
       a+b*2+c*3+d*4+e*5,
       a+b*2,
       d-e
  FROM t1
 WHERE c>d
   AND e+d BETWEEN a+b-10 AND c+130
   AND (e>a AND e<b)
----

query IIIIII rowsort x609
SELECT c,
       a+b*2+c*3+d*4,
       (a+b+c+d+e)/5,
       a+b*2+c*3+d*4+e*5,
       a+b*2,
       d-e
  FROM t1
 WHERE c>d
   AND e+d BETWEEN a+b-10 AND c+130
   AND (e>a AND e<b)
 ORDER BY 4,5,6
----

query IIIIII rowsort x609
SELECT c,
       a+b*2+c*3+d*4,
       (a+b+c+d+e)/5,
       a+b*2+c*3+d*4+e*5,
       a+b*2,
       d-e
  FROM t1
 WHERE (e>a AND e<b)
   AND c>d
   AND e+d BETWEEN a+b-10 AND c+130
----

query IIIIII rowsort x609
SELECT c,
       a+b*2+c*3+d*4,
       (a+b+c+d+e)/5,
       a+b*2+c*3+d*4+e*5,
       a+b*2,
       d-e
  FROM t1
 WHERE (e>a AND e<b)
   AND c>d
   AND e+d BETWEEN a+b-10 AND c+130
 ORDER BY 4,6,2,1,5,3
----

query II rowsort x612
SELECT d,
       a+b*2
  FROM t1
 WHERE e+d BETWEEN a+b-10 AND c+130
   AND d>e
   AND c BETWEEN b-2 AND d+2
----

query II rowsort x612
SELECT d,
       a+b*2
  FROM t1
 WHERE e+d BETWEEN a+b-10 AND c+130
   AND d>e
   AND c BETWEEN b-2 AND d+2
 ORDER BY 1,2
----

query II rowsort x612
SELECT d,
       a+b*2
  FROM t1
 WHERE e+d BETWEEN a+b-10 AND c+130
   AND c BETWEEN b-2 AND d+2
   AND d>e
----

query II rowsort x612
SELECT d,
       a+b*2
  FROM t1
 WHERE e+d BETWEEN a+b-10 AND c+130
   AND c BETWEEN b-2 AND d+2
   AND d>e
 ORDER BY 2,1
----

query II rowsort x612
SELECT d,
       a+b*2
  FROM t1
 WHERE c BETWEEN b-2 AND d+2
   AND e+d BETWEEN a+b-10 AND c+130
   AND d>e
----

query II rowsort x612
SELECT d,
       a+b*2
  FROM t1
 WHERE c BETWEEN b-2 AND d+2
   AND e+d BETWEEN a+b-10 AND c+130
   AND d>e
 ORDER BY 2,1
----

query I rowsort x623
SELECT a+b*2+c*3
  FROM t1
 WHERE (a>b-2 AND a<b+2)
----
1000
1096
1180
1360
793
827
851
940

query I rowsort x623
SELECT a+b*2+c*3
  FROM t1
 WHERE (a>b-2 AND a<b+2)
 ORDER BY 1
----
1000
1096
1180
1360
793
827
851
940

query III rowsort x649
SELECT (SELECT count(*) FROM t1 AS x WHERE x.b<t1.b),
       a,
       a+b*2+c*3
  FROM t1
 WHERE c BETWEEN b-2 AND d+2
   AND (e>a AND e<b)
----
21
220
1338
26
245
1484

query III rowsort x649
SELECT (SELECT count(*) FROM t1 AS x WHERE x.b<t1.b),
       a,
       a+b*2+c*3
  FROM t1
 WHERE c BETWEEN b-2 AND d+2
   AND (e>a AND e<b)
 ORDER BY 2,3
----
21
220
1338
26
245
1484

query III rowsort x649
SELECT (SELECT count(*) FROM t1 AS x WHERE x.b<t1.b),
       a,
       a+b*2+c*3
  FROM t1
 WHERE (e>a AND e<b)
   AND c BETWEEN b-2 AND d+2
----
21
220
1338
26
245
1484

query III rowsort x649
SELECT (SELECT count(*) FROM t1 AS x WHERE x.b<t1.b),
       a,
       a+b*2+c*3
  FROM t1
 WHERE (e>a AND e<b)
   AND c BETWEEN b-2 AND d+2
 ORDER BY 3,2
----
21
220
1338
26
245
1484

query III rowsort x652
SELECT a+b*2+c*3+d*4,
       abs(a),
       d-e
  FROM t1
 WHERE (e>a AND e<b)
   AND (e>c OR e<d)
----
2226
220
1
2476
245
2

query III rowsort x652
SELECT a+b*2+c*3+d*4,
       abs(a),
       d-e
  FROM t1
 WHERE (e>a AND e<b)
   AND (e>c OR e<d)
 ORDER BY 1,3
----
2226
220
1
2476
245
2

query III rowsort x652
SELECT a+b*2+c*3+d*4,
       abs(a),
       d-e
  FROM t1
 WHERE (e>c OR e<d)
   AND (e>a AND e<b)
----
2226
220
1
2476
245
2

query III rowsort x652
SELECT a+b*2+c*3+d*4,
       abs(a),
       d-e
  FROM t1
 WHERE (e>c OR e<d)
   AND (e>a AND e<b)
 ORDER BY 2,1,3
----
2226
220
1
2476
245
2

query III rowsort x655
SELECT CASE a+1 WHEN b THEN 111 WHEN c THEN 222
        WHEN d THEN 333  WHEN e THEN 444 ELSE 555 END,
       (SELECT count(*) FROM t1 AS x WHERE x.b<t1.b),
       b
  FROM t1
 WHERE e+d BETWEEN a+b-10 AND c+130
   AND EXISTS(SELECT 1 FROM t1 AS x WHERE x.b<t1.b)
   AND b>c
----
333
3
129

query III rowsort x655
SELECT CASE a+1 WHEN b THEN 111 WHEN c THEN 222
        WHEN d THEN 333  WHEN e THEN 444 ELSE 555 END,
       (SELECT count(*) FROM t1 AS x WHERE x.b<t1.b),
       b
  FROM t1
 WHERE e+d BETWEEN a+b-10 AND c+130
   AND EXISTS(SELECT 1 FROM t1 AS x WHERE x.b<t1.b)
   AND b>c
 ORDER BY 2,3
----
333
3
129

query III rowsort x655
SELECT CASE a+1 WHEN b THEN 111 WHEN c THEN 222
        WHEN d THEN 333  WHEN e THEN 444 ELSE 555 END,
       (SELECT count(*) FROM t1 AS x WHERE x.b<t1.b),
       b
  FROM t1
 WHERE EXISTS(SELECT 1 FROM t1 AS x WHERE x.b<t1.b)
   AND e+d BETWEEN a+b-10 AND c+130
   AND b>c
----
333
3
129

query III rowsort x655
SELECT CASE a+1 WHEN b THEN 111 WHEN c THEN 222
        WHEN d THEN 333  WHEN e THEN 444 ELSE 555 END,
       (SELECT count(*) FROM t1 AS x WHERE x.b<t1.b),
       b
  FROM t1
 WHERE EXISTS(SELECT 1 FROM t1 AS x WHERE x.b<t1.b)
   AND e+d BETWEEN a+b-10 AND c+130
   AND b>c
 ORDER BY 1,3,2
----
333
3
129

query III rowsort x655
SELECT CASE a+1 WHEN b THEN 111 WHEN c THEN 222
        WHEN d THEN 333  WHEN e THEN 444 ELSE 555 END,
       (SELECT count(*) FROM t1 AS x WHERE x.b<t1.b),
       b
  FROM t1
 WHERE EXISTS(SELECT 1 FROM t1 AS x WHERE x.b<t1.b)
   AND b>c
   AND e+d BETWEEN a+b-10 AND c+130
----
333
3
129

query III rowsort x655
SELECT CASE a+1 WHEN b THEN 111 WHEN c THEN 222
        WHEN d THEN 333  WHEN e THEN 444 ELSE 555 END,
       (SELECT count(*) FROM t1 AS x WHERE x.b<t1.b),
       b
  FROM t1
 WHERE EXISTS(SELECT 1 FROM t1 AS x WHERE x.b<t1.b)
   AND b>c
   AND e+d BETWEEN a+b-10 AND c+130
 ORDER BY 1,2,3
----
333
3
129

query I rowsort x677
SELECT e
  FROM t1
 WHERE (e>c OR e<d)
   AND d>e
   AND d NOT BETWEEN 110 AND 150
----
162
180
210
221
230
237
246

query I rowsort x677
SELECT e
  FROM t1
 WHERE (e>c OR e<d)
   AND d>e
   AND d NOT BETWEEN 110 AND 150
 ORDER BY 1
----
162
180
210
221
230
237
246

query I rowsort x677
SELECT e
  FROM t1
 WHERE d>e
   AND d NOT BETWEEN 110 AND 150
   AND (e>c OR e<d)
----
162
180
210
221
230
237
246

query I rowsort x677
SELECT e
  FROM t1
 WHERE d>e
   AND d NOT BETWEEN 110 AND 150
   AND (e>c OR e<d)
 ORDER BY 1
----
162
180
210
221
230
237
246

query I rowsort x677
SELECT e
  FROM t1
 WHERE d NOT BETWEEN 110 AND 150
   AND (e>c OR e<d)
   AND d>e
----
162
180
210
221
230
237
246

query I rowsort x677
SELECT e
  FROM t1
 WHERE d NOT BETWEEN 110 AND 150
   AND (e>c OR e<d)
   AND d>e
 ORDER BY 1
----
162
180
210
221
230
237
246

query I rowsort x677
SELECT e
  FROM t1
 WHERE (e>c OR e<d)
   AND d NOT BETWEEN 110 AND 150
   AND d>e
----
162
180
210
221
230
237
246

query I rowsort x677
SELECT e
  FROM t1
 WHERE (e>c OR e<d)
   AND d NOT BETWEEN 110 AND 150
   AND d>e
 ORDER BY 1
----
162
180
210
221
230
237
246

query II rowsort x679
SELECT CASE WHEN c>(SELECT avg(c) FROM t1) THEN a*2 ELSE b*10 END,
       (a+b+c+d+e)/5
  FROM t1
 WHERE e+d BETWEEN a+b-10 AND c+130
----
1050
107
1290
127

query II rowsort x679
SELECT CASE WHEN c>(SELECT avg(c) FROM t1) THEN a*2 ELSE b*10 END,
       (a+b+c+d+e)/5
  FROM t1
 WHERE e+d BETWEEN a+b-10 AND c+130
 ORDER BY 1,2
----
1050
107
1290
127

query III rowsort x685
SELECT a+b*2+c*3+d*4+e*5,
       a-b,
       d
  FROM t1
 WHERE e+d BETWEEN a+b-10 AND c+130
----
1612
2
108
1902
-2
128

query III rowsort x685
SELECT a+b*2+c*3+d*4+e*5,
       a-b,
       d
  FROM t1
 WHERE e+d BETWEEN a+b-10 AND c+130
 ORDER BY 2,1
----
1612
2
108
1902
-2
128

query I rowsort x692
SELECT a+b*2+c*3+d*4
  FROM t1
 WHERE c>d
   AND (c<=d-2 OR c>=d+2)
   AND d>e
----
2125
2226

query I rowsort x692
SELECT a+b*2+c*3+d*4
  FROM t1
 WHERE c>d
   AND (c<=d-2 OR c>=d+2)
   AND d>e
 ORDER BY 1
----
2125
2226

query I rowsort x692
SELECT a+b*2+c*3+d*4
  FROM t1
 WHERE d>e
   AND c>d
   AND (c<=d-2 OR c>=d+2)
----
2125
2226

query I rowsort x692
SELECT a+b*2+c*3+d*4
  FROM t1
 WHERE d>e
   AND c>d
   AND (c<=d-2 OR c>=d+2)
 ORDER BY 1
----
2125
2226

query I rowsort x692
SELECT a+b*2+c*3+d*4
  FROM t1
 WHERE c>d
   AND d>e
   AND (c<=d-2 OR c>=d+2)
----
2125
2226

query I rowsort x692
SELECT a+b*2+c*3+d*4
  FROM t1
 WHERE c>d
   AND d>e
   AND (c<=d-2 OR c>=d+2)
 ORDER BY 1
----
2125
2226

query II rowsort x699
SELECT CASE a+1 WHEN b THEN 111 WHEN c THEN 222
        WHEN d THEN 333  WHEN e THEN 444 ELSE 555 END,
       a+b*2+c*3+d*4
  FROM t1
 WHERE (a>b-2 AND a<b+2)
   AND e+d BETWEEN a+b-10 AND c+130
   AND (e>a AND e<b)
----

query II rowsort x699
SELECT CASE a+1 WHEN b THEN 111 WHEN c THEN 222
        WHEN d THEN 333  WHEN e THEN 444 ELSE 555 END,
       a+b*2+c*3+d*4
  FROM t1
 WHERE (a>b-2 AND a<b+2)
   AND e+d BETWEEN a+b-10 AND c+130
   AND (e>a AND e<b)
 ORDER BY 2,1
----

query II rowsort x699
SELECT CASE a+1 WHEN b THEN 111 WHEN c THEN 222
        WHEN d THEN 333  WHEN e THEN 444 ELSE 555 END,
       a+b*2+c*3+d*4
  FROM t1
 WHERE (e>a AND e<b)
   AND e+d BETWEEN a+b-10 AND c+130
   AND (a>b-2 AND a<b+2)
----

query II rowsort x699
SELECT CASE a+1 WHEN b THEN 111 WHEN c THEN 222
        WHEN d THEN 333  WHEN e THEN 444 ELSE 555 END,
       a+b*2+c*3+d*4
  FROM t1
 WHERE (e>a AND e<b)
   AND e+d BETWEEN a+b-10 AND c+130
   AND (a>b-2 AND a<b+2)
 ORDER BY 1,2
----

query II rowsort x699
SELECT CASE a+1 WHEN b THEN 111 WHEN c THEN 222
        WHEN d THEN 333  WHEN e THEN 444 ELSE 555 END,
       a+b*2+c*3+d*4
  FROM t1
 WHERE (a>b-2 AND a<b+2)
   AND (e>a AND e<b)
   AND e+d BETWEEN a+b-10 AND c+130
----

query II rowsort x699
SELECT CASE a+1 WHEN b THEN 111 WHEN c THEN 222
        WHEN d THEN 333  WHEN e THEN 444 ELSE 555 END,
       a+b*2+c*3+d*4
  FROM t1
 WHERE (a>b-2 AND a<b+2)
   AND (e>a AND e<b)
   AND e+d BETWEEN a+b-10 AND c+130
 ORDER BY 1,2
----

query I rowsort x706
SELECT CASE WHEN a<b-3 THEN 111 WHEN a<=b THEN 222
        WHEN a<b+3 THEN 333 ELSE 444 END
  FROM t1
 WHERE (e>a AND e<b)
----
111
222
222

query I rowsort x706
SELECT CASE WHEN a<b-3 THEN 111 WHEN a<=b THEN 222
        WHEN a<b+3 THEN 333 ELSE 444 END
  FROM t1
 WHERE (e>a AND e<b)
 ORDER BY 1
----
111
222
222

query I rowsort x717
SELECT b
  FROM t1
 WHERE (a>b-2 AND a<b+2)
----
130
139
143
158
167
181
198
228

query I rowsort x717
SELECT b
  FROM t1
 WHERE (a>b-2 AND a<b+2)
 ORDER BY 1
----
130
139
143
158
167
181
198
228

query IIIIIII rowsort x721
SELECT a-b,
       (a+b+c+d+e)/5,
       b,
       CASE a+1 WHEN b THEN 111 WHEN c THEN 222
        WHEN d THEN 333  WHEN e THEN 444 ELSE 555 END,
       CASE WHEN a<b-3 THEN 111 WHEN a<=b THEN 222
        WHEN a<b+3 THEN 333 ELSE 444 END,
       a+b*2+c*3,
       abs(a)
  FROM t1
 WHERE b>c
   AND c>d
   AND e+d BETWEEN a+b-10 AND c+130
----

query IIIIIII rowsort x721
SELECT a-b,
       (a+b+c+d+e)/5,
       b,
       CASE a+1 WHEN b THEN 111 WHEN c THEN 222
        WHEN d THEN 333  WHEN e THEN 444 ELSE 555 END,
       CASE WHEN a<b-3 THEN 111 WHEN a<=b THEN 222
        WHEN a<b+3 THEN 333 ELSE 444 END,
       a+b*2+c*3,
       abs(a)
  FROM t1
 WHERE b>c
   AND c>d
   AND e+d BETWEEN a+b-10 AND c+130
 ORDER BY 5,2,7,3,4
----

query IIIIIII rowsort x721
SELECT a-b,
       (a+b+c+d+e)/5,
       b,
       CASE a+1 WHEN b THEN 111 WHEN c THEN 222
        WHEN d THEN 333  WHEN e THEN 444 ELSE 555 END,
       CASE WHEN a<b-3 THEN 111 WHEN a<=b THEN 222
        WHEN a<b+3 THEN 333 ELSE 444 END,
       a+b*2+c*3,
       abs(a)
  FROM t1
 WHERE c>d
   AND b>c
   AND e+d BETWEEN a+b-10 AND c+130
----

query IIIIIII rowsort x721
SELECT a-b,
       (a+b+c+d+e)/5,
       b,
       CASE a+1 WHEN b THEN 111 WHEN c THEN 222
        WHEN d THEN 333  WHEN e THEN 444 ELSE 555 END,
       CASE WHEN a<b-3 THEN 111 WHEN a<=b THEN 222
        WHEN a<b+3 THEN 333 ELSE 444 END,
       a+b*2+c*3,
       abs(a)
  FROM t1
 WHERE c>d
   AND b>c
   AND e+d BETWEEN a+b-10 AND c+130
 ORDER BY 5,4
----

query IIIIIII rowsort x721
SELECT a-b,
       (a+b+c+d+e)/5,
       b,
       CASE a+1 WHEN b THEN 111 WHEN c THEN 222
        WHEN d THEN 333  WHEN e THEN 444 ELSE 555 END,
       CASE WHEN a<b-3 THEN 111 WHEN a<=b THEN 222
        WHEN a<b+3 THEN 333 ELSE 444 END,
       a+b*2+c*3,
       abs(a)
  FROM t1
 WHERE e+d BETWEEN a+b-10 AND c+130
   AND b>c
   AND c>d
----

query IIIIIII rowsort x721
SELECT a-b,
       (a+b+c+d+e)/5,
       b,
       CASE a+1 WHEN b THEN 111 WHEN c THEN 222
        WHEN d THEN 333  WHEN e THEN 444 ELSE 555 END,
       CASE WHEN a<b-3 THEN 111 WHEN a<=b THEN 222
        WHEN a<b+3 THEN 333 ELSE 444 END,
       a+b*2+c*3,
       abs(a)
  FROM t1
 WHERE e+d BETWEEN a+b-10 AND c+130
   AND b>c
   AND c>d
 ORDER BY 4,6,3,1,7,2,5
----

query III rowsort x728
SELECT a-b,
       a+b*2+c*3+d*4+e*5,
       CASE WHEN c>(SELECT avg(c) FROM t1) THEN a*2 ELSE b*10 END
  FROM t1
 WHERE a>b
   AND (e>a AND e<b)
   AND (c<=d-2 OR c>=d+2)
----

query III rowsort x728
SELECT a-b,
       a+b*2+c*3+d*4+e*5,
       CASE WHEN c>(SELECT avg(c) FROM t1) THEN a*2 ELSE b*10 END
  FROM t1
 WHERE a>b
   AND (e>a AND e<b)
   AND (c<=d-2 OR c>=d+2)
 ORDER BY 3,2,1
----

query III rowsort x728
SELECT a-b,
       a+b*2+c*3+d*4+e*5,
       CASE WHEN c>(SELECT avg(c) FROM t1) THEN a*2 ELSE b*10 END
  FROM t1
 WHERE (c<=d-2 OR c>=d+2)
   AND (e>a AND e<b)
   AND a>b
----

query III rowsort x728
SELECT a-b,
       a+b*2+c*3+d*4+e*5,
       CASE WHEN c>(SELECT avg(c) FROM t1) THEN a*2 ELSE b*10 END
  FROM t1
 WHERE (c<=d-2 OR c>=d+2)
   AND (e>a AND e<b)
   AND a>b
 ORDER BY 2,3,1
----

query III rowsort x728
SELECT a-b,
       a+b*2+c*3+d*4+e*5,
       CASE WHEN c>(SELECT avg(c) FROM t1) THEN a*2 ELSE b*10 END
  FROM t1
 WHERE a>b
   AND (c<=d-2 OR c>=d+2)
   AND (e>a AND e<b)
----

query III rowsort x728
SELECT a-b,
       a+b*2+c*3+d*4+e*5,
       CASE WHEN c>(SELECT avg(c) FROM t1) THEN a*2 ELSE b*10 END
  FROM t1
 WHERE a>b
   AND (c<=d-2 OR c>=d+2)
   AND (e>a AND e<b)
 ORDER BY 1,3,2
----

query II rowsort x751
SELECT (SELECT count(*) FROM t1 AS x WHERE x.b<t1.b),
       CASE WHEN a<b-3 THEN 111 WHEN a<=b THEN 222
        WHEN a<b+3 THEN 333 ELSE 444 END
  FROM t1
 WHERE b>c
   AND (e>a AND e<b)
----
16
222
26
111

query II rowsort x751
SELECT (SELECT count(*) FROM t1 AS x WHERE x.b<t1.b),
       CASE WHEN a<b-3 THEN 111 WHEN a<=b THEN 222
        WHEN a<b+3 THEN 333 ELSE 444 END
  FROM t1
 WHERE b>c
   AND (e>a AND e<b)
 ORDER BY 1,2
----
16
222
26
111

query II rowsort x751
SELECT (SELECT count(*) FROM t1 AS x WHERE x.b<t1.b),
       CASE WHEN a<b-3 THEN 111 WHEN a<=b THEN 222
        WHEN a<b+3 THEN 333 ELSE 444 END
  FROM t1
 WHERE (e>a AND e<b)
   AND b>c
----
16
222
26
111

query II rowsort x751
SELECT (SELECT count(*) FROM t1 AS x WHERE x.b<t1.b),
       CASE WHEN a<b-3 THEN 111 WHEN a<=b THEN 222
        WHEN a<b+3 THEN 333 ELSE 444 END
  FROM t1
 WHERE (e>a AND e<b)
   AND b>c
 ORDER BY 2,1
----
16
222
26
111

query IIIII rowsort x760
SELECT a+b*2+c*3+d*4,
       b-c,
       e,
       CASE a+1 WHEN b THEN 111 WHEN c THEN 222
        WHEN d THEN 333  WHEN e THEN 444 ELSE 555 END,
       d
  FROM t1
 WHERE (a>b-2 AND a<b+2)
   AND e+d BETWEEN a+b-10 AND c+130
----

query IIIII rowsort x760
SELECT a+b*2+c*3+d*4,
       b-c,
       e,
       CASE a+1 WHEN b THEN 111 WHEN c THEN 222
        WHEN d THEN 333  WHEN e THEN 444 ELSE 555 END,
       d
  FROM t1
 WHERE (a>b-2 AND a<b+2)
   AND e+d BETWEEN a+b-10 AND c+130
 ORDER BY 1,4,2
----

query IIIII rowsort x760
SELECT a+b*2+c*3+d*4,
       b-c,
       e,
       CASE a+1 WHEN b THEN 111 WHEN c THEN 222
        WHEN d THEN 333  WHEN e THEN 444 ELSE 555 END,
       d
  FROM t1
 WHERE e+d BETWEEN a+b-10 AND c+130
   AND (a>b-2 AND a<b+2)
----

query IIIII rowsort x760
SELECT a+b*2+c*3+d*4,
       b-c,
       e,
       CASE a+1 WHEN b THEN 111 WHEN c THEN 222
        WHEN d THEN 333  WHEN e THEN 444 ELSE 555 END,
       d
  FROM t1
 WHERE e+d BETWEEN a+b-10 AND c+130
   AND (a>b-2 AND a<b+2)
 ORDER BY 5,1,2,4
----

query III rowsort x766
SELECT a+b*2+c*3+d*4,
       CASE WHEN a<b-3 THEN 111 WHEN a<=b THEN 222
        WHEN a<b+3 THEN 333 ELSE 444 END,
       (a+b+c+d+e)/5
  FROM t1
 WHERE c BETWEEN b-2 AND d+2
   AND d NOT BETWEEN 110 AND 150
   AND e+d BETWEEN a+b-10 AND c+130
----
1067
333
107

query III rowsort x766
SELECT a+b*2+c*3+d*4,
       CASE WHEN a<b-3 THEN 111 WHEN a<=b THEN 222
        WHEN a<b+3 THEN 333 ELSE 444 END,
       (a+b+c+d+e)/5
  FROM t1
 WHERE c BETWEEN b-2 AND d+2
   AND d NOT BETWEEN 110 AND 150
   AND e+d BETWEEN a+b-10 AND c+130
 ORDER BY 1,2
----
1067
333
107

query III rowsort x766
SELECT a+b*2+c*3+d*4,
       CASE WHEN a<b-3 THEN 111 WHEN a<=b THEN 222
        WHEN a<b+3 THEN 333 ELSE 444 END,
       (a+b+c+d+e)/5
  FROM t1
 WHERE c BETWEEN b-2 AND d+2
   AND e+d BETWEEN a+b-10 AND c+130
   AND d NOT BETWEEN 110 AND 150
----
1067
333
107

query III rowsort x766
SELECT a+b*2+c*3+d*4,
       CASE WHEN a<b-3 THEN 111 WHEN a<=b THEN 222
        WHEN a<b+3 THEN 333 ELSE 444 END,
       (a+b+c+d+e)/5
  FROM t1
 WHERE c BETWEEN b-2 AND d+2
   AND e+d BETWEEN a+b-10 AND c+130
   AND d NOT BETWEEN 110 AND 150
 ORDER BY 3,2
----
1067
333
107

query III rowsort x766
SELECT a+b*2+c*3+d*4,
       CASE WHEN a<b-3 THEN 111 WHEN a<=b THEN 222
        WHEN a<b+3 THEN 333 ELSE 444 END,
       (a+b+c+d+e)/5
  FROM t1
 WHERE e+d BETWEEN a+b-10 AND c+130
   AND d NOT BETWEEN 110 AND 150
   AND c BETWEEN b-2 AND d+2
----
1067
333
107

query III rowsort x766
SELECT a+b*2+c*3+d*4,
       CASE WHEN a<b-3 THEN 111 WHEN a<=b THEN 222
        WHEN a<b+3 THEN 333 ELSE 444 END,
       (a+b+c+d+e)/5
  FROM t1
 WHERE e+d BETWEEN a+b-10 AND c+130
   AND d NOT BETWEEN 110 AND 150
   AND c BETWEEN b-2 AND d+2
 ORDER BY 3,2
----
1067
333
107

query III rowsort x766
SELECT a+b*2+c*3+d*4,
       CASE WHEN a<b-3 THEN 111 WHEN a<=b THEN 222
        WHEN a<b+3 THEN 333 ELSE 444 END,
       (a+b+c+d+e)/5
  FROM t1
 WHERE d NOT BETWEEN 110 AND 150
   AND e+d BETWEEN a+b-10 AND c+130
   AND c BETWEEN b-2 AND d+2
----
1067
333
107

query III rowsort x766
SELECT a+b*2+c*3+d*4,
       CASE WHEN a<b-3 THEN 111 WHEN a<=b THEN 222
        WHEN a<b+3 THEN 333 ELSE 444 END,
       (a+b+c+d+e)/5
  FROM t1
 WHERE d NOT BETWEEN 110 AND 150
   AND e+d BETWEEN a+b-10 AND c+130
   AND c BETWEEN b-2 AND d+2
 ORDER BY 1,2,3
----
1067
333
107

query I rowsort x769
SELECT a+b*2+c*3
  FROM t1
 WHERE e+d BETWEEN a+b-10 AND c+130
----
635
760

query I rowsort x769
SELECT a+b*2+c*3
  FROM t1
 WHERE e+d BETWEEN a+b-10 AND c+130
 ORDER BY 1
----
635
760

query III rowsort x778
SELECT (a+b+c+d+e)/5,
       b,
       b-c
  FROM t1
 WHERE (c<=d-2 OR c>=d+2)
   AND (a>b-2 AND a<b+2)
   AND c BETWEEN b-2 AND d+2
----

query III rowsort x778
SELECT (a+b+c+d+e)/5,
       b,
       b-c
  FROM t1
 WHERE (c<=d-2 OR c>=d+2)
   AND (a>b-2 AND a<b+2)
   AND c BETWEEN b-2 AND d+2
 ORDER BY 2,1,3
----

query III rowsort x778
SELECT (a+b+c+d+e)/5,
       b,
       b-c
  FROM t1
 WHERE (c<=d-2 OR c>=d+2)
   AND c BETWEEN b-2 AND d+2
   AND (a>b-2 AND a<b+2)
----

query III rowsort x778
SELECT (a+b+c+d+e)/5,
       b,
       b-c
  FROM t1
 WHERE (c<=d-2 OR c>=d+2)
   AND c BETWEEN b-2 AND d+2
   AND (a>b-2 AND a<b+2)
 ORDER BY 1,3
----

query IIIIII rowsort x783
SELECT b-c,
       a+b*2+c*3,
       a+b*2,
       c-d,
       (a+b+c+d+e)/5,
       a-b
  FROM t1
 WHERE e+d BETWEEN a+b-10 AND c+130
   AND d>e
   AND d NOT BETWEEN 110 AND 150
----

query IIIIII rowsort x783
SELECT b-c,
       a+b*2+c*3,
       a+b*2,
       c-d,
       (a+b+c+d+e)/5,
       a-b
  FROM t1
 WHERE e+d BETWEEN a+b-10 AND c+130
   AND d>e
   AND d NOT BETWEEN 110 AND 150
 ORDER BY 2,1,5,3,6
----

query IIIIII rowsort x783
SELECT b-c,
       a+b*2+c*3,
       a+b*2,
       c-d,
       (a+b+c+d+e)/5,
       a-b
  FROM t1
 WHERE d NOT BETWEEN 110 AND 150
   AND e+d BETWEEN a+b-10 AND c+130
   AND d>e
----

query IIIIII rowsort x783
SELECT b-c,
       a+b*2+c*3,
       a+b*2,
       c-d,
       (a+b+c+d+e)/5,
       a-b
  FROM t1
 WHERE d NOT BETWEEN 110 AND 150
   AND e+d BETWEEN a+b-10 AND c+130
   AND d>e
 ORDER BY 1,4,3,5,6
----

query IIIIII rowsort x783
SELECT b-c,
       a+b*2+c*3,
       a+b*2,
       c-d,
       (a+b+c+d+e)/5,
       a-b
  FROM t1
 WHERE d>e
   AND e+d BETWEEN a+b-10 AND c+130
   AND d NOT BETWEEN 110 AND 150
----

query IIIIII rowsort x783
SELECT b-c,
       a+b*2+c*3,
       a+b*2,
       c-d,
       (a+b+c+d+e)/5,
       a-b
  FROM t1
 WHERE d>e
   AND e+d BETWEEN a+b-10 AND c+130
   AND d NOT BETWEEN 110 AND 150
 ORDER BY 3,6,5,2,4
----

query IIIIII rowsort x783
SELECT b-c,
       a+b*2+c*3,
       a+b*2,
       c-d,
       (a+b+c+d+e)/5,
       a-b
  FROM t1
 WHERE d NOT BETWEEN 110 AND 150
   AND d>e
   AND e+d BETWEEN a+b-10 AND c+130
----

query IIIIII rowsort x783
SELECT b-c,
       a+b*2+c*3,
       a+b*2,
       c-d,
       (a+b+c+d+e)/5,
       a-b
  FROM t1
 WHERE d NOT BETWEEN 110 AND 150
   AND d>e
   AND e+d BETWEEN a+b-10 AND c+130
 ORDER BY 6,4,5,2,3,1
----

query IIIIII rowsort x789
SELECT CASE WHEN a<b-3 THEN 111 WHEN a<=b THEN 222
        WHEN a<b+3 THEN 333 ELSE 444 END,
       c-d,
       c,
       b,
       e,
       a+b*2+c*3+d*4
  FROM t1
 WHERE c>d
   AND e+d BETWEEN a+b-10 AND c+130
   AND EXISTS(SELECT 1 FROM t1 AS x WHERE x.b<t1.b)
----

query IIIIII rowsort x789
SELECT CASE WHEN a<b-3 THEN 111 WHEN a<=b THEN 222
        WHEN a<b+3 THEN 333 ELSE 444 END,
       c-d,
       c,
       b,
       e,
       a+b*2+c*3+d*4
  FROM t1
 WHERE c>d
   AND e+d BETWEEN a+b-10 AND c+130
   AND EXISTS(SELECT 1 FROM t1 AS x WHERE x.b<t1.b)
 ORDER BY 1,4,3,5,2,6
----

query IIIIII rowsort x789
SELECT CASE WHEN a<b-3 THEN 111 WHEN a<=b THEN 222
        WHEN a<b+3 THEN 333 ELSE 444 END,
       c-d,
       c,
       b,
       e,
       a+b*2+c*3+d*4
  FROM t1
 WHERE EXISTS(SELECT 1 FROM t1 AS x WHERE x.b<t1.b)
   AND c>d
   AND e+d BETWEEN a+b-10 AND c+130
----

query IIIIII rowsort x789
SELECT CASE WHEN a<b-3 THEN 111 WHEN a<=b THEN 222
        WHEN a<b+3 THEN 333 ELSE 444 END,
       c-d,
       c,
       b,
       e,
       a+b*2+c*3+d*4
  FROM t1
 WHERE EXISTS(SELECT 1 FROM t1 AS x WHERE x.b<t1.b)
   AND c>d
   AND e+d BETWEEN a+b-10 AND c+130
 ORDER BY 1,6
----

query IIIIII rowsort x789
SELECT CASE WHEN a<b-3 THEN 111 WHEN a<=b THEN 222
        WHEN a<b+3 THEN 333 ELSE 444 END,
       c-d,
       c,
       b,
       e,
       a+b*2+c*3+d*4
  FROM t1
 WHERE e+d BETWEEN a+b-10 AND c+130
   AND c>d
   AND EXISTS(SELECT 1 FROM t1 AS x WHERE x.b<t1.b)
----

query IIIIII rowsort x789
SELECT CASE WHEN a<b-3 THEN 111 WHEN a<=b THEN 222
        WHEN a<b+3 THEN 333 ELSE 444 END,
       c-d,
       c,
       b,
       e,
       a+b*2+c*3+d*4
  FROM t1
 WHERE e+d BETWEEN a+b-10 AND c+130
   AND c>d
   AND EXISTS(SELECT 1 FROM t1 AS x WHERE x.b<t1.b)
 ORDER BY 4,2,1
----

query II rowsort x790
SELECT d-e,
       CASE WHEN c>(SELECT avg(c) FROM t1) THEN a*2 ELSE b*10 END
  FROM t1
 WHERE (a>b-2 AND a<b+2)
   AND (e>c OR e<d)
   AND c>d
----
-4
1430
1
1300
1
1390
3
364

query II rowsort x790
SELECT d-e,
       CASE WHEN c>(SELECT avg(c) FROM t1) THEN a*2 ELSE b*10 END
  FROM t1
 WHERE (a>b-2 AND a<b+2)
   AND (e>c OR e<d)
   AND c>d
 ORDER BY 2,1
----
-4
1430
1
1300
1
1390
3
364

query II rowsort x790
SELECT d-e,
       CASE WHEN c>(SELECT avg(c) FROM t1) THEN a*2 ELSE b*10 END
  FROM t1
 WHERE (e>c OR e<d)
   AND c>d
   AND (a>b-2 AND a<b+2)
----
-4
1430
1
1300
1
1390
3
364

query II rowsort x790
SELECT d-e,
       CASE WHEN c>(SELECT avg(c) FROM t1) THEN a*2 ELSE b*10 END
  FROM t1
 WHERE (e>c OR e<d)
   AND c>d
   AND (a>b-2 AND a<b+2)
 ORDER BY 1,2
----
-4
1430
1
1300
1
1390
3
364

query I rowsort x796
SELECT c
  FROM t1
 WHERE d NOT BETWEEN 110 AND 150
   AND (e>a AND e<b)
   AND (a>b-2 AND a<b+2)
----

query I rowsort x796
SELECT c
  FROM t1
 WHERE d NOT BETWEEN 110 AND 150
   AND (e>a AND e<b)
   AND (a>b-2 AND a<b+2)
 ORDER BY 1
----

query I rowsort x796
SELECT c
  FROM t1
 WHERE (a>b-2 AND a<b+2)
   AND d NOT BETWEEN 110 AND 150
   AND (e>a AND e<b)
----

query I rowsort x796
SELECT c
  FROM t1
 WHERE (a>b-2 AND a<b+2)
   AND d NOT BETWEEN 110 AND 150
   AND (e>a AND e<b)
 ORDER BY 1
----

query I rowsort x810
SELECT a
  FROM t1
 WHERE (e>a AND e<b)
----
191
220
245

query I rowsort x810
SELECT a
  FROM t1
 WHERE (e>a AND e<b)
 ORDER BY 1
----
191
220
245

query II rowsort x812
SELECT abs(a),
       a+b*2
  FROM t1
 WHERE (a>b-2 AND a<b+2)
   AND b>c
   AND a>b
----
159
475
168
502
199
595
229
685

query II rowsort x812
SELECT abs(a),
       a+b*2
  FROM t1
 WHERE (a>b-2 AND a<b+2)
   AND b>c
   AND a>b
 ORDER BY 1,2
----
159
475
168
502
199
595
229
685

query II rowsort x812
SELECT abs(a),
       a+b*2
  FROM t1
 WHERE a>b
   AND b>c
   AND (a>b-2 AND a<b+2)
----
159
475
168
502
199
595
229
685

query II rowsort x812
SELECT abs(a),
       a+b*2
  FROM t1
 WHERE a>b
   AND b>c
   AND (a>b-2 AND a<b+2)
 ORDER BY 1,2
----
159
475
168
502
199
595
229
685

query II rowsort x812
SELECT abs(a),
       a+b*2
  FROM t1
 WHERE b>c
   AND a>b
   AND (a>b-2 AND a<b+2)
----
159
475
168
502
199
595
229
685

query II rowsort x812
SELECT abs(a),
       a+b*2
  FROM t1
 WHERE b>c
   AND a>b
   AND (a>b-2 AND a<b+2)
 ORDER BY 2,1
----
159
475
168
502
199
595
229
685

query IIIII rowsort x829
SELECT CASE WHEN c>(SELECT avg(c) FROM t1) THEN a*2 ELSE b*10 END,
       (SELECT count(*) FROM t1 AS x WHERE x.b<t1.b),
       a+b*2+c*3+d*4,
       a+b*2+c*3+d*4+e*5,
       a-b
  FROM t1
 WHERE d>e
   AND e+d BETWEEN a+b-10 AND c+130
----
1290
3
1272
1902
-2

query IIIII rowsort x829
SELECT CASE WHEN c>(SELECT avg(c) FROM t1) THEN a*2 ELSE b*10 END,
       (SELECT count(*) FROM t1 AS x WHERE x.b<t1.b),
       a+b*2+c*3+d*4,
       a+b*2+c*3+d*4+e*5,
       a-b
  FROM t1
 WHERE d>e
   AND e+d BETWEEN a+b-10 AND c+130
 ORDER BY 2,4
----
1290
3
1272
1902
-2

query II rowsort x838
SELECT a,
       b-c
  FROM t1
 WHERE (e>a AND e<b)
----
191
1
220
-1
245
2

query II rowsort x838
SELECT a,
       b-c
  FROM t1
 WHERE (e>a AND e<b)
 ORDER BY 2,1
----
191
1
220
-1
245
2

query I rowsort x849
SELECT a+b*2+c*3+d*4
  FROM t1
 WHERE e+d BETWEEN a+b-10 AND c+130
   AND EXISTS(SELECT 1 FROM t1 AS x WHERE x.b<t1.b)
----
1272

query I rowsort x849
SELECT a+b*2+c*3+d*4
  FROM t1
 WHERE e+d BETWEEN a+b-10 AND c+130
   AND EXISTS(SELECT 1 FROM t1 AS x WHERE x.b<t1.b)
 ORDER BY 1
----
1272

query I rowsort x849
SELECT a+b*2+c*3+d*4
  FROM t1
 WHERE EXISTS(SELECT 1 FROM t1 AS x WHERE x.b<t1.b)
   AND e+d BETWEEN a+b-10 AND c+130
----
1272

query I rowsort x849
SELECT a+b*2+c*3+d*4
  FROM t1
 WHERE EXISTS(SELECT 1 FROM t1 AS x WHERE x.b<t1.b)
   AND e+d BETWEEN a+b-10 AND c+130
 ORDER BY 1
----
1272

query IIIIIII rowsort x856
SELECT (SELECT count(*) FROM t1 AS x WHERE x.b<t1.b),
       d-e,
       a,
       CASE WHEN a<b-3 THEN 111 WHEN a<=b THEN 222
        WHEN a<b+3 THEN 333 ELSE 444 END,
       c-d,
       a+b*2,
       a+b*2+c*3
  FROM t1
 WHERE (a>b-2 AND a<b+2)
   AND e+d BETWEEN a+b-10 AND c+130
   AND d NOT BETWEEN 110 AND 150
----

query IIIIIII rowsort x856
SELECT (SELECT count(*) FROM t1 AS x WHERE x.b<t1.b),
       d-e,
       a,
       CASE WHEN a<b-3 THEN 111 WHEN a<=b THEN 222
        WHEN a<b+3 THEN 333 ELSE 444 END,
       c-d,
       a+b*2,
       a+b*2+c*3
  FROM t1
 WHERE (a>b-2 AND a<b+2)
   AND e+d BETWEEN a+b-10 AND c+130
   AND d NOT BETWEEN 110 AND 150
 ORDER BY 1,4,3,5,2,7
----

query IIIIIII rowsort x856
SELECT (SELECT count(*) FROM t1 AS x WHERE x.b<t1.b),
       d-e,
       a,
       CASE WHEN a<b-3 THEN 111 WHEN a<=b THEN 222
        WHEN a<b+3 THEN 333 ELSE 444 END,
       c-d,
       a+b*2,
       a+b*2+c*3
  FROM t1
 WHERE d NOT BETWEEN 110 AND 150
   AND e+d BETWEEN a+b-10 AND c+130
   AND (a>b-2 AND a<b+2)
----

query IIIIIII rowsort x856
SELECT (SELECT count(*) FROM t1 AS x WHERE x.b<t1.b),
       d-e,
       a,
       CASE WHEN a<b-3 THEN 111 WHEN a<=b THEN 222
        WHEN a<b+3 THEN 333 ELSE 444 END,
       c-d,
       a+b*2,
       a+b*2+c*3
  FROM t1
 WHERE d NOT BETWEEN 110 AND 150
   AND e+d BETWEEN a+b-10 AND c+130
   AND (a>b-2 AND a<b+2)
 ORDER BY 2,1
----

query IIIIIII rowsort x856
SELECT (SELECT count(*) FROM t1 AS x WHERE x.b<t1.b),
       d-e,
       a,
       CASE WHEN a<b-3 THEN 111 WHEN a<=b THEN 222
        WHEN a<b+3 THEN 333 ELSE 444 END,
       c-d,
       a+b*2,
       a+b*2+c*3
  FROM t1
 WHERE (a>b-2 AND a<b+2)
   AND d NOT BETWEEN 110 AND 150
   AND e+d BETWEEN a+b-10 AND c+130
----

query IIIIIII rowsort x856
SELECT (SELECT count(*) FROM t1 AS x WHERE x.b<t1.b),
       d-e,
       a,
       CASE WHEN a<b-3 THEN 111 WHEN a<=b THEN 222
        WHEN a<b+3 THEN 333 ELSE 444 END,
       c-d,
       a+b*2,
       a+b*2+c*3
  FROM t1
 WHERE (a>b-2 AND a<b+2)
   AND d NOT BETWEEN 110 AND 150
   AND e+d BETWEEN a+b-10 AND c+130
 ORDER BY 6,3,4
----

query II rowsort x859
SELECT (a+b+c+d+e)/5,
       CASE WHEN c>(SELECT avg(c) FROM t1) THEN a*2 ELSE b*10 END
  FROM t1
 WHERE b>c
   AND d>e
   AND EXISTS(SELECT 1 FROM t1 AS x WHERE x.b<t1.b)
----
127
1290
137
1390
232
468
247
490

query II rowsort x859
SELECT (a+b+c+d+e)/5,
       CASE WHEN c>(SELECT avg(c) FROM t1) THEN a*2 ELSE b*10 END
  FROM t1
 WHERE b>c
   AND d>e
   AND EXISTS(SELECT 1 FROM t1 AS x WHERE x.b<t1.b)
 ORDER BY 1,2
----
127
1290
137
1390
232
468
247
490

query II rowsort x859
SELECT (a+b+c+d+e)/5,
       CASE WHEN c>(SELECT avg(c) FROM t1) THEN a*2 ELSE b*10 END
  FROM t1
 WHERE EXISTS(SELECT 1 FROM t1 AS x WHERE x.b<t1.b)
   AND b>c
   AND d>e
----
127
1290
137
1390
232
468
247
490

query II rowsort x859
SELECT (a+b+c+d+e)/5,
       CASE WHEN c>(SELECT avg(c) FROM t1) THEN a*2 ELSE b*10 END
  FROM t1
 WHERE EXISTS(SELECT 1 FROM t1 AS x WHERE x.b<t1.b)
   AND b>c
   AND d>e
 ORDER BY 1,2
----
127
1290
137
1390
232
468
247
490

query II rowsort x859
SELECT (a+b+c+d+e)/5,
       CASE WHEN c>(SELECT avg(c) FROM t1) THEN a*2 ELSE b*10 END
  FROM t1
 WHERE d>e
   AND b>c
   AND EXISTS(SELECT 1 FROM t1 AS x WHERE x.b<t1.b)
----
127
1290
137
1390
232
468
247
490

query II rowsort x859
SELECT (a+b+c+d+e)/5,
       CASE WHEN c>(SELECT avg(c) FROM t1) THEN a*2 ELSE b*10 END
  FROM t1
 WHERE d>e
   AND b>c
   AND EXISTS(SELECT 1 FROM t1 AS x WHERE x.b<t1.b)
 ORDER BY 1,2
----
127
1290
137
1390
232
468
247
490

query II rowsort x859
SELECT (a+b+c+d+e)/5,
       CASE WHEN c>(SELECT avg(c) FROM t1) THEN a*2 ELSE b*10 END
  FROM t1
 WHERE d>e
   AND EXISTS(SELECT 1 FROM t1 AS x WHERE x.b<t1.b)
   AND b>c
----
127
1290
137
1390
232
468
247
490

query II rowsort x859
SELECT (a+b+c+d+e)/5,
       CASE WHEN c>(SELECT avg(c) FROM t1) THEN a*2 ELSE b*10 END
  FROM t1
 WHERE d>e
   AND EXISTS(SELECT 1 FROM t1 AS x WHERE x.b<t1.b)
   AND b>c
 ORDER BY 2,1
----
127
1290
137
1390
232
468
247
490

query III rowsort x880
SELECT e,
       a,
       a-b
  FROM t1
 WHERE e+d BETWEEN a+b-10 AND c+130
----
109
107
2
126
127
-2

query III rowsort x880
SELECT e,
       a,
       a-b
  FROM t1
 WHERE e+d BETWEEN a+b-10 AND c+130
 ORDER BY 3,2,1
----
109
107
2
126
127
-2

query II rowsort x881
SELECT a-b,
       a+b*2
  FROM t1
 WHERE c BETWEEN b-2 AND d+2
   AND (e>a AND e<b)
----
-3
666
-4
743

query II rowsort x881
SELECT a-b,
       a+b*2
  FROM t1
 WHERE c BETWEEN b-2 AND d+2
   AND (e>a AND e<b)
 ORDER BY 2,1
----
-3
666
-4
743

query II rowsort x881
SELECT a-b,
       a+b*2
  FROM t1
 WHERE (e>a AND e<b)
   AND c BETWEEN b-2 AND d+2
----
-3
666
-4
743

query II rowsort x881
SELECT a-b,
       a+b*2
  FROM t1
 WHERE (e>a AND e<b)
   AND c BETWEEN b-2 AND d+2
 ORDER BY 2,1
----
-3
666
-4
743

query I rowsort x896
SELECT CASE WHEN a<b-3 THEN 111 WHEN a<=b THEN 222
        WHEN a<b+3 THEN 333 ELSE 444 END
  FROM t1
 WHERE (c<=d-2 OR c>=d+2)
   AND EXISTS(SELECT 1 FROM t1 AS x WHERE x.b<t1.b)
   AND c>d
----
222
222
333
333

query I rowsort x896
SELECT CASE WHEN a<b-3 THEN 111 WHEN a<=b THEN 222
        WHEN a<b+3 THEN 333 ELSE 444 END
  FROM t1
 WHERE (c<=d-2 OR c>=d+2)
   AND EXISTS(SELECT 1 FROM t1 AS x WHERE x.b<t1.b)
   AND c>d
 ORDER BY 1
----
222
222
333
333

query I rowsort x896
SELECT CASE WHEN a<b-3 THEN 111 WHEN a<=b THEN 222
        WHEN a<b+3 THEN 333 ELSE 444 END
  FROM t1
 WHERE EXISTS(SELECT 1 FROM t1 AS x WHERE x.b<t1.b)
   AND (c<=d-2 OR c>=d+2)
   AND c>d
----
222
222
333
333

query I rowsort x896
SELECT CASE WHEN a<b-3 THEN 111 WHEN a<=b THEN 222
        WHEN a<b+3 THEN 333 ELSE 444 END
  FROM t1
 WHERE EXISTS(SELECT 1 FROM t1 AS x WHERE x.b<t1.b)
   AND (c<=d-2 OR c>=d+2)
   AND c>d
 ORDER BY 1
----
222
222
333
333

query I rowsort x896
SELECT CASE WHEN a<b-3 THEN 111 WHEN a<=b THEN 222
        WHEN a<b+3 THEN 333 ELSE 444 END
  FROM t1
 WHERE (c<=d-2 OR c>=d+2)
   AND c>d
   AND EXISTS(SELECT 1 FROM t1 AS x WHERE x.b<t1.b)
----
222
222
333
333

query I rowsort x896
SELECT CASE WHEN a<b-3 THEN 111 WHEN a<=b THEN 222
        WHEN a<b+3 THEN 333 ELSE 444 END
  FROM t1
 WHERE (c<=d-2 OR c>=d+2)
   AND c>d
   AND EXISTS(SELECT 1 FROM t1 AS x WHERE x.b<t1.b)
 ORDER BY 1
----
222
222
333
333

query I rowsort x896
SELECT CASE WHEN a<b-3 THEN 111 WHEN a<=b THEN 222
        WHEN a<b+3 THEN 333 ELSE 444 END
  FROM t1
 WHERE c>d
   AND EXISTS(SELECT 1 FROM t1 AS x WHERE x.b<t1.b)
   AND (c<=d-2 OR c>=d+2)
----
222
222
333
333

query I rowsort x896
SELECT CASE WHEN a<b-3 THEN 111 WHEN a<=b THEN 222
        WHEN a<b+3 THEN 333 ELSE 444 END
  FROM t1
 WHERE c>d
   AND EXISTS(SELECT 1 FROM t1 AS x WHERE x.b<t1.b)
   AND (c<=d-2 OR c>=d+2)
 ORDER BY 1
----
222
222
333
333

query IIII rowsort x897
SELECT abs(b-c),
       c,
       e,
       c-d
  FROM t1
 WHERE (c<=d-2 OR c>=d+2)
   AND (a>b-2 AND a<b+2)
----

query IIII rowsort x897
SELECT abs(b-c),
       c,
       e,
       c-d
  FROM t1
 WHERE (c<=d-2 OR c>=d+2)
   AND (a>b-2 AND a<b+2)
 ORDER BY 3,4,1,2
----

query IIII rowsort x899
SELECT abs(b-c),
       CASE a+1 WHEN b THEN 111 WHEN c THEN 222
        WHEN d THEN 333  WHEN e THEN 444 ELSE 555 END,
       a+b*2+c*3,
       a-b
  FROM t1
 WHERE b>c
   AND c BETWEEN b-2 AND d+2
   AND (a>b-2 AND a<b+2)
----
2
111
827
-1
2
111
851
-1

query IIII rowsort x899
SELECT abs(b-c),
       CASE a+1 WHEN b THEN 111 WHEN c THEN 222
        WHEN d THEN 333  WHEN e THEN 444 ELSE 555 END,
       a+b*2+c*3,
       a-b
  FROM t1
 WHERE b>c
   AND c BETWEEN b-2 AND d+2
   AND (a>b-2 AND a<b+2)
 ORDER BY 3,2
----
2
111
827
-1
2
111
851
-1

query IIII rowsort x899
SELECT abs(b-c),
       CASE a+1 WHEN b THEN 111 WHEN c THEN 222
        WHEN d THEN 333  WHEN e THEN 444 ELSE 555 END,
       a+b*2+c*3,
       a-b
  FROM t1
 WHERE (a>b-2 AND a<b+2)
   AND c BETWEEN b-2 AND d+2
   AND b>c
----
2
111
827
-1
2
111
851
-1

query IIII rowsort x899
SELECT abs(b-c),
       CASE a+1 WHEN b THEN 111 WHEN c THEN 222
        WHEN d THEN 333  WHEN e THEN 444 ELSE 555 END,
       a+b*2+c*3,
       a-b
  FROM t1
 WHERE (a>b-2 AND a<b+2)
   AND c BETWEEN b-2 AND d+2
   AND b>c
 ORDER BY 1,3
----
2
111
827
-1
2
111
851
-1

query IIII rowsort x899
SELECT abs(b-c),
       CASE a+1 WHEN b THEN 111 WHEN c THEN 222
        WHEN d THEN 333  WHEN e THEN 444 ELSE 555 END,
       a+b*2+c*3,
       a-b
  FROM t1
 WHERE c BETWEEN b-2 AND d+2
   AND (a>b-2 AND a<b+2)
   AND b>c
----
2
111
827
-1
2
111
851
-1

query IIII rowsort x899
SELECT abs(b-c),
       CASE a+1 WHEN b THEN 111 WHEN c THEN 222
        WHEN d THEN 333  WHEN e THEN 444 ELSE 555 END,
       a+b*2+c*3,
       a-b
  FROM t1
 WHERE c BETWEEN b-2 AND d+2
   AND (a>b-2 AND a<b+2)
   AND b>c
 ORDER BY 2,4,1,3
----
2
111
827
-1
2
111
851
-1

query I rowsort x901
SELECT d-e
  FROM t1
 WHERE e+d BETWEEN a+b-10 AND c+130
   AND (e>a AND e<b)
----

query I rowsort x901
SELECT d-e
  FROM t1
 WHERE e+d BETWEEN a+b-10 AND c+130
   AND (e>a AND e<b)
 ORDER BY 1
----

query I rowsort x901
SELECT d-e
  FROM t1
 WHERE (e>a AND e<b)
   AND e+d BETWEEN a+b-10 AND c+130
----

query I rowsort x901
SELECT d-e
  FROM t1
 WHERE (e>a AND e<b)
   AND e+d BETWEEN a+b-10 AND c+130
 ORDER BY 1
----

query III rowsort x902
SELECT a,
       abs(b-c),
       c
  FROM t1
 WHERE e+d BETWEEN a+b-10 AND c+130
----
107
1
106
127
4
125

query III rowsort x902
SELECT a,
       abs(b-c),
       c
  FROM t1
 WHERE e+d BETWEEN a+b-10 AND c+130
 ORDER BY 2,3,1
----
107
1
106
127
4
125

query III rowsort x909
SELECT b-c,
       b,
       CASE a+1 WHEN b THEN 111 WHEN c THEN 222
        WHEN d THEN 333  WHEN e THEN 444 ELSE 555 END
  FROM t1
 WHERE a>b
   AND d NOT BETWEEN 110 AND 150
   AND (e>a AND e<b)
----

query III rowsort x909
SELECT b-c,
       b,
       CASE a+1 WHEN b THEN 111 WHEN c THEN 222
        WHEN d THEN 333  WHEN e THEN 444 ELSE 555 END
  FROM t1
 WHERE a>b
   AND d NOT BETWEEN 110 AND 150
   AND (e>a AND e<b)
 ORDER BY 2,3
----

query III rowsort x909
SELECT b-c,
       b,
       CASE a+1 WHEN b THEN 111 WHEN c THEN 222
        WHEN d THEN 333  WHEN e THEN 444 ELSE 555 END
  FROM t1
 WHERE (e>a AND e<b)
   AND a>b
   AND d NOT BETWEEN 110 AND 150
----

query III rowsort x909
SELECT b-c,
       b,
       CASE a+1 WHEN b THEN 111 WHEN c THEN 222
        WHEN d THEN 333  WHEN e THEN 444 ELSE 555 END
  FROM t1
 WHERE (e>a AND e<b)
   AND a>b
   AND d NOT BETWEEN 110 AND 150
 ORDER BY 3,1
----

query III rowsort x909
SELECT b-c,
       b,
       CASE a+1 WHEN b THEN 111 WHEN c THEN 222
        WHEN d THEN 333  WHEN e THEN 444 ELSE 555 END
  FROM t1
 WHERE d NOT BETWEEN 110 AND 150
   AND (e>a AND e<b)
   AND a>b
----

query III rowsort x909
SELECT b-c,
       b,
       CASE a+1 WHEN b THEN 111 WHEN c THEN 222
        WHEN d THEN 333  WHEN e THEN 444 ELSE 555 END
  FROM t1
 WHERE d NOT BETWEEN 110 AND 150
   AND (e>a AND e<b)
   AND a>b
 ORDER BY 1,3,2
----

query III rowsort x909
SELECT b-c,
       b,
       CASE a+1 WHEN b THEN 111 WHEN c THEN 222
        WHEN d THEN 333  WHEN e THEN 444 ELSE 555 END
  FROM t1
 WHERE d NOT BETWEEN 110 AND 150
   AND a>b
   AND (e>a AND e<b)
----

query III rowsort x909
SELECT b-c,
       b,
       CASE a+1 WHEN b THEN 111 WHEN c THEN 222
        WHEN d THEN 333  WHEN e THEN 444 ELSE 555 END
  FROM t1
 WHERE d NOT BETWEEN 110 AND 150
   AND a>b
   AND (e>a AND e<b)
 ORDER BY 2,3
----

query II rowsort x912
SELECT a+b*2,
       abs(b-c)
  FROM t1
 WHERE (c<=d-2 OR c>=d+2)
   AND (e>a AND e<b)
   AND c>d
----
579
1
666
1

query II rowsort x912
SELECT a+b*2,
       abs(b-c)
  FROM t1
 WHERE (c<=d-2 OR c>=d+2)
   AND (e>a AND e<b)
   AND c>d
 ORDER BY 2,1
----
579
1
666
1

query II rowsort x912
SELECT a+b*2,
       abs(b-c)
  FROM t1
 WHERE c>d
   AND (e>a AND e<b)
   AND (c<=d-2 OR c>=d+2)
----
579
1
666
1

query II rowsort x912
SELECT a+b*2,
       abs(b-c)
  FROM t1
 WHERE c>d
   AND (e>a AND e<b)
   AND (c<=d-2 OR c>=d+2)
 ORDER BY 2,1
----
579
1
666
1

query II rowsort x912
SELECT a+b*2,
       abs(b-c)
  FROM t1
 WHERE c>d
   AND (c<=d-2 OR c>=d+2)
   AND (e>a AND e<b)
----
579
1
666
1

query II rowsort x912
SELECT a+b*2,
       abs(b-c)
  FROM t1
 WHERE c>d
   AND (c<=d-2 OR c>=d+2)
   AND (e>a AND e<b)
 ORDER BY 2,1
----
579
1
666
1

query IIII rowsort x917
SELECT CASE WHEN a<b-3 THEN 111 WHEN a<=b THEN 222
        WHEN a<b+3 THEN 333 ELSE 444 END,
       a,
       d-e,
       a+b*2+c*3+d*4+e*5
  FROM t1
 WHERE e+d BETWEEN a+b-10 AND c+130
----
222
127
2
1902
333
107
-1
1612

query IIII rowsort x917
SELECT CASE WHEN a<b-3 THEN 111 WHEN a<=b THEN 222
        WHEN a<b+3 THEN 333 ELSE 444 END,
       a,
       d-e,
       a+b*2+c*3+d*4+e*5
  FROM t1
 WHERE e+d BETWEEN a+b-10 AND c+130
 ORDER BY 1,3
----
222
127
2
1902
333
107
-1
1612

query IIIIIII rowsort x926
SELECT a+b*2+c*3+d*4,
       CASE WHEN c>(SELECT avg(c) FROM t1) THEN a*2 ELSE b*10 END,
       d-e,
       d,
       abs(b-c),
       a+b*2+c*3,
       a-b
  FROM t1
 WHERE (a>b-2 AND a<b+2)
   AND e+d BETWEEN a+b-10 AND c+130
----

query IIIIIII rowsort x926
SELECT a+b*2+c*3+d*4,
       CASE WHEN c>(SELECT avg(c) FROM t1) THEN a*2 ELSE b*10 END,
       d-e,
       d,
       abs(b-c),
       a+b*2+c*3,
       a-b
  FROM t1
 WHERE (a>b-2 AND a<b+2)
   AND e+d BETWEEN a+b-10 AND c+130
 ORDER BY 4,2,5,3,7,1,6
----

query IIIIIII rowsort x926
SELECT a+b*2+c*3+d*4,
       CASE WHEN c>(SELECT avg(c) FROM t1) THEN a*2 ELSE b*10 END,
       d-e,
       d,
       abs(b-c),
       a+b*2+c*3,
       a-b
  FROM t1
 WHERE e+d BETWEEN a+b-10 AND c+130
   AND (a>b-2 AND a<b+2)
----

query IIIIIII rowsort x926
SELECT a+b*2+c*3+d*4,
       CASE WHEN c>(SELECT avg(c) FROM t1) THEN a*2 ELSE b*10 END,
       d-e,
       d,
       abs(b-c),
       a+b*2+c*3,
       a-b
  FROM t1
 WHERE e+d BETWEEN a+b-10 AND c+130
   AND (a>b-2 AND a<b+2)
 ORDER BY 1,2,7,6
----

query I rowsort x939
SELECT a
  FROM t1
 WHERE c BETWEEN b-2 AND d+2
   AND e+d BETWEEN a+b-10 AND c+130
   AND c>d
----

query I rowsort x939
SELECT a
  FROM t1
 WHERE c BETWEEN b-2 AND d+2
   AND e+d BETWEEN a+b-10 AND c+130
   AND c>d
 ORDER BY 1
----

query I rowsort x939
SELECT a
  FROM t1
 WHERE c BETWEEN b-2 AND d+2
   AND c>d
   AND e+d BETWEEN a+b-10 AND c+130
----

query I rowsort x939
SELECT a
  FROM t1
 WHERE c BETWEEN b-2 AND d+2
   AND c>d
   AND e+d BETWEEN a+b-10 AND c+130
 ORDER BY 1
----

query I rowsort x939
SELECT a
  FROM t1
 WHERE e+d BETWEEN a+b-10 AND c+130
   AND c BETWEEN b-2 AND d+2
   AND c>d
----

query I rowsort x939
SELECT a
  FROM t1
 WHERE e+d BETWEEN a+b-10 AND c+130
   AND c BETWEEN b-2 AND d+2
   AND c>d
 ORDER BY 1
----

query IIIII rowsort x955
SELECT CASE WHEN c>(SELECT avg(c) FROM t1) THEN a*2 ELSE b*10 END,
       a+b*2+c*3+d*4,
       a+b*2+c*3,
       d-e,
       CASE WHEN a<b-3 THEN 111 WHEN a<=b THEN 222
        WHEN a<b+3 THEN 333 ELSE 444 END
  FROM t1
 WHERE a>b
   AND (e>a AND e<b)
   AND (a>b-2 AND a<b+2)
----

query IIIII rowsort x955
SELECT CASE WHEN c>(SELECT avg(c) FROM t1) THEN a*2 ELSE b*10 END,
       a+b*2+c*3+d*4,
       a+b*2+c*3,
       d-e,
       CASE WHEN a<b-3 THEN 111 WHEN a<=b THEN 222
        WHEN a<b+3 THEN 333 ELSE 444 END
  FROM t1
 WHERE a>b
   AND (e>a AND e<b)
   AND (a>b-2 AND a<b+2)
 ORDER BY 1,4,3,5
----

query IIIII rowsort x955
SELECT CASE WHEN c>(SELECT avg(c) FROM t1) THEN a*2 ELSE b*10 END,
       a+b*2+c*3+d*4,
       a+b*2+c*3,
       d-e,
       CASE WHEN a<b-3 THEN 111 WHEN a<=b THEN 222
        WHEN a<b+3 THEN 333 ELSE 444 END
  FROM t1
 WHERE (a>b-2 AND a<b+2)
   AND a>b
   AND (e>a AND e<b)
----

query IIIII rowsort x955
SELECT CASE WHEN c>(SELECT avg(c) FROM t1) THEN a*2 ELSE b*10 END,
       a+b*2+c*3+d*4,
       a+b*2+c*3,
       d-e,
       CASE WHEN a<b-3 THEN 111 WHEN a<=b THEN 222
        WHEN a<b+3 THEN 333 ELSE 444 END
  FROM t1
 WHERE (a>b-2 AND a<b+2)
   AND a>b
   AND (e>a AND e<b)
 ORDER BY 5,4
----

query IIIII rowsort x955
SELECT CASE WHEN c>(SELECT avg(c) FROM t1) THEN a*2 ELSE b*10 END,
       a+b*2+c*3+d*4,
       a+b*2+c*3,
       d-e,
       CASE WHEN a<b-3 THEN 111 WHEN a<=b THEN 222
        WHEN a<b+3 THEN 333 ELSE 444 END
  FROM t1
 WHERE a>b
   AND (a>b-2 AND a<b+2)
   AND (e>a AND e<b)
----

query IIIII rowsort x955
SELECT CASE WHEN c>(SELECT avg(c) FROM t1) THEN a*2 ELSE b*10 END,
       a+b*2+c*3+d*4,
       a+b*2+c*3,
       d-e,
       CASE WHEN a<b-3 THEN 111 WHEN a<=b THEN 222
        WHEN a<b+3 THEN 333 ELSE 444 END
  FROM t1
 WHERE a>b
   AND (a>b-2 AND a<b+2)
   AND (e>a AND e<b)
 ORDER BY 3,2
----

query IIIIII rowsort x957
SELECT CASE WHEN c>(SELECT avg(c) FROM t1) THEN a*2 ELSE b*10 END,
       b,
       (SELECT count(*) FROM t1 AS x WHERE x.b<t1.b),
       abs(b-c),
       a-b,
       b-c
  FROM t1
 WHERE (a>b-2 AND a<b+2)
   AND (c<=d-2 OR c>=d+2)
   AND d>e
----

query IIIIII rowsort x957
SELECT CASE WHEN c>(SELECT avg(c) FROM t1) THEN a*2 ELSE b*10 END,
       b,
       (SELECT count(*) FROM t1 AS x WHERE x.b<t1.b),
       abs(b-c),
       a-b,
       b-c
  FROM t1
 WHERE (a>b-2 AND a<b+2)
   AND (c<=d-2 OR c>=d+2)
   AND d>e
 ORDER BY 2,1,3,4,5
----

query IIIIII rowsort x957
SELECT CASE WHEN c>(SELECT avg(c) FROM t1) THEN a*2 ELSE b*10 END,
       b,
       (SELECT count(*) FROM t1 AS x WHERE x.b<t1.b),
       abs(b-c),
       a-b,
       b-c
  FROM t1
 WHERE (c<=d-2 OR c>=d+2)
   AND (a>b-2 AND a<b+2)
   AND d>e
----

query IIIIII rowsort x957
SELECT CASE WHEN c>(SELECT avg(c) FROM t1) THEN a*2 ELSE b*10 END,
       b,
       (SELECT count(*) FROM t1 AS x WHERE x.b<t1.b),
       abs(b-c),
       a-b,
       b-c
  FROM t1
 WHERE (c<=d-2 OR c>=d+2)
   AND (a>b-2 AND a<b+2)
   AND d>e
 ORDER BY 5,6
----

query IIIIII rowsort x957
SELECT CASE WHEN c>(SELECT avg(c) FROM t1) THEN a*2 ELSE b*10 END,
       b,
       (SELECT count(*) FROM t1 AS x WHERE x.b<t1.b),
       abs(b-c),
       a-b,
       b-c
  FROM t1
 WHERE d>e
   AND (a>b-2 AND a<b+2)
   AND (c<=d-2 OR c>=d+2)
----

query IIIIII rowsort x957
SELECT CASE WHEN c>(SELECT avg(c) FROM t1) THEN a*2 ELSE b*10 END,
       b,
       (SELECT count(*) FROM t1 AS x WHERE x.b<t1.b),
       abs(b-c),
       a-b,
       b-c
  FROM t1
 WHERE d>e
   AND (a>b-2 AND a<b+2)
   AND (c<=d-2 OR c>=d+2)
 ORDER BY 2,1,3,5
----

query IIIIII rowsort x957
SELECT CASE WHEN c>(SELECT avg(c) FROM t1) THEN a*2 ELSE b*10 END,
       b,
       (SELECT count(*) FROM t1 AS x WHERE x.b<t1.b),
       abs(b-c),
       a-b,
       b-c
  FROM t1
 WHERE d>e
   AND (c<=d-2 OR c>=d+2)
   AND (a>b-2 AND a<b+2)
----

query IIIIII rowsort x957
SELECT CASE WHEN c>(SELECT avg(c) FROM t1) THEN a*2 ELSE b*10 END,
       b,
       (SELECT count(*) FROM t1 AS x WHERE x.b<t1.b),
       abs(b-c),
       a-b,
       b-c
  FROM t1
 WHERE d>e
   AND (c<=d-2 OR c>=d+2)
   AND (a>b-2 AND a<b+2)
 ORDER BY 4,5,2
----

query IIII rowsort x958
SELECT (SELECT count(*) FROM t1 AS x WHERE x.b<t1.b),
       e,
       a+b*2+c*3,
       abs(b-c)
  FROM t1
 WHERE e+d BETWEEN a+b-10 AND c+130
   AND a>b
   AND c>d
----

query IIII rowsort x958
SELECT (SELECT count(*) FROM t1 AS x WHERE x.b<t1.b),
       e,
       a+b*2+c*3,
       abs(b-c)
  FROM t1
 WHERE e+d BETWEEN a+b-10 AND c+130
   AND a>b
   AND c>d
 ORDER BY 2,1,4
----

query IIII rowsort x958
SELECT (SELECT count(*) FROM t1 AS x WHERE x.b<t1.b),
       e,
       a+b*2+c*3,
       abs(b-c)
  FROM t1
 WHERE a>b
   AND e+d BETWEEN a+b-10 AND c+130
   AND c>d
----

query IIII rowsort x958
SELECT (SELECT count(*) FROM t1 AS x WHERE x.b<t1.b),
       e,
       a+b*2+c*3,
       abs(b-c)
  FROM t1
 WHERE a>b
   AND e+d BETWEEN a+b-10 AND c+130
   AND c>d
 ORDER BY 1,4,3,2
----

query IIIII rowsort x981
SELECT CASE a+1 WHEN b THEN 111 WHEN c THEN 222
        WHEN d THEN 333  WHEN e THEN 444 ELSE 555 END,
       (a+b+c+d+e)/5,
       (SELECT count(*) FROM t1 AS x WHERE x.b<t1.b),
       a,
       e
  FROM t1
 WHERE (e>a AND e<b)
   AND e+d BETWEEN a+b-10 AND c+130
----

query IIIII rowsort x981
SELECT CASE a+1 WHEN b THEN 111 WHEN c THEN 222
        WHEN d THEN 333  WHEN e THEN 444 ELSE 555 END,
       (a+b+c+d+e)/5,
       (SELECT count(*) FROM t1 AS x WHERE x.b<t1.b),
       a,
       e
  FROM t1
 WHERE (e>a AND e<b)
   AND e+d BETWEEN a+b-10 AND c+130
 ORDER BY 2,3,5
----

query IIIII rowsort x981
SELECT CASE a+1 WHEN b THEN 111 WHEN c THEN 222
        WHEN d THEN 333  WHEN e THEN 444 ELSE 555 END,
       (a+b+c+d+e)/5,
       (SELECT count(*) FROM t1 AS x WHERE x.b<t1.b),
       a,
       e
  FROM t1
 WHERE e+d BETWEEN a+b-10 AND c+130
   AND (e>a AND e<b)
----

query IIIII rowsort x981
SELECT CASE a+1 WHEN b THEN 111 WHEN c THEN 222
        WHEN d THEN 333  WHEN e THEN 444 ELSE 555 END,
       (a+b+c+d+e)/5,
       (SELECT count(*) FROM t1 AS x WHERE x.b<t1.b),
       a,
       e
  FROM t1
 WHERE e+d BETWEEN a+b-10 AND c+130
   AND (e>a AND e<b)
 ORDER BY 5,3,2
----

query IIII rowsort x989
SELECT c-d,
       b-c,
       a,
       a+b*2+c*3
  FROM t1
 WHERE EXISTS(SELECT 1 FROM t1 AS x WHERE x.b<t1.b)
   AND c>d
   AND e+d BETWEEN a+b-10 AND c+130
----

query IIII rowsort x989
SELECT c-d,
       b-c,
       a,
       a+b*2+c*3
  FROM t1
 WHERE EXISTS(SELECT 1 FROM t1 AS x WHERE x.b<t1.b)
   AND c>d
   AND e+d BETWEEN a+b-10 AND c+130
 ORDER BY 4,2
----

query IIII rowsort x989
SELECT c-d,
       b-c,
       a,
       a+b*2+c*3
  FROM t1
 WHERE EXISTS(SELECT 1 FROM t1 AS x WHERE x.b<t1.b)
   AND e+d BETWEEN a+b-10 AND c+130
   AND c>d
----

query IIII rowsort x989
SELECT c-d,
       b-c,
       a,
       a+b*2+c*3
  FROM t1
 WHERE EXISTS(SELECT 1 FROM t1 AS x WHERE x.b<t1.b)
   AND e+d BETWEEN a+b-10 AND c+130
   AND c>d
 ORDER BY 4,3,1,2
----

query IIII rowsort x989
SELECT c-d,
       b-c,
       a,
       a+b*2+c*3
  FROM t1
 WHERE c>d
   AND EXISTS(SELECT 1 FROM t1 AS x WHERE x.b<t1.b)
   AND e+d BETWEEN a+b-10 AND c+130
----

