statement ok
CREATE TABLE t1(a INTEGER, b INTEGER, c INTEGER, d INTEGER, e INTEGER)

statement ok
INSERT INTO t1(e,c,b,d,a) VALUES(NULL,102,NULL,101,104)

statement ok
INSERT INTO t1(a,c,d,e,b) VALUES(107,106,108,109,105)

statement ok
INSERT INTO t1(e,d,b,a,c) VALUES(110,114,112,NULL,113)

statement ok
INSERT INTO t1(d,c,e,a,b) VALUES(116,119,117,115,NULL)

statement ok
INSERT INTO t1(c,d,b,e,a) VALUES(123,122,124,NULL,121)

statement ok
INSERT INTO t1(a,d,b,e,c) VALUES(127,128,129,126,125)

statement ok
INSERT INTO t1(e,c,a,d,b) VALUES(132,134,131,133,130)

statement ok
INSERT INTO t1(a,d,b,e,c) VALUES(138,136,139,135,137)

statement ok
INSERT INTO t1(e,c,d,a,b) VALUES(144,141,140,142,143)

statement ok
INSERT INTO t1(b,a,e,d,c) VALUES(145,149,146,NULL,147)

statement ok
INSERT INTO t1(b,c,a,d,e) VALUES(151,150,153,NULL,NULL)

statement ok
INSERT INTO t1(c,e,a,d,b) VALUES(155,157,159,NULL,158)

statement ok
INSERT INTO t1(c,b,a,d,e) VALUES(161,160,163,164,162)

statement ok
INSERT INTO t1(b,d,a,e,c) VALUES(167,NULL,168,165,166)

statement ok
INSERT INTO t1(d,b,c,e,a) VALUES(171,170,172,173,174)

statement ok
INSERT INTO t1(e,c,a,d,b) VALUES(177,176,179,NULL,175)

statement ok
INSERT INTO t1(b,e,a,d,c) VALUES(181,180,182,183,184)

statement ok
INSERT INTO t1(c,a,b,e,d) VALUES(187,188,186,189,185)

statement ok
INSERT INTO t1(d,b,c,e,a) VALUES(190,194,193,192,191)

statement ok
INSERT INTO t1(a,e,b,d,c) VALUES(199,197,198,196,195)

statement ok
INSERT INTO t1(b,c,d,a,e) VALUES(NULL,202,203,201,204)

statement ok
INSERT INTO t1(c,e,a,b,d) VALUES(208,NULL,NULL,206,207)

statement ok
INSERT INTO t1(c,e,a,d,b) VALUES(214,210,213,212,211)

statement ok
INSERT INTO t1(b,c,a,d,e) VALUES(218,215,216,217,219)

statement ok
INSERT INTO t1(b,e,d,a,c) VALUES(223,221,222,220,224)

statement ok
INSERT INTO t1(d,e,b,a,c) VALUES(226,227,228,229,225)

statement ok
INSERT INTO t1(a,c,b,e,d) VALUES(234,231,232,230,233)

statement ok
INSERT INTO t1(e,b,a,c,d) VALUES(237,236,239,NULL,238)

statement ok
INSERT INTO t1(e,c,b,a,d) VALUES(NULL,244,240,243,NULL)

statement ok
INSERT INTO t1(e,d,c,b,a) VALUES(246,248,247,249,245)

query IIIII rowsort x50
SELECT c,
       (SELECT count(*) FROM t1 AS x WHERE x.c>t1.c AND x.d<t1.d),
       CASE a+1 WHEN b THEN 111 WHEN c THEN 222
        WHEN d THEN 333  WHEN e THEN 444 ELSE 555 END,
       a+b*2+c*3+d*4,
       abs(b-c)
  FROM t1
 WHERE e+d BETWEEN a+b-10 AND c+130
   AND (e>a AND e<b)
   AND c BETWEEN b-2 AND d+2
----

query IIIII rowsort x50
SELECT c,
       (SELECT count(*) FROM t1 AS x WHERE x.c>t1.c AND x.d<t1.d),
       CASE a+1 WHEN b THEN 111 WHEN c THEN 222
        WHEN d THEN 333  WHEN e THEN 444 ELSE 555 END,
       a+b*2+c*3+d*4,
       abs(b-c)
  FROM t1
 WHERE e+d BETWEEN a+b-10 AND c+130
   AND (e>a AND e<b)
   AND c BETWEEN b-2 AND d+2
 ORDER BY 2,5,4,1
----

query IIIII rowsort x50
SELECT c,
       (SELECT count(*) FROM t1 AS x WHERE x.c>t1.c AND x.d<t1.d),
       CASE a+1 WHEN b THEN 111 WHEN c THEN 222
        WHEN d THEN 333  WHEN e THEN 444 ELSE 555 END,
       a+b*2+c*3+d*4,
       abs(b-c)
  FROM t1
 WHERE (e>a AND e<b)
   AND c BETWEEN b-2 AND d+2
   AND e+d BETWEEN a+b-10 AND c+130
----

query IIIII rowsort x50
SELECT c,
       (SELECT count(*) FROM t1 AS x WHERE x.c>t1.c AND x.d<t1.d),
       CASE a+1 WHEN b THEN 111 WHEN c THEN 222
        WHEN d THEN 333  WHEN e THEN 444 ELSE 555 END,
       a+b*2+c*3+d*4,
       abs(b-c)
  FROM t1
 WHERE (e>a AND e<b)
   AND c BETWEEN b-2 AND d+2
   AND e+d BETWEEN a+b-10 AND c+130
 ORDER BY 3,2
----

query I rowsort x65
SELECT (SELECT count(*) FROM t1 AS x WHERE x.c>t1.c AND x.d<t1.d)
  FROM t1
 WHERE b>c
   AND c BETWEEN b-2 AND d+2
   AND (c<=d-2 OR c>=d+2)
----
0

query I rowsort x65
SELECT (SELECT count(*) FROM t1 AS x WHERE x.c>t1.c AND x.d<t1.d)
  FROM t1
 WHERE b>c
   AND c BETWEEN b-2 AND d+2
   AND (c<=d-2 OR c>=d+2)
 ORDER BY 1
----
0

query I rowsort x65
SELECT (SELECT count(*) FROM t1 AS x WHERE x.c>t1.c AND x.d<t1.d)
  FROM t1
 WHERE (c<=d-2 OR c>=d+2)
   AND b>c
   AND c BETWEEN b-2 AND d+2
----
0

query I rowsort x65
SELECT (SELECT count(*) FROM t1 AS x WHERE x.c>t1.c AND x.d<t1.d)
  FROM t1
 WHERE (c<=d-2 OR c>=d+2)
   AND b>c
   AND c BETWEEN b-2 AND d+2
 ORDER BY 1
----
0

query III rowsort x176
SELECT b-c,
       e,
       (SELECT count(*) FROM t1 AS x WHERE x.c>t1.c AND x.d<t1.d)
  FROM t1
 WHERE a>b
   AND (a>b-2 AND a<b+2)
   AND c BETWEEN b-2 AND d+2
----
-3
180
0
-4
132
0

query III rowsort x176
SELECT b-c,
       e,
       (SELECT count(*) FROM t1 AS x WHERE x.c>t1.c AND x.d<t1.d)
  FROM t1
 WHERE a>b
   AND (a>b-2 AND a<b+2)
   AND c BETWEEN b-2 AND d+2
 ORDER BY 2,1,3
----
-3
180
0
-4
132
0

query III rowsort x176
SELECT b-c,
       e,
       (SELECT count(*) FROM t1 AS x WHERE x.c>t1.c AND x.d<t1.d)
  FROM t1
 WHERE c BETWEEN b-2 AND d+2
   AND a>b
   AND (a>b-2 AND a<b+2)
----
-3
180
0
-4
132
0

query III rowsort x176
SELECT b-c,
       e,
       (SELECT count(*) FROM t1 AS x WHERE x.c>t1.c AND x.d<t1.d)
  FROM t1
 WHERE c BETWEEN b-2 AND d+2
   AND a>b
   AND (a>b-2 AND a<b+2)
 ORDER BY 2,1,3
----
-3
180
0
-4
132
0

query III rowsort x176
SELECT b-c,
       e,
       (SELECT count(*) FROM t1 AS x WHERE x.c>t1.c AND x.d<t1.d)
  FROM t1
 WHERE (a>b-2 AND a<b+2)
   AND c BETWEEN b-2 AND d+2
   AND a>b
----
-3
180
0
-4
132
0

query III rowsort x176
SELECT b-c,
       e,
       (SELECT count(*) FROM t1 AS x WHERE x.c>t1.c AND x.d<t1.d)
  FROM t1
 WHERE (a>b-2 AND a<b+2)
   AND c BETWEEN b-2 AND d+2
   AND a>b
 ORDER BY 2,3
----
-3
180
0
-4
132
0

query III rowsort x176
SELECT b-c,
       e,
       (SELECT count(*) FROM t1 AS x WHERE x.c>t1.c AND x.d<t1.d)
  FROM t1
 WHERE (a>b-2 AND a<b+2)
   AND a>b
   AND c BETWEEN b-2 AND d+2
----
-3
180
0
-4
132
0

query III rowsort x176
SELECT b-c,
       e,
       (SELECT count(*) FROM t1 AS x WHERE x.c>t1.c AND x.d<t1.d)
  FROM t1
 WHERE (a>b-2 AND a<b+2)
   AND a>b
   AND c BETWEEN b-2 AND d+2
 ORDER BY 2,1,3
----
-3
180
0
-4
132
0

query IIII rowsort x180
SELECT CASE WHEN c>(SELECT avg(c) FROM t1) THEN a*2 ELSE b*10 END,
       (SELECT count(*) FROM t1 AS x WHERE x.b<t1.b),
       (SELECT count(*) FROM t1 AS x WHERE x.c>t1.c AND x.d<t1.d),
       d
  FROM t1
 WHERE c>d
   AND b>c
   AND (e>c OR e<d)
----
1390
5
0
136
1430
6
0
140

query IIII rowsort x180
SELECT CASE WHEN c>(SELECT avg(c) FROM t1) THEN a*2 ELSE b*10 END,
       (SELECT count(*) FROM t1 AS x WHERE x.b<t1.b),
       (SELECT count(*) FROM t1 AS x WHERE x.c>t1.c AND x.d<t1.d),
       d
  FROM t1
 WHERE c>d
   AND b>c
   AND (e>c OR e<d)
 ORDER BY 1,2,4
----
1390
5
0
136
1430
6
0
140

query IIII rowsort x180
SELECT CASE WHEN c>(SELECT avg(c) FROM t1) THEN a*2 ELSE b*10 END,
       (SELECT count(*) FROM t1 AS x WHERE x.b<t1.b),
       (SELECT count(*) FROM t1 AS x WHERE x.c>t1.c AND x.d<t1.d),
       d
  FROM t1
 WHERE c>d
   AND (e>c OR e<d)
   AND b>c
----
1390
5
0
136
1430
6
0
140

query IIII rowsort x180
SELECT CASE WHEN c>(SELECT avg(c) FROM t1) THEN a*2 ELSE b*10 END,
       (SELECT count(*) FROM t1 AS x WHERE x.b<t1.b),
       (SELECT count(*) FROM t1 AS x WHERE x.c>t1.c AND x.d<t1.d),
       d
  FROM t1
 WHERE c>d
   AND (e>c OR e<d)
   AND b>c
 ORDER BY 1,2
----
1390
5
0
136
1430
6
0
140

query IIII rowsort x180
SELECT CASE WHEN c>(SELECT avg(c) FROM t1) THEN a*2 ELSE b*10 END,
       (SELECT count(*) FROM t1 AS x WHERE x.b<t1.b),
       (SELECT count(*) FROM t1 AS x WHERE x.c>t1.c AND x.d<t1.d),
       d
  FROM t1
 WHERE (e>c OR e<d)
   AND c>d
   AND b>c
----
1390
5
0
136
1430
6
0
140

query IIII rowsort x180
SELECT CASE WHEN c>(SELECT avg(c) FROM t1) THEN a*2 ELSE b*10 END,
       (SELECT count(*) FROM t1 AS x WHERE x.b<t1.b),
       (SELECT count(*) FROM t1 AS x WHERE x.c>t1.c AND x.d<t1.d),
       d
  FROM t1
 WHERE (e>c OR e<d)
   AND c>d
   AND b>c
 ORDER BY 1,3,2,4
----
1390
5
0
136
1430
6
0
140

query IIII rowsort x180
SELECT CASE WHEN c>(SELECT avg(c) FROM t1) THEN a*2 ELSE b*10 END,
       (SELECT count(*) FROM t1 AS x WHERE x.b<t1.b),
       (SELECT count(*) FROM t1 AS x WHERE x.c>t1.c AND x.d<t1.d),
       d
  FROM t1
 WHERE (e>c OR e<d)
   AND b>c
   AND c>d
----
1390
5
0
136
1430
6
0
140

query IIII rowsort x180
SELECT CASE WHEN c>(SELECT avg(c) FROM t1) THEN a*2 ELSE b*10 END,
       (SELECT count(*) FROM t1 AS x WHERE x.b<t1.b),
       (SELECT count(*) FROM t1 AS x WHERE x.c>t1.c AND x.d<t1.d),
       d
  FROM t1
 WHERE (e>c OR e<d)
   AND b>c
   AND c>d
 ORDER BY 2,3,1,4
----
1390
5
0
136
1430
6
0
140

query IIIIII rowsort x198
SELECT a,
       b-c,
       CASE a+1 WHEN b THEN 111 WHEN c THEN 222
        WHEN d THEN 333  WHEN e THEN 444 ELSE 555 END,
       CASE WHEN a<b-3 THEN 111 WHEN a<=b THEN 222
        WHEN a<b+3 THEN 333 ELSE 444 END,
       (SELECT count(*) FROM t1 AS x WHERE x.c>t1.c AND x.d<t1.d),
       e
  FROM t1
 WHERE c BETWEEN b-2 AND d+2
   AND (e>c OR e<d)
   AND e+d BETWEEN a+b-10 AND c+130
----
107
-1
333
333
0
109

query IIIIII rowsort x198
SELECT a,
       b-c,
       CASE a+1 WHEN b THEN 111 WHEN c THEN 222
        WHEN d THEN 333  WHEN e THEN 444 ELSE 555 END,
       CASE WHEN a<b-3 THEN 111 WHEN a<=b THEN 222
        WHEN a<b+3 THEN 333 ELSE 444 END,
       (SELECT count(*) FROM t1 AS x WHERE x.c>t1.c AND x.d<t1.d),
       e
  FROM t1
 WHERE c BETWEEN b-2 AND d+2
   AND (e>c OR e<d)
   AND e+d BETWEEN a+b-10 AND c+130
 ORDER BY 1,3,4,2
----
107
-1
333
333
0
109

query IIIIII rowsort x198
SELECT a,
       b-c,
       CASE a+1 WHEN b THEN 111 WHEN c THEN 222
        WHEN d THEN 333  WHEN e THEN 444 ELSE 555 END,
       CASE WHEN a<b-3 THEN 111 WHEN a<=b THEN 222
        WHEN a<b+3 THEN 333 ELSE 444 END,
       (SELECT count(*) FROM t1 AS x WHERE x.c>t1.c AND x.d<t1.d),
       e
  FROM t1
 WHERE c BETWEEN b-2 AND d+2
   AND e+d BETWEEN a+b-10 AND c+130
   AND (e>c OR e<d)
----
107
-1
333
333
0
109

query IIIIII rowsort x198
SELECT a,
       b-c,
       CASE a+1 WHEN b THEN 111 WHEN c THEN 222
        WHEN d THEN 333  WHEN e THEN 444 ELSE 555 END,
       CASE WHEN a<b-3 THEN 111 WHEN a<=b THEN 222
        WHEN a<b+3 THEN 333 ELSE 444 END,
       (SELECT count(*) FROM t1 AS x WHERE x.c>t1.c AND x.d<t1.d),
       e
  FROM t1
 WHERE c BETWEEN b-2 AND d+2
   AND e+d BETWEEN a+b-10 AND c+130
   AND (e>c OR e<d)
 ORDER BY 4,1
----
107
-1
333
333
0
109

query IIIIII rowsort x198
SELECT a,
       b-c,
       CASE a+1 WHEN b THEN 111 WHEN c THEN 222
        WHEN d THEN 333  WHEN e THEN 444 ELSE 555 END,
       CASE WHEN a<b-3 THEN 111 WHEN a<=b THEN 222
        WHEN a<b+3 THEN 333 ELSE 444 END,
       (SELECT count(*) FROM t1 AS x WHERE x.c>t1.c AND x.d<t1.d),
       e
  FROM t1
 WHERE e+d BETWEEN a+b-10 AND c+130
   AND (e>c OR e<d)
   AND c BETWEEN b-2 AND d+2
----
107
-1
333
333
0
109

query IIIIII rowsort x198
SELECT a,
       b-c,
       CASE a+1 WHEN b THEN 111 WHEN c THEN 222
        WHEN d THEN 333  WHEN e THEN 444 ELSE 555 END,
       CASE WHEN a<b-3 THEN 111 WHEN a<=b THEN 222
        WHEN a<b+3 THEN 333 ELSE 444 END,
       (SELECT count(*) FROM t1 AS x WHERE x.c>t1.c AND x.d<t1.d),
       e
  FROM t1
 WHERE e+d BETWEEN a+b-10 AND c+130
   AND (e>c OR e<d)
   AND c BETWEEN b-2 AND d+2
 ORDER BY 1,6,4,2,5,3
----
107
-1
333
333
0
109

query IIIIII rowsort x198
SELECT a,
       b-c,
       CASE a+1 WHEN b THEN 111 WHEN c THEN 222
        WHEN d THEN 333  WHEN e THEN 444 ELSE 555 END,
       CASE WHEN a<b-3 THEN 111 WHEN a<=b THEN 222
        WHEN a<b+3 THEN 333 ELSE 444 END,
       (SELECT count(*) FROM t1 AS x WHERE x.c>t1.c AND x.d<t1.d),
       e
  FROM t1
 WHERE (e>c OR e<d)
   AND c BETWEEN b-2 AND d+2
   AND e+d BETWEEN a+b-10 AND c+130
----
107
-1
333
333
0
109

query IIIIII rowsort x198
SELECT a,
       b-c,
       CASE a+1 WHEN b THEN 111 WHEN c THEN 222
        WHEN d THEN 333  WHEN e THEN 444 ELSE 555 END,
       CASE WHEN a<b-3 THEN 111 WHEN a<=b THEN 222
        WHEN a<b+3 THEN 333 ELSE 444 END,
       (SELECT count(*) FROM t1 AS x WHERE x.c>t1.c AND x.d<t1.d),
       e
  FROM t1
 WHERE (e>c OR e<d)
   AND c BETWEEN b-2 AND d+2
   AND e+d BETWEEN a+b-10 AND c+130
 ORDER BY 5,1,2,6,4,3
----
107
-1
333
333
0
109

query IIII rowsort x229
SELECT (SELECT count(*) FROM t1 AS x WHERE x.c>t1.c AND x.d<t1.d),
       a,
       CASE WHEN a<b-3 THEN 111 WHEN a<=b THEN 222
        WHEN a<b+3 THEN 333 ELSE 444 END,
       (SELECT count(*) FROM t1 AS x WHERE x.b<t1.b)
  FROM t1
 WHERE EXISTS(SELECT 1 FROM t1 AS x WHERE x.b<t1.b)
   AND e+d BETWEEN a+b-10 AND c+130
   AND (e>a AND e<b)
----

query IIII rowsort x229
SELECT (SELECT count(*) FROM t1 AS x WHERE x.c>t1.c AND x.d<t1.d),
       a,
       CASE WHEN a<b-3 THEN 111 WHEN a<=b THEN 222
        WHEN a<b+3 THEN 333 ELSE 444 END,
       (SELECT count(*) FROM t1 AS x WHERE x.b<t1.b)
  FROM t1
 WHERE EXISTS(SELECT 1 FROM t1 AS x WHERE x.b<t1.b)
   AND e+d BETWEEN a+b-10 AND c+130
   AND (e>a AND e<b)
 ORDER BY 3,4
----

query IIII rowsort x229
SELECT (SELECT count(*) FROM t1 AS x WHERE x.c>t1.c AND x.d<t1.d),
       a,
       CASE WHEN a<b-3 THEN 111 WHEN a<=b THEN 222
        WHEN a<b+3 THEN 333 ELSE 444 END,
       (SELECT count(*) FROM t1 AS x WHERE x.b<t1.b)
  FROM t1
 WHERE (e>a AND e<b)
   AND EXISTS(SELECT 1 FROM t1 AS x WHERE x.b<t1.b)
   AND e+d BETWEEN a+b-10 AND c+130
----

query IIII rowsort x229
SELECT (SELECT count(*) FROM t1 AS x WHERE x.c>t1.c AND x.d<t1.d),
       a,
       CASE WHEN a<b-3 THEN 111 WHEN a<=b THEN 222
        WHEN a<b+3 THEN 333 ELSE 444 END,
       (SELECT count(*) FROM t1 AS x WHERE x.b<t1.b)
  FROM t1
 WHERE (e>a AND e<b)
   AND EXISTS(SELECT 1 FROM t1 AS x WHERE x.b<t1.b)
   AND e+d BETWEEN a+b-10 AND c+130
 ORDER BY 1,3,4
----

query IIII rowsort x229
SELECT (SELECT count(*) FROM t1 AS x WHERE x.c>t1.c AND x.d<t1.d),
       a,
       CASE WHEN a<b-3 THEN 111 WHEN a<=b THEN 222
        WHEN a<b+3 THEN 333 ELSE 444 END,
       (SELECT count(*) FROM t1 AS x WHERE x.b<t1.b)
  FROM t1
 WHERE EXISTS(SELECT 1 FROM t1 AS x WHERE x.b<t1.b)
   AND (e>a AND e<b)
   AND e+d BETWEEN a+b-10 AND c+130
----

query IIII rowsort x229
SELECT (SELECT count(*) FROM t1 AS x WHERE x.c>t1.c AND x.d<t1.d),
       a,
       CASE WHEN a<b-3 THEN 111 WHEN a<=b THEN 222
        WHEN a<b+3 THEN 333 ELSE 444 END,
       (SELECT count(*) FROM t1 AS x WHERE x.b<t1.b)
  FROM t1
 WHERE EXISTS(SELECT 1 FROM t1 AS x WHERE x.b<t1.b)
   AND (e>a AND e<b)
   AND e+d BETWEEN a+b-10 AND c+130
 ORDER BY 1,4
----

query IIIIIII rowsort x270
SELECT c,
       (a+b+c+d+e)/5,
       e,
       d-e,
       a+b*2,
       b-c,
       (SELECT count(*) FROM t1 AS x WHERE x.c>t1.c AND x.d<t1.d)
  FROM t1
 WHERE d>e
   AND c>d
   AND (e>a AND e<b)
----
224
222
221
1
666
-1
0

query IIIIIII rowsort x270
SELECT c,
       (a+b+c+d+e)/5,
       e,
       d-e,
       a+b*2,
       b-c,
       (SELECT count(*) FROM t1 AS x WHERE x.c>t1.c AND x.d<t1.d)
  FROM t1
 WHERE d>e
   AND c>d
   AND (e>a AND e<b)
 ORDER BY 3,4,6,7,1
----
224
222
221
1
666
-1
0

query IIIIIII rowsort x270
SELECT c,
       (a+b+c+d+e)/5,
       e,
       d-e,
       a+b*2,
       b-c,
       (SELECT count(*) FROM t1 AS x WHERE x.c>t1.c AND x.d<t1.d)
  FROM t1
 WHERE (e>a AND e<b)
   AND d>e
   AND c>d
----
224
222
221
1
666
-1
0

query IIIIIII rowsort x270
SELECT c,
       (a+b+c+d+e)/5,
       e,
       d-e,
       a+b*2,
       b-c,
       (SELECT count(*) FROM t1 AS x WHERE x.c>t1.c AND x.d<t1.d)
  FROM t1
 WHERE (e>a AND e<b)
   AND d>e
   AND c>d
 ORDER BY 6,3,4
----
224
222
221
1
666
-1
0

query IIIIIII rowsort x270
SELECT c,
       (a+b+c+d+e)/5,
       e,
       d-e,
       a+b*2,
       b-c,
       (SELECT count(*) FROM t1 AS x WHERE x.c>t1.c AND x.d<t1.d)
  FROM t1
 WHERE (e>a AND e<b)
   AND c>d
   AND d>e
----
224
222
221
1
666
-1
0

query IIIIIII rowsort x270
SELECT c,
       (a+b+c+d+e)/5,
       e,
       d-e,
       a+b*2,
       b-c,
       (SELECT count(*) FROM t1 AS x WHERE x.c>t1.c AND x.d<t1.d)
  FROM t1
 WHERE (e>a AND e<b)
   AND c>d
   AND d>e
 ORDER BY 2,1
----
224
222
221
1
666
-1
0

query IIIIIII rowsort x270
SELECT c,
       (a+b+c+d+e)/5,
       e,
       d-e,
       a+b*2,
       b-c,
       (SELECT count(*) FROM t1 AS x WHERE x.c>t1.c AND x.d<t1.d)
  FROM t1
 WHERE d>e
   AND (e>a AND e<b)
   AND c>d
----
224
222
221
1
666
-1
0

query IIIIIII rowsort x270
SELECT c,
       (a+b+c+d+e)/5,
       e,
       d-e,
       a+b*2,
       b-c,
       (SELECT count(*) FROM t1 AS x WHERE x.c>t1.c AND x.d<t1.d)
  FROM t1
 WHERE d>e
   AND (e>a AND e<b)
   AND c>d
 ORDER BY 5,1,6,2,3
----
224
222
221
1
666
-1
0

query III rowsort x311
SELECT (SELECT count(*) FROM t1 AS x WHERE x.b<t1.b),
       (SELECT count(*) FROM t1 AS x WHERE x.c>t1.c AND x.d<t1.d),
       d
  FROM t1
 WHERE b>c
   AND d>e
   AND d NOT BETWEEN 110 AND 150
----
23
0
233
26
0
248

query III rowsort x311
SELECT (SELECT count(*) FROM t1 AS x WHERE x.b<t1.b),
       (SELECT count(*) FROM t1 AS x WHERE x.c>t1.c AND x.d<t1.d),
       d
  FROM t1
 WHERE b>c
   AND d>e
   AND d NOT BETWEEN 110 AND 150
 ORDER BY 3,2
----
23
0
233
26
0
248

query III rowsort x311
SELECT (SELECT count(*) FROM t1 AS x WHERE x.b<t1.b),
       (SELECT count(*) FROM t1 AS x WHERE x.c>t1.c AND x.d<t1.d),
       d
  FROM t1
 WHERE d NOT BETWEEN 110 AND 150
   AND d>e
   AND b>c
----
23
0
233
26
0
248

query III rowsort x311
SELECT (SELECT count(*) FROM t1 AS x WHERE x.b<t1.b),
       (SELECT count(*) FROM t1 AS x WHERE x.c>t1.c AND x.d<t1.d),
       d
  FROM t1
 WHERE d NOT BETWEEN 110 AND 150
   AND d>e
   AND b>c
 ORDER BY 3,2,1
----
23
0
233
26
0
248

query III rowsort x311
SELECT (SELECT count(*) FROM t1 AS x WHERE x.b<t1.b),
       (SELECT count(*) FROM t1 AS x WHERE x.c>t1.c AND x.d<t1.d),
       d
  FROM t1
 WHERE b>c
   AND d NOT BETWEEN 110 AND 150
   AND d>e
----
23
0
233
26
0
248

query III rowsort x311
SELECT (SELECT count(*) FROM t1 AS x WHERE x.b<t1.b),
       (SELECT count(*) FROM t1 AS x WHERE x.c>t1.c AND x.d<t1.d),
       d
  FROM t1
 WHERE b>c
   AND d NOT BETWEEN 110 AND 150
   AND d>e
 ORDER BY 3,1
----
23
0
233
26
0
248

query II rowsort x315
SELECT (SELECT count(*) FROM t1 AS x WHERE x.c>t1.c AND x.d<t1.d),
       CASE a+1 WHEN b THEN 111 WHEN c THEN 222
        WHEN d THEN 333  WHEN e THEN 444 ELSE 555 END
  FROM t1
 WHERE (c<=d-2 OR c>=d+2)
   AND c>d
   AND (e>a AND e<b)
----
0
444
0
444

query II rowsort x315
SELECT (SELECT count(*) FROM t1 AS x WHERE x.c>t1.c AND x.d<t1.d),
       CASE a+1 WHEN b THEN 111 WHEN c THEN 222
        WHEN d THEN 333  WHEN e THEN 444 ELSE 555 END
  FROM t1
 WHERE (c<=d-2 OR c>=d+2)
   AND c>d
   AND (e>a AND e<b)
 ORDER BY 2,1
----
0
444
0
444

query II rowsort x315
SELECT (SELECT count(*) FROM t1 AS x WHERE x.c>t1.c AND x.d<t1.d),
       CASE a+1 WHEN b THEN 111 WHEN c THEN 222
        WHEN d THEN 333  WHEN e THEN 444 ELSE 555 END
  FROM t1
 WHERE (c<=d-2 OR c>=d+2)
   AND (e>a AND e<b)
   AND c>d
----
0
444
0
444

query II rowsort x315
SELECT (SELECT count(*) FROM t1 AS x WHERE x.c>t1.c AND x.d<t1.d),
       CASE a+1 WHEN b THEN 111 WHEN c THEN 222
        WHEN d THEN 333  WHEN e THEN 444 ELSE 555 END
  FROM t1
 WHERE (c<=d-2 OR c>=d+2)
   AND (e>a AND e<b)
   AND c>d
 ORDER BY 2,1
----
0
444
0
444

query II rowsort x315
SELECT (SELECT count(*) FROM t1 AS x WHERE x.c>t1.c AND x.d<t1.d),
       CASE a+1 WHEN b THEN 111 WHEN c THEN 222
        WHEN d THEN 333  WHEN e THEN 444 ELSE 555 END
  FROM t1
 WHERE (e>a AND e<b)
   AND (c<=d-2 OR c>=d+2)
   AND c>d
----
0
444
0
444

query II rowsort x315
SELECT (SELECT count(*) FROM t1 AS x WHERE x.c>t1.c AND x.d<t1.d),
       CASE a+1 WHEN b THEN 111 WHEN c THEN 222
        WHEN d THEN 333  WHEN e THEN 444 ELSE 555 END
  FROM t1
 WHERE (e>a AND e<b)
   AND (c<=d-2 OR c>=d+2)
   AND c>d
 ORDER BY 2,1
----
0
444
0
444

query II rowsort x315
SELECT (SELECT count(*) FROM t1 AS x WHERE x.c>t1.c AND x.d<t1.d),
       CASE a+1 WHEN b THEN 111 WHEN c THEN 222
        WHEN d THEN 333  WHEN e THEN 444 ELSE 555 END
  FROM t1
 WHERE c>d
   AND (c<=d-2 OR c>=d+2)
   AND (e>a AND e<b)
----
0
444
0
444

query II rowsort x315
SELECT (SELECT count(*) FROM t1 AS x WHERE x.c>t1.c AND x.d<t1.d),
       CASE a+1 WHEN b THEN 111 WHEN c THEN 222
        WHEN d THEN 333  WHEN e THEN 444 ELSE 555 END
  FROM t1
 WHERE c>d
   AND (c<=d-2 OR c>=d+2)
   AND (e>a AND e<b)
 ORDER BY 1,2
----
0
444
0
444

query III rowsort x317
SELECT (SELECT count(*) FROM t1 AS x WHERE x.c>t1.c AND x.d<t1.d),
       abs(a),
       abs(b-c)
  FROM t1
 WHERE e+d BETWEEN a+b-10 AND c+130
   AND b>c
----
0
127
4

query III rowsort x317
SELECT (SELECT count(*) FROM t1 AS x WHERE x.c>t1.c AND x.d<t1.d),
       abs(a),
       abs(b-c)
  FROM t1
 WHERE e+d BETWEEN a+b-10 AND c+130
   AND b>c
 ORDER BY 3,1
----
0
127
4

query II rowsort x343
SELECT a+b*2+c*3,
       (SELECT count(*) FROM t1 AS x WHERE x.c>t1.c AND x.d<t1.d)
  FROM t1
 WHERE c BETWEEN b-2 AND d+2
   AND d>e
   AND (a>b-2 AND a<b+2)
----
1096
0
793
0
827
0

query II rowsort x343
SELECT a+b*2+c*3,
       (SELECT count(*) FROM t1 AS x WHERE x.c>t1.c AND x.d<t1.d)
  FROM t1
 WHERE c BETWEEN b-2 AND d+2
   AND d>e
   AND (a>b-2 AND a<b+2)
 ORDER BY 1,2
----
1096
0
793
0
827
0

query II rowsort x343
SELECT a+b*2+c*3,
       (SELECT count(*) FROM t1 AS x WHERE x.c>t1.c AND x.d<t1.d)
  FROM t1
 WHERE c BETWEEN b-2 AND d+2
   AND (a>b-2 AND a<b+2)
   AND d>e
----
1096
0
793
0
827
0

query II rowsort x343
SELECT a+b*2+c*3,
       (SELECT count(*) FROM t1 AS x WHERE x.c>t1.c AND x.d<t1.d)
  FROM t1
 WHERE c BETWEEN b-2 AND d+2
   AND (a>b-2 AND a<b+2)
   AND d>e
 ORDER BY 2,1
----
1096
0
793
0
827
0

query II rowsort x343
SELECT a+b*2+c*3,
       (SELECT count(*) FROM t1 AS x WHERE x.c>t1.c AND x.d<t1.d)
  FROM t1
 WHERE d>e
   AND (a>b-2 AND a<b+2)
   AND c BETWEEN b-2 AND d+2
----
1096
0
793
0
827
0

query II rowsort x343
SELECT a+b*2+c*3,
       (SELECT count(*) FROM t1 AS x WHERE x.c>t1.c AND x.d<t1.d)
  FROM t1
 WHERE d>e
   AND (a>b-2 AND a<b+2)
   AND c BETWEEN b-2 AND d+2
 ORDER BY 1,2
----
1096
0
793
0
827
0

query II rowsort x343
SELECT a+b*2+c*3,
       (SELECT count(*) FROM t1 AS x WHERE x.c>t1.c AND x.d<t1.d)
  FROM t1
 WHERE (a>b-2 AND a<b+2)
   AND d>e
   AND c BETWEEN b-2 AND d+2
----
1096
0
793
0
827
0

query II rowsort x343
SELECT a+b*2+c*3,
       (SELECT count(*) FROM t1 AS x WHERE x.c>t1.c AND x.d<t1.d)
  FROM t1
 WHERE (a>b-2 AND a<b+2)
   AND d>e
   AND c BETWEEN b-2 AND d+2
 ORDER BY 1,2
----
1096
0
793
0
827
0

query IIIIIII rowsort x407
SELECT a+b*2+c*3,
       a+b*2+c*3+d*4+e*5,
       (SELECT count(*) FROM t1 AS x WHERE x.b<t1.b),
       d,
       a,
       a+b*2+c*3+d*4,
       (SELECT count(*) FROM t1 AS x WHERE x.c>t1.c AND x.d<t1.d)
  FROM t1
 WHERE (e>a AND e<b)
   AND (a>b-2 AND a<b+2)
----

query IIIIIII rowsort x407
SELECT a+b*2+c*3,
       a+b*2+c*3+d*4+e*5,
       (SELECT count(*) FROM t1 AS x WHERE x.b<t1.b),
       d,
       a,
       a+b*2+c*3+d*4,
       (SELECT count(*) FROM t1 AS x WHERE x.c>t1.c AND x.d<t1.d)
  FROM t1
 WHERE (e>a AND e<b)
   AND (a>b-2 AND a<b+2)
 ORDER BY 5,7,6,2,4,3
----

query IIII rowsort x437
SELECT c,
       a-b,
       b-c,
       (SELECT count(*) FROM t1 AS x WHERE x.c>t1.c AND x.d<t1.d)
  FROM t1
 WHERE (e>a AND e<b)
   AND d>e
   AND c BETWEEN b-2 AND d+2
----
224
-3
-1
0
247
-4
2
0

query IIII rowsort x437
SELECT c,
       a-b,
       b-c,
       (SELECT count(*) FROM t1 AS x WHERE x.c>t1.c AND x.d<t1.d)
  FROM t1
 WHERE (e>a AND e<b)
   AND d>e
   AND c BETWEEN b-2 AND d+2
 ORDER BY 3,2,4,1
----
224
-3
-1
0
247
-4
2
0

query IIII rowsort x437
SELECT c,
       a-b,
       b-c,
       (SELECT count(*) FROM t1 AS x WHERE x.c>t1.c AND x.d<t1.d)
  FROM t1
 WHERE c BETWEEN b-2 AND d+2
   AND (e>a AND e<b)
   AND d>e
----
224
-3
-1
0
247
-4
2
0

query IIII rowsort x437
SELECT c,
       a-b,
       b-c,
       (SELECT count(*) FROM t1 AS x WHERE x.c>t1.c AND x.d<t1.d)
  FROM t1
 WHERE c BETWEEN b-2 AND d+2
   AND (e>a AND e<b)
   AND d>e
 ORDER BY 4,2,3
----
224
-3
-1
0
247
-4
2
0

query IIII rowsort x437
SELECT c,
       a-b,
       b-c,
       (SELECT count(*) FROM t1 AS x WHERE x.c>t1.c AND x.d<t1.d)
  FROM t1
 WHERE (e>a AND e<b)
   AND c BETWEEN b-2 AND d+2
   AND d>e
----
224
-3
-1
0
247
-4
2
0

query IIII rowsort x437
SELECT c,
       a-b,
       b-c,
       (SELECT count(*) FROM t1 AS x WHERE x.c>t1.c AND x.d<t1.d)
  FROM t1
 WHERE (e>a AND e<b)
   AND c BETWEEN b-2 AND d+2
   AND d>e
 ORDER BY 3,2,1,4
----
224
-3
-1
0
247
-4
2
0

query IIIII rowsort x466
SELECT abs(a),
       abs(b-c),
       d-e,
       CASE WHEN a<b-3 THEN 111 WHEN a<=b THEN 222
        WHEN a<b+3 THEN 333 ELSE 444 END,
       (SELECT count(*) FROM t1 AS x WHERE x.c>t1.c AND x.d<t1.d)
  FROM t1
 WHERE c>d
   AND b>c
   AND e+d BETWEEN a+b-10 AND c+130
----

query IIIII rowsort x466
SELECT abs(a),
       abs(b-c),
       d-e,
       CASE WHEN a<b-3 THEN 111 WHEN a<=b THEN 222
        WHEN a<b+3 THEN 333 ELSE 444 END,
       (SELECT count(*) FROM t1 AS x WHERE x.c>t1.c AND x.d<t1.d)
  FROM t1
 WHERE c>d
   AND b>c
   AND e+d BETWEEN a+b-10 AND c+130
 ORDER BY 1,4,2
----

query IIIII rowsort x466
SELECT abs(a),
       abs(b-c),
       d-e,
       CASE WHEN a<b-3 THEN 111 WHEN a<=b THEN 222
        WHEN a<b+3 THEN 333 ELSE 444 END,
       (SELECT count(*) FROM t1 AS x WHERE x.c>t1.c AND x.d<t1.d)
  FROM t1
 WHERE e+d BETWEEN a+b-10 AND c+130
   AND c>d
   AND b>c
----

query IIIII rowsort x466
SELECT abs(a),
       abs(b-c),
       d-e,
       CASE WHEN a<b-3 THEN 111 WHEN a<=b THEN 222
        WHEN a<b+3 THEN 333 ELSE 444 END,
       (SELECT count(*) FROM t1 AS x WHERE x.c>t1.c AND x.d<t1.d)
  FROM t1
 WHERE e+d BETWEEN a+b-10 AND c+130
   AND c>d
   AND b>c
 ORDER BY 3,5
----

query IIIII rowsort x466
SELECT abs(a),
       abs(b-c),
       d-e,
       CASE WHEN a<b-3 THEN 111 WHEN a<=b THEN 222
        WHEN a<b+3 THEN 333 ELSE 444 END,
       (SELECT count(*) FROM t1 AS x WHERE x.c>t1.c AND x.d<t1.d)
  FROM t1
 WHERE b>c
   AND c>d
   AND e+d BETWEEN a+b-10 AND c+130
----

query IIIII rowsort x466
SELECT abs(a),
       abs(b-c),
       d-e,
       CASE WHEN a<b-3 THEN 111 WHEN a<=b THEN 222
        WHEN a<b+3 THEN 333 ELSE 444 END,
       (SELECT count(*) FROM t1 AS x WHERE x.c>t1.c AND x.d<t1.d)
  FROM t1
 WHERE b>c
   AND c>d
   AND e+d BETWEEN a+b-10 AND c+130
 ORDER BY 4,3,1,2
----

query IIIIII rowsort x494
SELECT CASE a+1 WHEN b THEN 111 WHEN c THEN 222
        WHEN d THEN 333  WHEN e THEN 444 ELSE 555 END,
       CASE WHEN a<b-3 THEN 111 WHEN a<=b THEN 222
        WHEN a<b+3 THEN 333 ELSE 444 END,
       a+b*2+c*3+d*4+e*5,
       (SELECT count(*) FROM t1 AS x WHERE x.c>t1.c AND x.d<t1.d),
       a-b,
       (SELECT count(*) FROM t1 AS x WHERE x.b<t1.b)
  FROM t1
 WHERE (e>a AND e<b)
   AND a>b
----

query IIIIII rowsort x494
SELECT CASE a+1 WHEN b THEN 111 WHEN c THEN 222
        WHEN d THEN 333  WHEN e THEN 444 ELSE 555 END,
       CASE WHEN a<b-3 THEN 111 WHEN a<=b THEN 222
        WHEN a<b+3 THEN 333 ELSE 444 END,
       a+b*2+c*3+d*4+e*5,
       (SELECT count(*) FROM t1 AS x WHERE x.c>t1.c AND x.d<t1.d),
       a-b,
       (SELECT count(*) FROM t1 AS x WHERE x.b<t1.b)
  FROM t1
 WHERE (e>a AND e<b)
   AND a>b
 ORDER BY 3,2
----

query IIIIII rowsort x494
SELECT CASE a+1 WHEN b THEN 111 WHEN c THEN 222
        WHEN d THEN 333  WHEN e THEN 444 ELSE 555 END,
       CASE WHEN a<b-3 THEN 111 WHEN a<=b THEN 222
        WHEN a<b+3 THEN 333 ELSE 444 END,
       a+b*2+c*3+d*4+e*5,
       (SELECT count(*) FROM t1 AS x WHERE x.c>t1.c AND x.d<t1.d),
       a-b,
       (SELECT count(*) FROM t1 AS x WHERE x.b<t1.b)
  FROM t1
 WHERE a>b
   AND (e>a AND e<b)
----

query IIIIII rowsort x494
SELECT CASE a+1 WHEN b THEN 111 WHEN c THEN 222
        WHEN d THEN 333  WHEN e THEN 444 ELSE 555 END,
       CASE WHEN a<b-3 THEN 111 WHEN a<=b THEN 222
        WHEN a<b+3 THEN 333 ELSE 444 END,
       a+b*2+c*3+d*4+e*5,
       (SELECT count(*) FROM t1 AS x WHERE x.c>t1.c AND x.d<t1.d),
       a-b,
       (SELECT count(*) FROM t1 AS x WHERE x.b<t1.b)
  FROM t1
 WHERE a>b
   AND (e>a AND e<b)
 ORDER BY 3,6
----

query IIIII rowsort x518
SELECT (SELECT count(*) FROM t1 AS x WHERE x.c>t1.c AND x.d<t1.d),
       a+b*2,
       c,
       d,
       e
  FROM t1
 WHERE (c<=d-2 OR c>=d+2)
   AND b>c
   AND c BETWEEN b-2 AND d+2
----
0
698
231
233
230

query IIIII rowsort x518
SELECT (SELECT count(*) FROM t1 AS x WHERE x.c>t1.c AND x.d<t1.d),
       a+b*2,
       c,
       d,
       e
  FROM t1
 WHERE (c<=d-2 OR c>=d+2)
   AND b>c
   AND c BETWEEN b-2 AND d+2
 ORDER BY 5,1,4,2
----
0
698
231
233
230

query IIIII rowsort x518
SELECT (SELECT count(*) FROM t1 AS x WHERE x.c>t1.c AND x.d<t1.d),
       a+b*2,
       c,
       d,
       e
  FROM t1
 WHERE b>c
   AND (c<=d-2 OR c>=d+2)
   AND c BETWEEN b-2 AND d+2
----
0
698
231
233
230

query IIIII rowsort x518
SELECT (SELECT count(*) FROM t1 AS x WHERE x.c>t1.c AND x.d<t1.d),
       a+b*2,
       c,
       d,
       e
  FROM t1
 WHERE b>c
   AND (c<=d-2 OR c>=d+2)
   AND c BETWEEN b-2 AND d+2
 ORDER BY 5,1,3
----
0
698
231
233
230

query IIIII rowsort x518
SELECT (SELECT count(*) FROM t1 AS x WHERE x.c>t1.c AND x.d<t1.d),
       a+b*2,
       c,
       d,
       e
  FROM t1
 WHERE b>c
   AND c BETWEEN b-2 AND d+2
   AND (c<=d-2 OR c>=d+2)
----
0
698
231
233
230

query IIIII rowsort x518
SELECT (SELECT count(*) FROM t1 AS x WHERE x.c>t1.c AND x.d<t1.d),
       a+b*2,
       c,
       d,
       e
  FROM t1
 WHERE b>c
   AND c BETWEEN b-2 AND d+2
   AND (c<=d-2 OR c>=d+2)
 ORDER BY 3,2
----
0
698
231
233
230

query I rowsort x597
SELECT (SELECT count(*) FROM t1 AS x WHERE x.b<t1.b)
  FROM t1
 WHERE (a>b-2 AND a<b+2)
----
11
14
17
22
4
5
6
9

query I rowsort x597
SELECT (SELECT count(*) FROM t1 AS x WHERE x.b<t1.b)
  FROM t1
 WHERE (a>b-2 AND a<b+2)
 ORDER BY 1
----
11
14
17
22
4
5
6
9

query IIII rowsort x636
SELECT a+b*2+c*3+d*4,
       a+b*2,
       CASE a+1 WHEN b THEN 111 WHEN c THEN 222
        WHEN d THEN 333  WHEN e THEN 444 ELSE 555 END,
       (SELECT count(*) FROM t1 AS x WHERE x.b<t1.b)
  FROM t1
 WHERE (a>b-2 AND a<b+2)
   AND a>b
   AND c BETWEEN b-2 AND d+2
----
1325
391
444
4
1828
544
333
14

query IIII rowsort x636
SELECT a+b*2+c*3+d*4,
       a+b*2,
       CASE a+1 WHEN b THEN 111 WHEN c THEN 222
        WHEN d THEN 333  WHEN e THEN 444 ELSE 555 END,
       (SELECT count(*) FROM t1 AS x WHERE x.b<t1.b)
  FROM t1
 WHERE (a>b-2 AND a<b+2)
   AND a>b
   AND c BETWEEN b-2 AND d+2
 ORDER BY 3,2
----
1325
391
444
4
1828
544
333
14

query IIII rowsort x636
SELECT a+b*2+c*3+d*4,
       a+b*2,
       CASE a+1 WHEN b THEN 111 WHEN c THEN 222
        WHEN d THEN 333  WHEN e THEN 444 ELSE 555 END,
       (SELECT count(*) FROM t1 AS x WHERE x.b<t1.b)
  FROM t1
 WHERE a>b
   AND c BETWEEN b-2 AND d+2
   AND (a>b-2 AND a<b+2)
----
1325
391
444
4
1828
544
333
14

query IIII rowsort x636
SELECT a+b*2+c*3+d*4,
       a+b*2,
       CASE a+1 WHEN b THEN 111 WHEN c THEN 222
        WHEN d THEN 333  WHEN e THEN 444 ELSE 555 END,
       (SELECT count(*) FROM t1 AS x WHERE x.b<t1.b)
  FROM t1
 WHERE a>b
   AND c BETWEEN b-2 AND d+2
   AND (a>b-2 AND a<b+2)
 ORDER BY 2,1,3,4
----
1325
391
444
4
1828
544
333
14

query IIII rowsort x636
SELECT a+b*2+c*3+d*4,
       a+b*2,
       CASE a+1 WHEN b THEN 111 WHEN c THEN 222
        WHEN d THEN 333  WHEN e THEN 444 ELSE 555 END,
       (SELECT count(*) FROM t1 AS x WHERE x.b<t1.b)
  FROM t1
 WHERE c BETWEEN b-2 AND d+2
   AND (a>b-2 AND a<b+2)
   AND a>b
----
1325
391
444
4
1828
544
333
14

query IIII rowsort x636
SELECT a+b*2+c*3+d*4,
       a+b*2,
       CASE a+1 WHEN b THEN 111 WHEN c THEN 222
        WHEN d THEN 333  WHEN e THEN 444 ELSE 555 END,
       (SELECT count(*) FROM t1 AS x WHERE x.b<t1.b)
  FROM t1
 WHERE c BETWEEN b-2 AND d+2
   AND (a>b-2 AND a<b+2)
   AND a>b
 ORDER BY 2,4,3,1
----
1325
391
444
4
1828
544
333
14

query IIII rowsort x636
SELECT a+b*2+c*3+d*4,
       a+b*2,
       CASE a+1 WHEN b THEN 111 WHEN c THEN 222
        WHEN d THEN 333  WHEN e THEN 444 ELSE 555 END,
       (SELECT count(*) FROM t1 AS x WHERE x.b<t1.b)
  FROM t1
 WHERE a>b
   AND (a>b-2 AND a<b+2)
   AND c BETWEEN b-2 AND d+2
----
1325
391
444
4
1828
544
333
14

query IIII rowsort x636
SELECT a+b*2+c*3+d*4,
       a+b*2,
       CASE a+1 WHEN b THEN 111 WHEN c THEN 222
        WHEN d THEN 333  WHEN e THEN 444 ELSE 555 END,
       (SELECT count(*) FROM t1 AS x WHERE x.b<t1.b)
  FROM t1
 WHERE a>b
   AND (a>b-2 AND a<b+2)
   AND c BETWEEN b-2 AND d+2
 ORDER BY 2,1,4
----
1325
391
444
4
1828
544
333
14

query IIIIII rowsort x645
SELECT (SELECT count(*) FROM t1 AS x WHERE x.c>t1.c AND x.d<t1.d),
       a+b*2+c*3,
       abs(b-c),
       (SELECT count(*) FROM t1 AS x WHERE x.b<t1.b),
       a+b*2+c*3+d*4+e*5,
       a
  FROM t1
 WHERE e+d BETWEEN a+b-10 AND c+130
   AND EXISTS(SELECT 1 FROM t1 AS x WHERE x.b<t1.b)
----
0
760
4
3
1902
127

query IIIIII rowsort x645
SELECT (SELECT count(*) FROM t1 AS x WHERE x.c>t1.c AND x.d<t1.d),
       a+b*2+c*3,
       abs(b-c),
       (SELECT count(*) FROM t1 AS x WHERE x.b<t1.b),
       a+b*2+c*3+d*4+e*5,
       a
  FROM t1
 WHERE e+d BETWEEN a+b-10 AND c+130
   AND EXISTS(SELECT 1 FROM t1 AS x WHERE x.b<t1.b)
 ORDER BY 1,6,4,3,5
----
0
760
4
3
1902
127

query IIIIII rowsort x645
SELECT (SELECT count(*) FROM t1 AS x WHERE x.c>t1.c AND x.d<t1.d),
       a+b*2+c*3,
       abs(b-c),
       (SELECT count(*) FROM t1 AS x WHERE x.b<t1.b),
       a+b*2+c*3+d*4+e*5,
       a
  FROM t1
 WHERE EXISTS(SELECT 1 FROM t1 AS x WHERE x.b<t1.b)
   AND e+d BETWEEN a+b-10 AND c+130
----
0
760
4
3
1902
127

query IIIIII rowsort x645
SELECT (SELECT count(*) FROM t1 AS x WHERE x.c>t1.c AND x.d<t1.d),
       a+b*2+c*3,
       abs(b-c),
       (SELECT count(*) FROM t1 AS x WHERE x.b<t1.b),
       a+b*2+c*3+d*4+e*5,
       a
  FROM t1
 WHERE EXISTS(SELECT 1 FROM t1 AS x WHERE x.b<t1.b)
   AND e+d BETWEEN a+b-10 AND c+130
 ORDER BY 6,4,2,5,3
----
0
760
4
3
1902
127

query II rowsort x658
SELECT (SELECT count(*) FROM t1 AS x WHERE x.c>t1.c AND x.d<t1.d),
       a+b*2
  FROM t1
 WHERE d NOT BETWEEN 110 AND 150
   AND b>c
   AND (e>a AND e<b)
----
0
579
0
743

query II rowsort x658
SELECT (SELECT count(*) FROM t1 AS x WHERE x.c>t1.c AND x.d<t1.d),
       a+b*2
  FROM t1
 WHERE d NOT BETWEEN 110 AND 150
   AND b>c
   AND (e>a AND e<b)
 ORDER BY 1,2
----
0
579
0
743

query II rowsort x658
SELECT (SELECT count(*) FROM t1 AS x WHERE x.c>t1.c AND x.d<t1.d),
       a+b*2
  FROM t1
 WHERE b>c
   AND (e>a AND e<b)
   AND d NOT BETWEEN 110 AND 150
----
0
579
0
743

query II rowsort x658
SELECT (SELECT count(*) FROM t1 AS x WHERE x.c>t1.c AND x.d<t1.d),
       a+b*2
  FROM t1
 WHERE b>c
   AND (e>a AND e<b)
   AND d NOT BETWEEN 110 AND 150
 ORDER BY 1,2
----
0
579
0
743

query II rowsort x658
SELECT (SELECT count(*) FROM t1 AS x WHERE x.c>t1.c AND x.d<t1.d),
       a+b*2
  FROM t1
 WHERE (e>a AND e<b)
   AND d NOT BETWEEN 110 AND 150
   AND b>c
----
0
579
0
743

query II rowsort x658
SELECT (SELECT count(*) FROM t1 AS x WHERE x.c>t1.c AND x.d<t1.d),
       a+b*2
  FROM t1
 WHERE (e>a AND e<b)
   AND d NOT BETWEEN 110 AND 150
   AND b>c
 ORDER BY 1,2
----
0
579
0
743

query III rowsort x682
SELECT b-c,
       (SELECT count(*) FROM t1 AS x WHERE x.c>t1.c AND x.d<t1.d),
       a+b*2
  FROM t1
 WHERE a>b
   AND (e>a AND e<b)
   AND (c<=d-2 OR c>=d+2)
----

query III rowsort x682
SELECT b-c,
       (SELECT count(*) FROM t1 AS x WHERE x.c>t1.c AND x.d<t1.d),
       a+b*2
  FROM t1
 WHERE a>b
   AND (e>a AND e<b)
   AND (c<=d-2 OR c>=d+2)
 ORDER BY 2,1
----

query III rowsort x682
SELECT b-c,
       (SELECT count(*) FROM t1 AS x WHERE x.c>t1.c AND x.d<t1.d),
       a+b*2
  FROM t1
 WHERE (c<=d-2 OR c>=d+2)
   AND (e>a AND e<b)
   AND a>b
----

query III rowsort x682
SELECT b-c,
       (SELECT count(*) FROM t1 AS x WHERE x.c>t1.c AND x.d<t1.d),
       a+b*2
  FROM t1
 WHERE (c<=d-2 OR c>=d+2)
   AND (e>a AND e<b)
   AND a>b
 ORDER BY 3,1,2
----

query III rowsort x682
SELECT b-c,
       (SELECT count(*) FROM t1 AS x WHERE x.c>t1.c AND x.d<t1.d),
       a+b*2
  FROM t1
 WHERE a>b
   AND (c<=d-2 OR c>=d+2)
   AND (e>a AND e<b)
----

query III rowsort x682
SELECT b-c,
       (SELECT count(*) FROM t1 AS x WHERE x.c>t1.c AND x.d<t1.d),
       a+b*2
  FROM t1
 WHERE a>b
   AND (c<=d-2 OR c>=d+2)
   AND (e>a AND e<b)
 ORDER BY 3,2,1
----

query IIIIIII rowsort x697
SELECT abs(a),
       a+b*2+c*3+d*4,
       b,
       (SELECT count(*) FROM t1 AS x WHERE x.c>t1.c AND x.d<t1.d),
       a+b*2+c*3+d*4+e*5,
       a-b,
       e
  FROM t1
 WHERE (e>c OR e<d)
   AND e+d BETWEEN a+b-10 AND c+130
   AND c>d
----

query IIIIIII rowsort x697
SELECT abs(a),
       a+b*2+c*3+d*4,
       b,
       (SELECT count(*) FROM t1 AS x WHERE x.c>t1.c AND x.d<t1.d),
       a+b*2+c*3+d*4+e*5,
       a-b,
       e
  FROM t1
 WHERE (e>c OR e<d)
   AND e+d BETWEEN a+b-10 AND c+130
   AND c>d
 ORDER BY 5,3,1,4,2,6
----

query IIIIIII rowsort x697
SELECT abs(a),
       a+b*2+c*3+d*4,
       b,
       (SELECT count(*) FROM t1 AS x WHERE x.c>t1.c AND x.d<t1.d),
       a+b*2+c*3+d*4+e*5,
       a-b,
       e
  FROM t1
 WHERE e+d BETWEEN a+b-10 AND c+130
   AND (e>c OR e<d)
   AND c>d
----

query IIIIIII rowsort x697
SELECT abs(a),
       a+b*2+c*3+d*4,
       b,
       (SELECT count(*) FROM t1 AS x WHERE x.c>t1.c AND x.d<t1.d),
       a+b*2+c*3+d*4+e*5,
       a-b,
       e
  FROM t1
 WHERE e+d BETWEEN a+b-10 AND c+130
   AND (e>c OR e<d)
   AND c>d
 ORDER BY 6,5,4,7,1,3
----

query IIIIIII rowsort x697
SELECT abs(a),
       a+b*2+c*3+d*4,
       b,
       (SELECT count(*) FROM t1 AS x WHERE x.c>t1.c AND x.d<t1.d),
       a+b*2+c*3+d*4+e*5,
       a-b,
       e
  FROM t1
 WHERE c>d
   AND (e>c OR e<d)
   AND e+d BETWEEN a+b-10 AND c+130
----

query IIIIIII rowsort x697
SELECT abs(a),
       a+b*2+c*3+d*4,
       b,
       (SELECT count(*) FROM t1 AS x WHERE x.c>t1.c AND x.d<t1.d),
       a+b*2+c*3+d*4+e*5,
       a-b,
       e
  FROM t1
 WHERE c>d
   AND (e>c OR e<d)
   AND e+d BETWEEN a+b-10 AND c+130
 ORDER BY 1,2,3,6,7,4,5
----

query I rowsort x742
SELECT (SELECT count(*) FROM t1 AS x WHERE x.c>t1.c AND x.d<t1.d)
  FROM t1
 WHERE EXISTS(SELECT 1 FROM t1 AS x WHERE x.b<t1.b)
   AND (a>b-2 AND a<b+2)
----
0
0
0
0
0
0
0
0

query I rowsort x742
SELECT (SELECT count(*) FROM t1 AS x WHERE x.c>t1.c AND x.d<t1.d)
  FROM t1
 WHERE EXISTS(SELECT 1 FROM t1 AS x WHERE x.b<t1.b)
   AND (a>b-2 AND a<b+2)
 ORDER BY 1
----
0
0
0
0
0
0
0
0

query I rowsort x742
SELECT (SELECT count(*) FROM t1 AS x WHERE x.c>t1.c AND x.d<t1.d)
  FROM t1
 WHERE (a>b-2 AND a<b+2)
   AND EXISTS(SELECT 1 FROM t1 AS x WHERE x.b<t1.b)
----
0
0
0
0
0
0
0
0

query I rowsort x742
SELECT (SELECT count(*) FROM t1 AS x WHERE x.c>t1.c AND x.d<t1.d)
  FROM t1
 WHERE (a>b-2 AND a<b+2)
   AND EXISTS(SELECT 1 FROM t1 AS x WHERE x.b<t1.b)
 ORDER BY 1
----
0
0
0
0
0
0
0
0

query IIIII rowsort x762
SELECT a,
       CASE a+1 WHEN b THEN 111 WHEN c THEN 222
        WHEN d THEN 333  WHEN e THEN 444 ELSE 555 END,
       (SELECT count(*) FROM t1 AS x WHERE x.c>t1.c AND x.d<t1.d),
       d,
       (a+b+c+d+e)/5
  FROM t1
 WHERE e+d BETWEEN a+b-10 AND c+130
   AND EXISTS(SELECT 1 FROM t1 AS x WHERE x.b<t1.b)
   AND (e>a AND e<b)
----

query IIIII rowsort x762
SELECT a,
       CASE a+1 WHEN b THEN 111 WHEN c THEN 222
        WHEN d THEN 333  WHEN e THEN 444 ELSE 555 END,
       (SELECT count(*) FROM t1 AS x WHERE x.c>t1.c AND x.d<t1.d),
       d,
       (a+b+c+d+e)/5
  FROM t1
 WHERE e+d BETWEEN a+b-10 AND c+130
   AND EXISTS(SELECT 1 FROM t1 AS x WHERE x.b<t1.b)
   AND (e>a AND e<b)
 ORDER BY 2,5,3,4,1
----

query IIIII rowsort x762
SELECT a,
       CASE a+1 WHEN b THEN 111 WHEN c THEN 222
        WHEN d THEN 333  WHEN e THEN 444 ELSE 555 END,
       (SELECT count(*) FROM t1 AS x WHERE x.c>t1.c AND x.d<t1.d),
       d,
       (a+b+c+d+e)/5
  FROM t1
 WHERE e+d BETWEEN a+b-10 AND c+130
   AND (e>a AND e<b)
   AND EXISTS(SELECT 1 FROM t1 AS x WHERE x.b<t1.b)
----

query IIIII rowsort x762
SELECT a,
       CASE a+1 WHEN b THEN 111 WHEN c THEN 222
        WHEN d THEN 333  WHEN e THEN 444 ELSE 555 END,
       (SELECT count(*) FROM t1 AS x WHERE x.c>t1.c AND x.d<t1.d),
       d,
       (a+b+c+d+e)/5
  FROM t1
 WHERE e+d BETWEEN a+b-10 AND c+130
   AND (e>a AND e<b)
   AND EXISTS(SELECT 1 FROM t1 AS x WHERE x.b<t1.b)
 ORDER BY 5,4,3,1
----

query IIIII rowsort x762
SELECT a,
       CASE a+1 WHEN b THEN 111 WHEN c THEN 222
        WHEN d THEN 333  WHEN e THEN 444 ELSE 555 END,
       (SELECT count(*) FROM t1 AS x WHERE x.c>t1.c AND x.d<t1.d),
       d,
       (a+b+c+d+e)/5
  FROM t1
 WHERE EXISTS(SELECT 1 FROM t1 AS x WHERE x.b<t1.b)
   AND (e>a AND e<b)
   AND e+d BETWEEN a+b-10 AND c+130
----

query IIIII rowsort x762
SELECT a,
       CASE a+1 WHEN b THEN 111 WHEN c THEN 222
        WHEN d THEN 333  WHEN e THEN 444 ELSE 555 END,
       (SELECT count(*) FROM t1 AS x WHERE x.c>t1.c AND x.d<t1.d),
       d,
       (a+b+c+d+e)/5
  FROM t1
 WHERE EXISTS(SELECT 1 FROM t1 AS x WHERE x.b<t1.b)
   AND (e>a AND e<b)
   AND e+d BETWEEN a+b-10 AND c+130
 ORDER BY 5,3,4,1,2
----

query III rowsort x764
SELECT d,
       (SELECT count(*) FROM t1 AS x WHERE x.c>t1.c AND x.d<t1.d),
       c
  FROM t1
 WHERE (e>a AND e<b)
   AND (e>c OR e<d)
   AND EXISTS(SELECT 1 FROM t1 AS x WHERE x.b<t1.b)
----
222
0
224
248
0
247

query III rowsort x764
SELECT d,
       (SELECT count(*) FROM t1 AS x WHERE x.c>t1.c AND x.d<t1.d),
       c
  FROM t1
 WHERE (e>a AND e<b)
   AND (e>c OR e<d)
   AND EXISTS(SELECT 1 FROM t1 AS x WHERE x.b<t1.b)
 ORDER BY 3,1,2
----
222
0
224
248
0
247

query III rowsort x764
SELECT d,
       (SELECT count(*) FROM t1 AS x WHERE x.c>t1.c AND x.d<t1.d),
       c
  FROM t1
 WHERE (e>c OR e<d)
   AND (e>a AND e<b)
   AND EXISTS(SELECT 1 FROM t1 AS x WHERE x.b<t1.b)
----
222
0
224
248
0
247

query III rowsort x764
SELECT d,
       (SELECT count(*) FROM t1 AS x WHERE x.c>t1.c AND x.d<t1.d),
       c
  FROM t1
 WHERE (e>c OR e<d)
   AND (e>a AND e<b)
   AND EXISTS(SELECT 1 FROM t1 AS x WHERE x.b<t1.b)
 ORDER BY 1,3,2
----
222
0
224
248
0
247

query III rowsort x764
SELECT d,
       (SELECT count(*) FROM t1 AS x WHERE x.c>t1.c AND x.d<t1.d),
       c
  FROM t1
 WHERE EXISTS(SELECT 1 FROM t1 AS x WHERE x.b<t1.b)
   AND (e>c OR e<d)
   AND (e>a AND e<b)
----
222
0
224
248
0
247

query III rowsort x764
SELECT d,
       (SELECT count(*) FROM t1 AS x WHERE x.c>t1.c AND x.d<t1.d),
       c
  FROM t1
 WHERE EXISTS(SELECT 1 FROM t1 AS x WHERE x.b<t1.b)
   AND (e>c OR e<d)
   AND (e>a AND e<b)
 ORDER BY 1,2
----
222
0
224
248
0
247

query IIIIII rowsort x800
SELECT (SELECT count(*) FROM t1 AS x WHERE x.c>t1.c AND x.d<t1.d),
       a+b*2+c*3+d*4,
       CASE a+1 WHEN b THEN 111 WHEN c THEN 222
        WHEN d THEN 333  WHEN e THEN 444 ELSE 555 END,
       CASE WHEN a<b-3 THEN 111 WHEN a<=b THEN 222
        WHEN a<b+3 THEN 333 ELSE 444 END,
       abs(b-c),
       d
  FROM t1
 WHERE c BETWEEN b-2 AND d+2
   AND (a>b-2 AND a<b+2)
   AND e+d BETWEEN a+b-10 AND c+130
----

query IIIIII rowsort x800
SELECT (SELECT count(*) FROM t1 AS x WHERE x.c>t1.c AND x.d<t1.d),
       a+b*2+c*3+d*4,
       CASE a+1 WHEN b THEN 111 WHEN c THEN 222
        WHEN d THEN 333  WHEN e THEN 444 ELSE 555 END,
       CASE WHEN a<b-3 THEN 111 WHEN a<=b THEN 222
        WHEN a<b+3 THEN 333 ELSE 444 END,
       abs(b-c),
       d
  FROM t1
 WHERE c BETWEEN b-2 AND d+2
   AND (a>b-2 AND a<b+2)
   AND e+d BETWEEN a+b-10 AND c+130
 ORDER BY 3,2
----

query IIIIII rowsort x800
SELECT (SELECT count(*) FROM t1 AS x WHERE x.c>t1.c AND x.d<t1.d),
       a+b*2+c*3+d*4,
       CASE a+1 WHEN b THEN 111 WHEN c THEN 222
        WHEN d THEN 333  WHEN e THEN 444 ELSE 555 END,
       CASE WHEN a<b-3 THEN 111 WHEN a<=b THEN 222
        WHEN a<b+3 THEN 333 ELSE 444 END,
       abs(b-c),
       d
  FROM t1
 WHERE (a>b-2 AND a<b+2)
   AND c BETWEEN b-2 AND d+2
   AND e+d BETWEEN a+b-10 AND c+130
----

query IIIIII rowsort x800
SELECT (SELECT count(*) FROM t1 AS x WHERE x.c>t1.c AND x.d<t1.d),
       a+b*2+c*3+d*4,
       CASE a+1 WHEN b THEN 111 WHEN c THEN 222
        WHEN d THEN 333  WHEN e THEN 444 ELSE 555 END,
       CASE WHEN a<b-3 THEN 111 WHEN a<=b THEN 222
        WHEN a<b+3 THEN 333 ELSE 444 END,
       abs(b-c),
       d
  FROM t1
 WHERE (a>b-2 AND a<b+2)
   AND c BETWEEN b-2 AND d+2
   AND e+d BETWEEN a+b-10 AND c+130
 ORDER BY 5,6,2,3,1,4
----

query IIIIII rowsort x800
SELECT (SELECT count(*) FROM t1 AS x WHERE x.c>t1.c AND x.d<t1.d),
       a+b*2+c*3+d*4,
       CASE a+1 WHEN b THEN 111 WHEN c THEN 222
        WHEN d THEN 333  WHEN e THEN 444 ELSE 555 END,
       CASE WHEN a<b-3 THEN 111 WHEN a<=b THEN 222
        WHEN a<b+3 THEN 333 ELSE 444 END,
       abs(b-c),
       d
  FROM t1
 WHERE c BETWEEN b-2 AND d+2
   AND e+d BETWEEN a+b-10 AND c+130
   AND (a>b-2 AND a<b+2)
----

query IIIIII rowsort x800
SELECT (SELECT count(*) FROM t1 AS x WHERE x.c>t1.c AND x.d<t1.d),
       a+b*2+c*3+d*4,
       CASE a+1 WHEN b THEN 111 WHEN c THEN 222
        WHEN d THEN 333  WHEN e THEN 444 ELSE 555 END,
       CASE WHEN a<b-3 THEN 111 WHEN a<=b THEN 222
        WHEN a<b+3 THEN 333 ELSE 444 END,
       abs(b-c),
       d
  FROM t1
 WHERE c BETWEEN b-2 AND d+2
   AND e+d BETWEEN a+b-10 AND c+130
   AND (a>b-2 AND a<b+2)
 ORDER BY 4,6,5,1,3,2
----

query II rowsort x821
SELECT CASE WHEN c>(SELECT avg(c) FROM t1) THEN a*2 ELSE b*10 END,
       (SELECT count(*) FROM t1 AS x WHERE x.b<t1.b)
  FROM t1
 WHERE e+d BETWEEN a+b-10 AND c+130
----
1050
0
1290
3

query II rowsort x821
SELECT CASE WHEN c>(SELECT avg(c) FROM t1) THEN a*2 ELSE b*10 END,
       (SELECT count(*) FROM t1 AS x WHERE x.b<t1.b)
  FROM t1
 WHERE e+d BETWEEN a+b-10 AND c+130
 ORDER BY 1,2
----
1050
0
1290
3

query II rowsort x871
SELECT (SELECT count(*) FROM t1 AS x WHERE x.c>t1.c AND x.d<t1.d),
       c-d
  FROM t1
 WHERE (e>a AND e<b)
   AND EXISTS(SELECT 1 FROM t1 AS x WHERE x.b<t1.b)
----
0
-1
0
2
0
3

query II rowsort x871
SELECT (SELECT count(*) FROM t1 AS x WHERE x.c>t1.c AND x.d<t1.d),
       c-d
  FROM t1
 WHERE (e>a AND e<b)
   AND EXISTS(SELECT 1 FROM t1 AS x WHERE x.b<t1.b)
 ORDER BY 1,2
----
0
-1
0
2
0
3

query II rowsort x871
SELECT (SELECT count(*) FROM t1 AS x WHERE x.c>t1.c AND x.d<t1.d),
       c-d
  FROM t1
 WHERE EXISTS(SELECT 1 FROM t1 AS x WHERE x.b<t1.b)
   AND (e>a AND e<b)
----
0
-1
0
2
0
3

query II rowsort x871
SELECT (SELECT count(*) FROM t1 AS x WHERE x.c>t1.c AND x.d<t1.d),
       c-d
  FROM t1
 WHERE EXISTS(SELECT 1 FROM t1 AS x WHERE x.b<t1.b)
   AND (e>a AND e<b)
 ORDER BY 1,2
----
0
-1
0
2
0
3

query IIII rowsort x919
SELECT b,
       a+b*2+c*3+d*4+e*5,
       (SELECT count(*) FROM t1 AS x WHERE x.c>t1.c AND x.d<t1.d),
       CASE WHEN c>(SELECT avg(c) FROM t1) THEN a*2 ELSE b*10 END
  FROM t1
 WHERE a>b
   AND c>d
   AND (c<=d-2 OR c>=d+2)
----
186
2806
0
376
211
3175
0
426

query IIII rowsort x919
SELECT b,
       a+b*2+c*3+d*4+e*5,
       (SELECT count(*) FROM t1 AS x WHERE x.c>t1.c AND x.d<t1.d),
       CASE WHEN c>(SELECT avg(c) FROM t1) THEN a*2 ELSE b*10 END
  FROM t1
 WHERE a>b
   AND c>d
   AND (c<=d-2 OR c>=d+2)
 ORDER BY 3,4,2
----
186
2806
0
376
211
3175
0
426

query IIII rowsort x919
SELECT b,
       a+b*2+c*3+d*4+e*5,
       (SELECT count(*) FROM t1 AS x WHERE x.c>t1.c AND x.d<t1.d),
       CASE WHEN c>(SELECT avg(c) FROM t1) THEN a*2 ELSE b*10 END
  FROM t1
 WHERE a>b
   AND (c<=d-2 OR c>=d+2)
   AND c>d
----
186
2806
0
376
211
3175
0
426

query IIII rowsort x919
SELECT b,
       a+b*2+c*3+d*4+e*5,
       (SELECT count(*) FROM t1 AS x WHERE x.c>t1.c AND x.d<t1.d),
       CASE WHEN c>(SELECT avg(c) FROM t1) THEN a*2 ELSE b*10 END
  FROM t1
 WHERE a>b
   AND (c<=d-2 OR c>=d+2)
   AND c>d
 ORDER BY 2,4,3
----
186
2806
0
376
211
3175
0
426

query IIII rowsort x919
SELECT b,
       a+b*2+c*3+d*4+e*5,
       (SELECT count(*) FROM t1 AS x WHERE x.c>t1.c AND x.d<t1.d),
       CASE WHEN c>(SELECT avg(c) FROM t1) THEN a*2 ELSE b*10 END
  FROM t1
 WHERE (c<=d-2 OR c>=d+2)
   AND a>b
   AND c>d
----
186
2806
0
376
211
3175
0
426

query IIII rowsort x919
SELECT b,
       a+b*2+c*3+d*4+e*5,
       (SELECT count(*) FROM t1 AS x WHERE x.c>t1.c AND x.d<t1.d),
       CASE WHEN c>(SELECT avg(c) FROM t1) THEN a*2 ELSE b*10 END
  FROM t1
 WHERE (c<=d-2 OR c>=d+2)
   AND a>b
   AND c>d
 ORDER BY 4,2,1,3
----
186
2806
0
376
211
3175
0
426

query IIII rowsort x919
SELECT b,
       a+b*2+c*3+d*4+e*5,
       (SELECT count(*) FROM t1 AS x WHERE x.c>t1.c AND x.d<t1.d),
       CASE WHEN c>(SELECT avg(c) FROM t1) THEN a*2 ELSE b*10 END
  FROM t1
 WHERE c>d
   AND a>b
   AND (c<=d-2 OR c>=d+2)
----
186
2806
0
376
211
3175
0
426

query IIII rowsort x919
SELECT b,
       a+b*2+c*3+d*4+e*5,
       (SELECT count(*) FROM t1 AS x WHERE x.c>t1.c AND x.d<t1.d),
       CASE WHEN c>(SELECT avg(c) FROM t1) THEN a*2 ELSE b*10 END
  FROM t1
 WHERE c>d
   AND a>b
   AND (c<=d-2 OR c>=d+2)
 ORDER BY 1,4,3,2
----
186
2806
0
376
211
3175
0
426
