statement ok
CREATE TABLE t1(a INTEGER, b INTEGER, c INTEGER, d INTEGER, e INTEGER)

statement ok
INSERT INTO t1(e,c,b,d,a) VALUES(NULL,102,NULL,101,104)

statement ok
INSERT INTO t1(a,c,d,e,b) VALUES(107,106,108,109,105)

statement ok
INSERT INTO t1(e,d,b,a,c) VALUES(110,114,112,NULL,113)

statement ok
INSERT INTO t1(d,c,e,a,b) VALUES(116,119,117,115,NULL)

statement ok
INSERT INTO t1(c,d,b,e,a) VALUES(123,122,124,NULL,121)

statement ok
INSERT INTO t1(a,d,b,e,c) VALUES(127,128,129,126,125)

statement ok
INSERT INTO t1(e,c,a,d,b) VALUES(132,134,131,133,130)

statement ok
INSERT INTO t1(a,d,b,e,c) VALUES(138,136,139,135,137)

statement ok
INSERT INTO t1(e,c,d,a,b) VALUES(144,141,140,142,143)

statement ok
INSERT INTO t1(b,a,e,d,c) VALUES(145,149,146,NULL,147)

statement ok
INSERT INTO t1(b,c,a,d,e) VALUES(151,150,153,NULL,NULL)

statement ok
INSERT INTO t1(c,e,a,d,b) VALUES(155,157,159,NULL,158)

statement ok
INSERT INTO t1(c,b,a,d,e) VALUES(161,160,163,164,162)

statement ok
INSERT INTO t1(b,d,a,e,c) VALUES(167,NULL,168,165,166)

statement ok
INSERT INTO t1(d,b,c,e,a) VALUES(171,170,172,173,174)

statement ok
INSERT INTO t1(e,c,a,d,b) VALUES(177,176,179,NULL,175)

statement ok
INSERT INTO t1(b,e,a,d,c) VALUES(181,180,182,183,184)

statement ok
INSERT INTO t1(c,a,b,e,d) VALUES(187,188,186,189,185)

statement ok
INSERT INTO t1(d,b,c,e,a) VALUES(190,194,193,192,191)

statement ok
INSERT INTO t1(a,e,b,d,c) VALUES(199,197,198,196,195)

statement ok
INSERT INTO t1(b,c,d,a,e) VALUES(NULL,202,203,201,204)

statement ok
INSERT INTO t1(c,e,a,b,d) VALUES(208,NULL,NULL,206,207)

statement ok
INSERT INTO t1(c,e,a,d,b) VALUES(214,210,213,212,211)

statement ok
INSERT INTO t1(b,c,a,d,e) VALUES(218,215,216,217,219)

statement ok
INSERT INTO t1(b,e,d,a,c) VALUES(223,221,222,220,224)

statement ok
INSERT INTO t1(d,e,b,a,c) VALUES(226,227,228,229,225)

statement ok
INSERT INTO t1(a,c,b,e,d) VALUES(234,231,232,230,233)

statement ok
INSERT INTO t1(e,b,a,c,d) VALUES(237,236,239,NULL,238)

statement ok
INSERT INTO t1(e,c,b,a,d) VALUES(NULL,244,240,243,NULL)

statement ok
INSERT INTO t1(e,d,c,b,a) VALUES(246,248,247,249,245)

query IIIIII rowsort
SELECT b,
       a-b,
       a+b*2+c*3+d*4+e*5,
       a+b*2+c*3,
       c,
       c-d
  FROM t1
 WHERE e+d BETWEEN a+b-10 AND c+130
----
12 values hashing to 61f4eb32e9f9cee66661e5545d3b1c99

query IIIIII rowsort
SELECT abs(a),
       (a+b+c+d+e)/5,
       a+b*2,
       c,
       b,
       d
  FROM t1
 WHERE e+d BETWEEN a+b-10 AND c+130
   AND (c<=d-2 OR c>=d+2)
----
12 values hashing to a84ed43f5c663d693a9c3bea9318231a

query IIIIIII rowsort
SELECT e,
       d-e,
       a+b*2+c*3+d*4,
       c,
       d,
       a-b,
       abs(b-c)
  FROM t1
 WHERE e+d BETWEEN a+b-10 AND c+130
----
14 values hashing to 524440442f030d3deaeba575dcdfa474

query IIIII rowsort
SELECT b,
       d-e,
       (a+b+c+d+e)/5,
       d,
       a
  FROM t1
 WHERE e+d BETWEEN a+b-10 AND c+130
----
10 values hashing to de89b94580a889b31f615d74825bf75b

query IIII rowsort
SELECT c-d,
       b-c,
       CASE a+1 WHEN b THEN 111 WHEN c THEN 222
        WHEN d THEN 333  WHEN e THEN 444 ELSE 555 END,
       c
  FROM t1
 WHERE d NOT BETWEEN 110 AND 150
   AND (a>b-2 AND a<b+2)
   AND a>b
----
12 values hashing to 9d90bcb98a18bc4f2c6c648b57d9a0b5

query III rowsort
SELECT abs(b-c),
       b,
       e
  FROM t1
 WHERE (a>b-2 AND a<b+2)
----
24 values hashing to 0ca44be4b036928221c634402be5da44

query IIIIII rowsort
SELECT a+b*2+c*3+d*4,
       e,
       CASE a+1 WHEN b THEN 111 WHEN c THEN 222
        WHEN d THEN 333  WHEN e THEN 444 ELSE 555 END,
       a-b,
       c-d,
       abs(a)
  FROM t1
 WHERE e+d BETWEEN a+b-10 AND c+130
----
12 values hashing to 949a25aceb3132e83fa3405310372da7

query IIIII rowsort
SELECT d-e,
       abs(b-c),
       CASE WHEN c>(SELECT avg(c) FROM t1) THEN a*2 ELSE b*10 END,
       CASE a+1 WHEN b THEN 111 WHEN c THEN 222
        WHEN d THEN 333  WHEN e THEN 444 ELSE 555 END,
       abs(a)
  FROM t1
 WHERE (c<=d-2 OR c>=d+2)
   AND d NOT BETWEEN 110 AND 150
   AND d>e
----
20 values hashing to 3cde23794ae5812c647b191dce114ef9

query IIIII rowsort
SELECT b,
       CASE a+1 WHEN b THEN 111 WHEN c THEN 222
        WHEN d THEN 333  WHEN e THEN 444 ELSE 555 END,
       CASE WHEN c>(SELECT avg(c) FROM t1) THEN a*2 ELSE b*10 END,
       (a+b+c+d+e)/5,
       a+b*2+c*3
  FROM t1
 WHERE coalesce(a,b,c,d,e)<>0
   AND (e>a AND e<b)
----
15 values hashing to 0bae48d0d8201f75d405f24f2d341639

query IIII rowsort
SELECT d,
       a-b,
       b-c,
       c
  FROM t1
 WHERE c BETWEEN b-2 AND d+2
   AND a>b
----
32 values hashing to f82ab87aa91c92197efafacd537934bc

query II rowsort
SELECT abs(b-c),
       b-c
  FROM t1
 WHERE c BETWEEN b-2 AND d+2
   AND coalesce(a,b,c,d,e)<>0
   AND (e>c OR e<d)
----
26 values hashing to 6155648a9fcd972b0fc067d251cc8e28

query I rowsort
SELECT CASE WHEN a<b-3 THEN 111 WHEN a<=b THEN 222
        WHEN a<b+3 THEN 333 ELSE 444 END
  FROM t1
 WHERE (e>c OR e<d)
----
21 values hashing to 558d17aef1b84bc5cb6d000f08146d80

query II rowsort
SELECT d,
       CASE a+1 WHEN b THEN 111 WHEN c THEN 222
        WHEN d THEN 333  WHEN e THEN 444 ELSE 555 END
  FROM t1
 WHERE d>e
    OR e+d BETWEEN a+b-10 AND c+130
----
24 values hashing to 39f21bf43fd60cb6f414344a0ebf8c6e

query IIIIII rowsort
SELECT a+b*2+c*3+d*4+e*5,
       abs(a),
       a-b,
       a+b*2,
       b,
       c-d
  FROM t1
 WHERE a>b
   AND c BETWEEN b-2 AND d+2
----
48 values hashing to 94f74078907e78ef572fa0e510484e77

query IIIIII rowsort
SELECT abs(a),
       b,
       abs(b-c),
       a+b*2+c*3,
       CASE a+1 WHEN b THEN 111 WHEN c THEN 222
        WHEN d THEN 333  WHEN e THEN 444 ELSE 555 END,
       a+b*2
  FROM t1
 WHERE (a>b-2 AND a<b+2)
----
48 values hashing to a25fc4aa4ed799e5420dff54e7cf50b8

query IIIIII rowsort
SELECT a+b*2,
       abs(a),
       b,
       c,
       d,
       a+b*2+c*3
  FROM t1
 WHERE (c<=d-2 OR c>=d+2)
   AND c BETWEEN b-2 AND d+2
   AND b IS NOT NULL
----
36 values hashing to 94312feb4471e360fb2f52d49629c3c6

query IIIII rowsort
SELECT a,
       b-c,
       c-d,
       CASE WHEN a<b-3 THEN 111 WHEN a<=b THEN 222
        WHEN a<b+3 THEN 333 ELSE 444 END,
       e
  FROM t1
 WHERE d>e
   AND c BETWEEN b-2 AND d+2
   AND a>b
----
25 values hashing to 419cd8bb5dda32eae9bca394f90dde33

query IIII rowsort
SELECT e,
       a+b*2+c*3+d*4+e*5,
       d-e,
       CASE WHEN c>(SELECT avg(c) FROM t1) THEN a*2 ELSE b*10 END
  FROM t1
 WHERE b>c
   AND d NOT BETWEEN 110 AND 150
   AND coalesce(a,b,c,d,e)<>0
----
24 values hashing to 47e330569be3eb481186c0d6c28073c5

query IIIII rowsort
SELECT abs(b-c),
       c,
       CASE WHEN c>(SELECT avg(c) FROM t1) THEN a*2 ELSE b*10 END,
       e,
       b-c
  FROM t1
 WHERE (a>b-2 AND a<b+2)
   AND coalesce(a,b,c,d,e)<>0
----
40 values hashing to 37f20a64c7fb356dece2c07d46d1ab67

query IIIIII rowsort
SELECT CASE WHEN c>(SELECT avg(c) FROM t1) THEN a*2 ELSE b*10 END,
       e,
       c-d,
       b,
       CASE WHEN a<b-3 THEN 111 WHEN a<=b THEN 222
        WHEN a<b+3 THEN 333 ELSE 444 END,
       a-b
  FROM t1
 WHERE EXISTS(SELECT 1 FROM t1 AS x WHERE x.b<t1.b)
   AND d NOT BETWEEN 110 AND 150
   AND b>c
----
36 values hashing to 1dfab01a2a3cde1a0fb099a13ee8f260

query II rowsort
SELECT b,
       a-b
  FROM t1
 WHERE d NOT BETWEEN 110 AND 150
   AND a>b
   AND d>e
----
10 values hashing to 3c965ff7e782f60c038c785b61f762ec

query I rowsort
SELECT b
  FROM t1
 WHERE EXISTS(SELECT 1 FROM t1 AS x WHERE x.b<t1.b)
----
26 values hashing to 45166f9056e31d2a2c5a729b92a8069f

query I rowsort
SELECT e
  FROM t1
 WHERE (e>a AND e<b)
    OR (e>c OR e<d)
----
22 values hashing to bbd955f05cf2d985d96026cbe9fcbf95

query IIIII rowsort
SELECT a+b*2+c*3+d*4,
       a,
       abs(b-c),
       d-e,
       a+b*2
  FROM t1
 WHERE b IS NOT NULL
   AND a>b
   AND c BETWEEN b-2 AND d+2
----
40 values hashing to 367c01752379b26b48a5796d10d16ee8

query IIIII rowsort
SELECT (SELECT count(*) FROM t1 AS x WHERE x.b<t1.b),
       c,
       c-d,
       a+b*2+c*3,
       abs(b-c)
  FROM t1
 WHERE (e>a AND e<b)
----
15 values hashing to 53401db7d1bdba939ef5d0b1869fc87a

query IIIII rowsort
SELECT a-b,
       a+b*2+c*3+d*4+e*5,
       b,
       abs(a),
       a
  FROM t1
 WHERE b>c
   AND coalesce(a,b,c,d,e)<>0
   AND (e>a AND e<b)
----
10 values hashing to 4457dbfe4ab387a5f8f9b308280689f6

query III rowsort
SELECT CASE a+1 WHEN b THEN 111 WHEN c THEN 222
        WHEN d THEN 333  WHEN e THEN 444 ELSE 555 END,
       b-c,
       a+b*2
  FROM t1
 WHERE c BETWEEN b-2 AND d+2
   AND a>b
----
24 values hashing to 66a81d76eae1ab608302f07cd95c35e2

query II rowsort
SELECT CASE a+1 WHEN b THEN 111 WHEN c THEN 222
        WHEN d THEN 333  WHEN e THEN 444 ELSE 555 END,
       a
  FROM t1
 WHERE b>c
   AND a>b
   AND coalesce(a,b,c,d,e)<>0
----
12 values hashing to d8e53c3de9f066cbd7c55b75853ee395

query IIIIII rowsort
SELECT c-d,
       b-c,
       CASE WHEN a<b-3 THEN 111 WHEN a<=b THEN 222
        WHEN a<b+3 THEN 333 ELSE 444 END,
       c,
       a+b*2+c*3+d*4+e*5,
       CASE WHEN c>(SELECT avg(c) FROM t1) THEN a*2 ELSE b*10 END
  FROM t1
 WHERE c BETWEEN b-2 AND d+2
   AND (a>b-2 AND a<b+2)
   AND d>e
----
18 values hashing to 0863cee9de2d56270775813a3a17b7e5

query II rowsort
SELECT c-d,
       abs(a)
  FROM t1
 WHERE (c<=d-2 OR c>=d+2)
----
20 values hashing to aa007d94cb84743d77f13a517ac1c0a2

query IIIII rowsort
SELECT b-c,
       a+b*2+c*3+d*4,
       b,
       c-d,
       a+b*2+c*3
  FROM t1
 WHERE d>e
   AND c>d
   AND coalesce(a,b,c,d,e)<>0
----
25 values hashing to 299e3455af3896f73b4c030343e18557

query IIII rowsort
SELECT c-d,
       a+b*2+c*3+d*4+e*5,
       b,
       d
  FROM t1
 WHERE (c<=d-2 OR c>=d+2)
   AND b IS NOT NULL
----
36 values hashing to 06e77c39107ea08444e134ef0f89067a

query III rowsort
SELECT abs(b-c),
       CASE a+1 WHEN b THEN 111 WHEN c THEN 222
        WHEN d THEN 333  WHEN e THEN 444 ELSE 555 END,
       b
  FROM t1
 WHERE coalesce(a,b,c,d,e)<>0
   AND (e>c OR e<d)
   AND (a>b-2 AND a<b+2)
----
21 values hashing to 6e80f3e9a1c3da5eec90c6c2db4083c6

query IIIII rowsort
SELECT CASE WHEN a<b-3 THEN 111 WHEN a<=b THEN 222
        WHEN a<b+3 THEN 333 ELSE 444 END,
       b-c,
       a+b*2+c*3+d*4,
       d-e,
       a+b*2+c*3
  FROM t1
 WHERE a>b
   AND c BETWEEN b-2 AND d+2
----
40 values hashing to 514495abd297c1a057a65b95c2ad204c

query IIIIII rowsort
SELECT a-b,
       a,
       a+b*2+c*3,
       abs(a),
       CASE WHEN c>(SELECT avg(c) FROM t1) THEN a*2 ELSE b*10 END,
       b-c
  FROM t1
 WHERE b IS NOT NULL
   AND (e>c OR e<d)
   AND c>d
----
48 values hashing to 0e34bea3ef5254baecdfc598a768bad7

query IIIII rowsort
SELECT d-e,
       a,
       a+b*2+c*3+d*4+e*5,
       abs(a),
       b
  FROM t1
 WHERE (c<=d-2 OR c>=d+2)
   AND c>d
   AND d NOT BETWEEN 110 AND 150
----
20 values hashing to 02253cc820958e19bdcdc9135a965d7c

query IIIIII rowsort
SELECT a+b*2+c*3,
       a+b*2,
       e,
       c,
       abs(a),
       CASE WHEN a<b-3 THEN 111 WHEN a<=b THEN 222
        WHEN a<b+3 THEN 333 ELSE 444 END
  FROM t1
 WHERE (e>c OR e<d)
   AND c>d
----
48 values hashing to e123674e3f83b126ddc91ddfb4ec283e

query IIIII rowsort
SELECT CASE a+1 WHEN b THEN 111 WHEN c THEN 222
        WHEN d THEN 333  WHEN e THEN 444 ELSE 555 END,
       c,
       a+b*2+c*3,
       d,
       d-e
  FROM t1
 WHERE (e>a AND e<b)
----
15 values hashing to bc2ce01b3953de9946df4d58505c8398

query IIII rowsort
SELECT CASE WHEN a<b-3 THEN 111 WHEN a<=b THEN 222
        WHEN a<b+3 THEN 333 ELSE 444 END,
       CASE a+1 WHEN b THEN 111 WHEN c THEN 222
        WHEN d THEN 333  WHEN e THEN 444 ELSE 555 END,
       c,
       abs(a)
  FROM t1
 WHERE coalesce(a,b,c,d,e)<>0
   AND c>d
   AND (c<=d-2 OR c>=d+2)
----
20 values hashing to 8f4e8cad16d912e4afabac29308ba86b

query IIII rowsort
SELECT c-d,
       (SELECT count(*) FROM t1 AS x WHERE x.b<t1.b),
       a+b*2+c*3,
       b
  FROM t1
 WHERE (a>b-2 AND a<b+2)
   AND d>e
----
12 values hashing to 383eb65446347ea6e607173208759bd4

query III rowsort
SELECT CASE WHEN a<b-3 THEN 111 WHEN a<=b THEN 222
        WHEN a<b+3 THEN 333 ELSE 444 END,
       (SELECT count(*) FROM t1 AS x WHERE x.b<t1.b),
       CASE a+1 WHEN b THEN 111 WHEN c THEN 222
        WHEN d THEN 333  WHEN e THEN 444 ELSE 555 END
  FROM t1
 WHERE b>c
----
39 values hashing to 0a7270cbb622612fe7d21399b291ea34

query IIIII rowsort
SELECT (SELECT count(*) FROM t1 AS x WHERE x.b<t1.b),
       abs(b-c),
       c,
       b,
       a-b
  FROM t1
 WHERE (c<=d-2 OR c>=d+2)
   AND c BETWEEN b-2 AND d+2
   AND d>e
----
20 values hashing to f36747a922a64a45b6021838f71a7404

query IIIIII rowsort
SELECT d,
       c-d,
       CASE WHEN c>(SELECT avg(c) FROM t1) THEN a*2 ELSE b*10 END,
       a+b*2+c*3+d*4,
       (a+b+c+d+e)/5,
       (SELECT count(*) FROM t1 AS x WHERE x.b<t1.b)
  FROM t1
 WHERE c>d
   AND b IS NOT NULL
   AND a>b
----
30 values hashing to fdd011a2e0a18abb3227e4326df8ecdd

query IIIII rowsort
SELECT abs(b-c),
       c-d,
       d-e,
       e,
       (SELECT count(*) FROM t1 AS x WHERE x.b<t1.b)
  FROM t1
 WHERE (a>b-2 AND a<b+2)
   AND d>e
   AND b IS NOT NULL
----
15 values hashing to 7c787a6339d303da1db7c981873e544b

query IIII rowsort
SELECT a,
       a+b*2+c*3+d*4,
       c,
       (SELECT count(*) FROM t1 AS x WHERE x.b<t1.b)
  FROM t1
 WHERE a>b
   AND c>d
   AND b IS NOT NULL
----
20 values hashing to bd0a4f265ee4fa29a213395d83a0776d

query III rowsort
SELECT a-b,
       abs(b-c),
       (SELECT count(*) FROM t1 AS x WHERE x.b<t1.b)
  FROM t1
 WHERE (a>b-2 AND a<b+2)
----
24 values hashing to 06f69cfca8d245108f238d4c1bc772da

query IIIIIII rowsort
SELECT CASE a+1 WHEN b THEN 111 WHEN c THEN 222
        WHEN d THEN 333  WHEN e THEN 444 ELSE 555 END,
       b,
       a+b*2,
       abs(b-c),
       abs(a),
       b-c,
       d
  FROM t1
 WHERE c BETWEEN b-2 AND d+2
   AND (e>a AND e<b)
----
14 values hashing to ea291a160f11695640cfade2795f38fd

query III rowsort
SELECT b-c,
       a+b*2+c*3,
       CASE a+1 WHEN b THEN 111 WHEN c THEN 222
        WHEN d THEN 333  WHEN e THEN 444 ELSE 555 END
  FROM t1
 WHERE b>c
    OR e+d BETWEEN a+b-10 AND c+130
    OR (a>b-2 AND a<b+2)
----
48 values hashing to 6307101e8338aba164354bdb1282d73d

query I rowsort
SELECT CASE WHEN c>(SELECT avg(c) FROM t1) THEN a*2 ELSE b*10 END
  FROM t1
 WHERE (e>c OR e<d)
    OR b>c
    OR e+d BETWEEN a+b-10 AND c+130
----
25 values hashing to 152789c2cc255e73e1326c66cc7fb1e3

query IIII rowsort
SELECT CASE WHEN a<b-3 THEN 111 WHEN a<=b THEN 222
        WHEN a<b+3 THEN 333 ELSE 444 END,
       a,
       e,
       a+b*2+c*3
  FROM t1
 WHERE (a>b-2 AND a<b+2)
----
32 values hashing to e068612da5055a85525a6525c7174a3f

query I rowsort
SELECT d-e
  FROM t1
 WHERE e+d BETWEEN a+b-10 AND c+130
    OR (c<=d-2 OR c>=d+2)
----
10 values hashing to 6e82ac65b16043b22b77cce5a6b54b85

query II rowsort
SELECT a+b*2+c*3,
       (a+b+c+d+e)/5
  FROM t1
 WHERE (e>a AND e<b)
    OR e+d BETWEEN a+b-10 AND c+130
----
10 values hashing to fc410b7d336a3f78d1e43861edfaec84

query III rowsort
SELECT b-c,
       CASE WHEN c>(SELECT avg(c) FROM t1) THEN a*2 ELSE b*10 END,
       d-e
  FROM t1
 WHERE EXISTS(SELECT 1 FROM t1 AS x WHERE x.b<t1.b)
   AND c>d
   AND a>b
----
15 values hashing to 4ae979f02ba8355cc00e1b6009f7f07c

query I rowsort
SELECT CASE WHEN c>(SELECT avg(c) FROM t1) THEN a*2 ELSE b*10 END
  FROM t1
 WHERE a>b
   AND coalesce(a,b,c,d,e)<>0
----
17 values hashing to baeb6fdb5d575870fddf7d11fa9e02f3

query I rowsort
SELECT CASE WHEN a<b-3 THEN 111 WHEN a<=b THEN 222
        WHEN a<b+3 THEN 333 ELSE 444 END
  FROM t1
 WHERE (e>a AND e<b)
    OR c BETWEEN b-2 AND d+2
----
16 values hashing to 6245ac24acbce1345908146a2c06dd24

query II rowsort
SELECT b,
       a
  FROM t1
 WHERE (a>b-2 AND a<b+2)
----
16 values hashing to 468bd5a398285c1f8e2aa9340125c06b

query IIIII rowsort
SELECT d,
       abs(a),
       c,
       CASE WHEN c>(SELECT avg(c) FROM t1) THEN a*2 ELSE b*10 END,
       e
  FROM t1
 WHERE (c<=d-2 OR c>=d+2)
   AND a>b
   AND (e>c OR e<d)
----
25 values hashing to b86aacf967a3caef141c367a037d8b82

query IIIIIII rowsort
SELECT abs(a),
       b-c,
       CASE a+1 WHEN b THEN 111 WHEN c THEN 222
        WHEN d THEN 333  WHEN e THEN 444 ELSE 555 END,
       (a+b+c+d+e)/5,
       a-b,
       c,
       c-d
  FROM t1
 WHERE a>b
   AND (a>b-2 AND a<b+2)
   AND c>d
----
14 values hashing to 060c8961d4cff53963cd257a6eee9284

query III rowsort
SELECT c,
       b-c,
       a+b*2+c*3
  FROM t1
 WHERE b>c
   AND coalesce(a,b,c,d,e)<>0
----
39 values hashing to c01cb38d1477fb445451a60bccfb3148

query IIIIII rowsort
SELECT e,
       b-c,
       abs(b-c),
       abs(a),
       CASE WHEN c>(SELECT avg(c) FROM t1) THEN a*2 ELSE b*10 END,
       d
  FROM t1
 WHERE e+d BETWEEN a+b-10 AND c+130
    OR (e>a AND e<b)
----
30 values hashing to b79d26d49660927b80fca503f834f14f

query IIIIII rowsort
SELECT CASE WHEN a<b-3 THEN 111 WHEN a<=b THEN 222
        WHEN a<b+3 THEN 333 ELSE 444 END,
       c-d,
       e,
       abs(a),
       a+b*2+c*3,
       abs(b-c)
  FROM t1
 WHERE d NOT BETWEEN 110 AND 150
   AND (e>a AND e<b)
----
18 values hashing to 23bd2aa9005d7a79f92b46bfe852378d

query II rowsort
SELECT (a+b+c+d+e)/5,
       CASE WHEN c>(SELECT avg(c) FROM t1) THEN a*2 ELSE b*10 END
  FROM t1
 WHERE EXISTS(SELECT 1 FROM t1 AS x WHERE x.b<t1.b)
   AND d>e
   AND c>d
----
10 values hashing to 2832b4b5ac653f653d22d7f12a93cf9e

query I rowsort
SELECT CASE a+1 WHEN b THEN 111 WHEN c THEN 222
        WHEN d THEN 333  WHEN e THEN 444 ELSE 555 END
  FROM t1
 WHERE EXISTS(SELECT 1 FROM t1 AS x WHERE x.b<t1.b)
----
26 values hashing to 04805712f856ee99414b33bd106ed0c5

query III rowsort
SELECT a+b*2+c*3+d*4+e*5,
       a+b*2+c*3,
       d
  FROM t1
 WHERE b>c
   AND (c<=d-2 OR c>=d+2)
----
12 values hashing to e170e72ed3c6c65f197d2de7a3c22834

query II rowsort
SELECT a,
       CASE WHEN c>(SELECT avg(c) FROM t1) THEN a*2 ELSE b*10 END
  FROM t1
 WHERE (e>c OR e<d)
   AND (a>b-2 AND a<b+2)
----
14 values hashing to 42b7e1c03bf06145255a8f16dad4070e

query III rowsort
SELECT c-d,
       d,
       CASE WHEN c>(SELECT avg(c) FROM t1) THEN a*2 ELSE b*10 END
  FROM t1
 WHERE (a>b-2 AND a<b+2)
   AND d NOT BETWEEN 110 AND 150
----
9 values hashing to 8426b640ba20050345c3bd7757382d40

query I rowsort
SELECT a+b*2
  FROM t1
 WHERE (e>a AND e<b)
    OR (a>b-2 AND a<b+2)
----
11 values hashing to 9b90765be9d258ed2e6f4bafe855f8c8

query I rowsort
SELECT d
  FROM t1
 WHERE d NOT BETWEEN 110 AND 150
----
17 values hashing to 6753fb8eb6def51fd8dded76e76af57a

query I rowsort
SELECT d
  FROM t1
 WHERE c BETWEEN b-2 AND d+2
    OR c>d
----
18 values hashing to 10a54676f8fc9c6839ddbb6078163c29

query IIIII rowsort
SELECT d-e,
       c-d,
       a+b*2+c*3+d*4+e*5,
       a+b*2+c*3+d*4,
       a
  FROM t1
 WHERE e+d BETWEEN a+b-10 AND c+130
----
10 values hashing to 0f2bcf5dd0b4e7c0d86e4dea51b3669d

query IIII rowsort
SELECT b-c,
       a+b*2,
       d,
       abs(b-c)
  FROM t1
 WHERE EXISTS(SELECT 1 FROM t1 AS x WHERE x.b<t1.b)
   AND b>c
   AND (c<=d-2 OR c>=d+2)
----
16 values hashing to 955f14c539e3692f1b86ab3a24683a19

query IIIII rowsort
SELECT d-e,
       a,
       b-c,
       e,
       d
  FROM t1
 WHERE e+d BETWEEN a+b-10 AND c+130
----
10 values hashing to 2937bb482629986f024c94114abb48d4

query I rowsort
SELECT CASE a+1 WHEN b THEN 111 WHEN c THEN 222
        WHEN d THEN 333  WHEN e THEN 444 ELSE 555 END
  FROM t1
 WHERE b>c
----
13 values hashing to 26ce2a46fa9ea4ff61793fcfe9ac0168

query I rowsort
SELECT CASE a+1 WHEN b THEN 111 WHEN c THEN 222
        WHEN d THEN 333  WHEN e THEN 444 ELSE 555 END
  FROM t1
----
30 values hashing to 0075716954dbc259c5e8ac65568a6fa7

query IIII rowsort
SELECT a+b*2,
       d,
       abs(b-c),
       e
  FROM t1
 WHERE (c<=d-2 OR c>=d+2)
   AND d>e
----
20 values hashing to 43c185bc3c298eb1f985ac13c0bafe63

query I rowsort
SELECT c-d
  FROM t1
 WHERE c>d
----
13 values hashing to 4f440d60ba96ec329ca81db364624811

query IIIIII rowsort
SELECT a+b*2,
       d-e,
       a-b,
       abs(a),
       (a+b+c+d+e)/5,
       c
  FROM t1
 WHERE (c<=d-2 OR c>=d+2)
   AND c BETWEEN b-2 AND d+2
   AND coalesce(a,b,c,d,e)<>0
----
36 values hashing to d2d3b4e04efb177f21490dcb8d52ada5

query I rowsort
SELECT CASE a+1 WHEN b THEN 111 WHEN c THEN 222
        WHEN d THEN 333  WHEN e THEN 444 ELSE 555 END
  FROM t1
 WHERE (e>c OR e<d)
----
21 values hashing to 784d5bd4f8864db01ca28799e5ce3a3e

query I rowsort
SELECT CASE WHEN a<b-3 THEN 111 WHEN a<=b THEN 222
        WHEN a<b+3 THEN 333 ELSE 444 END
  FROM t1
 WHERE (a>b-2 AND a<b+2)
    OR (e>a AND e<b)
----
11 values hashing to 8272d1dcfc3f235e9ce05b0d0be2cf0e

query IIIIIII rowsort
SELECT abs(b-c),
       CASE WHEN a<b-3 THEN 111 WHEN a<=b THEN 222
        WHEN a<b+3 THEN 333 ELSE 444 END,
       b,
       d,
       e,
       c,
       (a+b+c+d+e)/5
  FROM t1
 WHERE d>e
   AND (c<=d-2 OR c>=d+2)
   AND a>b
----
21 values hashing to ddf3c7563b358cce0af4f01125706ce0

query IIII rowsort
SELECT d,
       b-c,
       abs(b-c),
       b
  FROM t1
 WHERE c BETWEEN b-2 AND d+2
----
60 values hashing to 1d4f85009c12a1a99a445c4d2f49a07e

query I rowsort
SELECT CASE WHEN a<b-3 THEN 111 WHEN a<=b THEN 222
        WHEN a<b+3 THEN 333 ELSE 444 END
  FROM t1
----
30 values hashing to 62634e04a17da0e006feac1d867155ac

query III rowsort
SELECT abs(a),
       a+b*2+c*3,
       c-d
  FROM t1
 WHERE (c<=d-2 OR c>=d+2)
   AND b IS NOT NULL
   AND c>d
----
12 values hashing to d1f97e065d3318f1c905ff5f404c259e

query I rowsort
SELECT CASE WHEN a<b-3 THEN 111 WHEN a<=b THEN 222
        WHEN a<b+3 THEN 333 ELSE 444 END
  FROM t1
 WHERE d NOT BETWEEN 110 AND 150
----
17 values hashing to a4c7d8a991efd76cb5f546dad4050ef2

query I rowsort
SELECT CASE a+1 WHEN b THEN 111 WHEN c THEN 222
        WHEN d THEN 333  WHEN e THEN 444 ELSE 555 END
  FROM t1
 WHERE d NOT BETWEEN 110 AND 150
----
17 values hashing to d495cc96671b8b56d893ab44a8baf564

query I rowsort
SELECT CASE a+1 WHEN b THEN 111 WHEN c THEN 222
        WHEN d THEN 333  WHEN e THEN 444 ELSE 555 END
  FROM t1
 WHERE c BETWEEN b-2 AND d+2
----
15 values hashing to a879d0436172411bd1ff79ad23bcf6c5

query IIIII rowsort
SELECT a+b*2+c*3+d*4,
       d-e,
       c-d,
       abs(a),
       CASE WHEN c>(SELECT avg(c) FROM t1) THEN a*2 ELSE b*10 END
  FROM t1
 WHERE EXISTS(SELECT 1 FROM t1 AS x WHERE x.b<t1.b)
   AND (c<=d-2 OR c>=d+2)
----
40 values hashing to 0a56263b4e542487aed6eda155f85f2a

query I rowsort
SELECT b
  FROM t1
 WHERE c BETWEEN b-2 AND d+2
   AND d>e
   AND EXISTS(SELECT 1 FROM t1 AS x WHERE x.b<t1.b)
----
9 values hashing to af18a98364ca4a37adc4ca16602c22da

query II rowsort
SELECT (a+b+c+d+e)/5,
       c-d
  FROM t1
 WHERE (c<=d-2 OR c>=d+2)
   AND d NOT BETWEEN 110 AND 150
----
16 values hashing to 2c838c66b1922cc5ef8d87bbd634c2e1

query III rowsort
SELECT d,
       CASE WHEN c>(SELECT avg(c) FROM t1) THEN a*2 ELSE b*10 END,
       abs(b-c)
  FROM t1
 WHERE b>c
   AND d>e
   AND coalesce(a,b,c,d,e)<>0
----
12 values hashing to 09562012bae47f170d9275f0d6912571

