statement ok
CREATE TABLE t1(a INTEGER, b INTEGER, c INTEGER, d INTEGER, e INTEGER)

statement ok
INSERT INTO t1(e,c,b,d,a) VALUES(103,102,100,101,104)

statement ok
INSERT INTO t1(a,c,d,e,b) VALUES(107,106,108,109,105)

statement ok
INSERT INTO t1(e,d,b,a,c) VALUES(110,114,112,111,113)

statement ok
INSERT INTO t1(d,c,e,a,b) VALUES(116,119,117,115,118)

statement ok
INSERT INTO t1(c,d,b,e,a) VALUES(123,122,124,120,121)

statement ok
INSERT INTO t1(a,d,b,e,c) VALUES(127,128,129,126,125)

statement ok
INSERT INTO t1(e,c,a,d,b) VALUES(132,134,131,133,130)

statement ok
INSERT INTO t1(a,d,b,e,c) VALUES(138,136,139,135,137)

statement ok
INSERT INTO t1(e,c,d,a,b) VALUES(144,141,140,142,143)

statement ok
INSERT INTO t1(b,a,e,d,c) VALUES(145,149,146,148,147)

statement ok
INSERT INTO t1(b,c,a,d,e) VALUES(151,150,153,154,152)

statement ok
INSERT INTO t1(c,e,a,d,b) VALUES(155,157,159,156,158)

statement ok
INSERT INTO t1(c,b,a,d,e) VALUES(161,160,163,164,162)

statement ok
INSERT INTO t1(b,d,a,e,c) VALUES(167,169,168,165,166)

statement ok
INSERT INTO t1(d,b,c,e,a) VALUES(171,170,172,173,174)

statement ok
INSERT INTO t1(e,c,a,d,b) VALUES(177,176,179,178,175)

statement ok
INSERT INTO t1(b,e,a,d,c) VALUES(181,180,182,183,184)

statement ok
INSERT INTO t1(c,a,b,e,d) VALUES(187,188,186,189,185)

statement ok
INSERT INTO t1(d,b,c,e,a) VALUES(190,194,193,192,191)

statement ok
INSERT INTO t1(a,e,b,d,c) VALUES(199,197,198,196,195)

statement ok
INSERT INTO t1(b,c,d,a,e) VALUES(200,202,203,201,204)

statement ok
INSERT INTO t1(c,e,a,b,d) VALUES(208,209,205,206,207)

statement ok
INSERT INTO t1(c,e,a,d,b) VALUES(214,210,213,212,211)

statement ok
INSERT INTO t1(b,c,a,d,e) VALUES(218,215,216,217,219)

statement ok
INSERT INTO t1(b,e,d,a,c) VALUES(223,221,222,220,224)

statement ok
INSERT INTO t1(d,e,b,a,c) VALUES(226,227,228,229,225)

statement ok
INSERT INTO t1(a,c,b,e,d) VALUES(234,231,232,230,233)

statement ok
INSERT INTO t1(e,b,a,c,d) VALUES(237,236,239,235,238)

statement ok
INSERT INTO t1(e,c,b,a,d) VALUES(242,244,240,243,241)

statement ok
INSERT INTO t1(e,d,c,b,a) VALUES(246,248,247,249,245)

query I nosort
SELECT CASE WHEN c>(SELECT avg(c) FROM t1) THEN a*2 ELSE b*10 END
  FROM t1
 ORDER BY 1
----
30 values hashing to 3c13dee48d9356ae19af2515e05e6b54

query IIIIIII nosort
SELECT a+b*2+c*3,
       abs(b-c),
       CASE a+1 WHEN b THEN 111 WHEN c THEN 222
        WHEN d THEN 333  WHEN e THEN 444 ELSE 555 END,
       a,
       a+b*2+c*3+d*4,
       a+b*2,
       (SELECT count(*) FROM t1 AS x WHERE x.b<t1.b)
  FROM t1
 WHERE (a>b-2 AND a<b+2)
   AND c BETWEEN b-2 AND d+2
 ORDER BY 6,1,7,3,4,5,2
----
56 values hashing to 41c19a8a94cbb13f6a1672a654f9ef40

query IIIIII nosort
SELECT (a+b+c+d+e)/5,
       a+b*2,
       c-d,
       a,
       e,
       (SELECT count(*) FROM t1 AS x WHERE x.b<t1.b)
  FROM t1
 WHERE b>c
 ORDER BY 2,6,5,4,3,1
----
84 values hashing to 5e2c89b85bc66b196ff3083128f5a494

query IIIII nosort
SELECT c,
       (SELECT count(*) FROM t1 AS x WHERE x.b<t1.b),
       (a+b+c+d+e)/5,
       a+b*2+c*3+d*4,
       a+b*2+c*3
  FROM t1
 WHERE d>e
   AND EXISTS(SELECT 1 FROM t1 AS x WHERE x.b<t1.b)
   AND c BETWEEN b-2 AND d+2
 ORDER BY 4,5,3,1,2
----
75 values hashing to 9e486b13339a5038bd257b9ad9e10e59

query IIIIIII nosort
SELECT e,
       (a+b+c+d+e)/5,
       a+b*2,
       a,
       CASE a+1 WHEN b THEN 111 WHEN c THEN 222
        WHEN d THEN 333  WHEN e THEN 444 ELSE 555 END,
       abs(b-c),
       (SELECT count(*) FROM t1 AS x WHERE x.b<t1.b)
  FROM t1
 WHERE (a>b-2 AND a<b+2)
 ORDER BY 6,7,3,4,5,2,1
----
77 values hashing to 6d81bf51d35f0068319f1cfe4f925630

query III nosort
SELECT (SELECT count(*) FROM t1 AS x WHERE x.b<t1.b),
       CASE WHEN c>(SELECT avg(c) FROM t1) THEN a*2 ELSE b*10 END,
       c
  FROM t1
 WHERE EXISTS(SELECT 1 FROM t1 AS x WHERE x.b<t1.b)
   AND (c<=d-2 OR c>=d+2)
 ORDER BY 2,3,1
----
45 values hashing to f0eaad06d4e85740bf5623d60f120f17

query IIIII nosort
SELECT (SELECT count(*) FROM t1 AS x WHERE x.b<t1.b),
       b-c,
       CASE WHEN c>(SELECT avg(c) FROM t1) THEN a*2 ELSE b*10 END,
       abs(b-c),
       CASE a+1 WHEN b THEN 111 WHEN c THEN 222
        WHEN d THEN 333  WHEN e THEN 444 ELSE 555 END
  FROM t1
 WHERE d>e
    OR EXISTS(SELECT 1 FROM t1 AS x WHERE x.b<t1.b)
 ORDER BY 1,3,2,5,4
----
145 values hashing to 8e4ad0f9d069ab8e76d695d74888fe89

query IIIIII nosort
SELECT e,
       CASE WHEN c>(SELECT avg(c) FROM t1) THEN a*2 ELSE b*10 END,
       b,
       a+b*2+c*3+d*4+e*5,
       (SELECT count(*) FROM t1 AS x WHERE x.b<t1.b),
       a
  FROM t1
 WHERE d NOT BETWEEN 110 AND 150
   AND (c<=d-2 OR c>=d+2)
 ORDER BY 4,2,1,6,5,3
----
78 values hashing to e662492b4b865e6d9fd38fb95f92da0a

query I nosort
SELECT (SELECT count(*) FROM t1 AS x WHERE x.b<t1.b)
  FROM t1
 WHERE (a>b-2 AND a<b+2)
   AND (e>c OR e<d)
 ORDER BY 1
----
11 values hashing to 7cff5fb0ba5055909312c4b824f401ab

query IIIII nosort
SELECT CASE WHEN a<b-3 THEN 111 WHEN a<=b THEN 222
        WHEN a<b+3 THEN 333 ELSE 444 END,
       a+b*2+c*3+d*4+e*5,
       (SELECT count(*) FROM t1 AS x WHERE x.b<t1.b),
       a+b*2+c*3+d*4,
       a+b*2
  FROM t1
 WHERE d>e
 ORDER BY 3,4,1,2,5
----
80 values hashing to dda48f2f14d6eef074c866167931274f

query IIIII nosort
SELECT abs(b-c),
       a+b*2+c*3+d*4+e*5,
       d-e,
       (SELECT count(*) FROM t1 AS x WHERE x.b<t1.b),
       c-d
  FROM t1
 WHERE (a>b-2 AND a<b+2)
    OR EXISTS(SELECT 1 FROM t1 AS x WHERE x.b<t1.b)
 ORDER BY 3,4,5,1,2
----
145 values hashing to b8a4950564e773b97d38a41c172ef1f7

query IIII nosort
SELECT a+b*2+c*3+d*4,
       (SELECT count(*) FROM t1 AS x WHERE x.b<t1.b),
       c-d,
       a+b*2
  FROM t1
 WHERE EXISTS(SELECT 1 FROM t1 AS x WHERE x.b<t1.b)
   AND b>c
 ORDER BY 2,4,3,1
----
56 values hashing to 5f4a5fcffe6f102f57b56bf2e339dd89

query IIIIIII nosort
SELECT a+b*2+c*3+d*4,
       c,
       CASE WHEN a<b-3 THEN 111 WHEN a<=b THEN 222
        WHEN a<b+3 THEN 333 ELSE 444 END,
       (SELECT count(*) FROM t1 AS x WHERE x.b<t1.b),
       a+b*2+c*3,
       a+b*2,
       d-e
  FROM t1
 WHERE EXISTS(SELECT 1 FROM t1 AS x WHERE x.b<t1.b)
 ORDER BY 1,3,7,2,5,6,4
----
203 values hashing to 9cc51c802e6d11db1eb947a0431c0898

query IIIIIII nosort
SELECT abs(a),
       CASE WHEN a<b-3 THEN 111 WHEN a<=b THEN 222
        WHEN a<b+3 THEN 333 ELSE 444 END,
       a+b*2,
       (SELECT count(*) FROM t1 AS x WHERE x.b<t1.b),
       a-b,
       d,
       a
  FROM t1
 WHERE c BETWEEN b-2 AND d+2
   AND (c<=d-2 OR c>=d+2)
 ORDER BY 6,2,4,3,1,7,5
----
70 values hashing to e83d593c583f1a0cfb445b1c4ab673b7

query IIIIIII nosort
SELECT b-c,
       CASE WHEN c>(SELECT avg(c) FROM t1) THEN a*2 ELSE b*10 END,
       (SELECT count(*) FROM t1 AS x WHERE x.b<t1.b),
       a+b*2,
       b,
       abs(b-c),
       c-d
  FROM t1
 WHERE c BETWEEN b-2 AND d+2
   AND d>e
   AND (a>b-2 AND a<b+2)
 ORDER BY 3,5,6,7,2,1,4
----
35 values hashing to af0cf854a2303f03902c08706147e8d9

query IIIIII nosort
SELECT a+b*2+c*3,
       a+b*2+c*3+d*4+e*5,
       abs(b-c),
       CASE WHEN a<b-3 THEN 111 WHEN a<=b THEN 222
        WHEN a<b+3 THEN 333 ELSE 444 END,
       a+b*2,
       (SELECT count(*) FROM t1 AS x WHERE x.b<t1.b)
  FROM t1
 WHERE EXISTS(SELECT 1 FROM t1 AS x WHERE x.b<t1.b)
 ORDER BY 3,2,1,6,4,5
----
174 values hashing to a414c5a3ec57033e4ca2e3c9988f6f81

query IIIII nosort
SELECT c-d,
       (a+b+c+d+e)/5,
       (SELECT count(*) FROM t1 AS x WHERE x.b<t1.b),
       d,
       b-c
  FROM t1
 WHERE c>d
   AND EXISTS(SELECT 1 FROM t1 AS x WHERE x.b<t1.b)
   AND a>b
 ORDER BY 2,4,3,5,1
----
30 values hashing to 70df2aeb36f371ec975106f8a74d10ee

query IIIII nosort
SELECT (a+b+c+d+e)/5,
       b,
       (SELECT count(*) FROM t1 AS x WHERE x.b<t1.b),
       a+b*2+c*3+d*4+e*5,
       b-c
  FROM t1
 WHERE (c<=d-2 OR c>=d+2)
   AND c BETWEEN b-2 AND d+2
 ORDER BY 3,4,5,1,2
----
50 values hashing to 6d77d0e395c0c3bb7ebe48a114a7a9a5

query IIII nosort
SELECT CASE a+1 WHEN b THEN 111 WHEN c THEN 222
        WHEN d THEN 333  WHEN e THEN 444 ELSE 555 END,
       e,
       (SELECT count(*) FROM t1 AS x WHERE x.b<t1.b),
       abs(b-c)
  FROM t1
 WHERE (c<=d-2 OR c>=d+2)
    OR (a>b-2 AND a<b+2)
 ORDER BY 4,3,2,1
----
100 values hashing to 75b6e86f949d9a728fe5a891632d62a6

query III nosort
SELECT abs(a),
       (SELECT count(*) FROM t1 AS x WHERE x.b<t1.b),
       CASE WHEN a<b-3 THEN 111 WHEN a<=b THEN 222
        WHEN a<b+3 THEN 333 ELSE 444 END
  FROM t1
 WHERE (c<=d-2 OR c>=d+2)
 ORDER BY 3,1,2
----
45 values hashing to 9bbac471733a3ae401dbe561ea2c5055

query III nosort
SELECT CASE WHEN a<b-3 THEN 111 WHEN a<=b THEN 222
        WHEN a<b+3 THEN 333 ELSE 444 END,
       (a+b+c+d+e)/5,
       (SELECT count(*) FROM t1 AS x WHERE x.b<t1.b)
  FROM t1
 WHERE (c<=d-2 OR c>=d+2)
    OR b>c
    OR d>e
 ORDER BY 3,2,1
----
78 values hashing to bbceeaaca7afd780d5aa5173c0f3df16

query IIIIII nosort
SELECT a+b*2+c*3+d*4+e*5,
       a+b*2,
       a+b*2+c*3+d*4,
       CASE a+1 WHEN b THEN 111 WHEN c THEN 222
        WHEN d THEN 333  WHEN e THEN 444 ELSE 555 END,
       abs(b-c),
       (SELECT count(*) FROM t1 AS x WHERE x.b<t1.b)
  FROM t1
 WHERE (a>b-2 AND a<b+2)
    OR b>c
    OR (e>a AND e<b)
 ORDER BY 6,5,4,2,1,3
----
126 values hashing to 4161a7ee8a4386f6d3b97abc196c2dc3

query III nosort
SELECT b,
       (SELECT count(*) FROM t1 AS x WHERE x.b<t1.b),
       (a+b+c+d+e)/5
  FROM t1
 WHERE d>e
    OR (a>b-2 AND a<b+2)
    OR EXISTS(SELECT 1 FROM t1 AS x WHERE x.b<t1.b)
 ORDER BY 2,1,3
----
87 values hashing to 158ce2b3d64a46f7d519bc187ec472b1

query IIIII nosort
SELECT a+b*2,
       abs(a),
       d,
       (SELECT count(*) FROM t1 AS x WHERE x.b<t1.b),
       b-c
  FROM t1
 WHERE b>c
 ORDER BY 5,1,3,2,4
----
70 values hashing to 5b3117153cd6e1dc100280e8fa82eb28

query IIIIIII nosort
SELECT CASE a+1 WHEN b THEN 111 WHEN c THEN 222
        WHEN d THEN 333  WHEN e THEN 444 ELSE 555 END,
       a,
       a+b*2,
       c,
       a-b,
       (SELECT count(*) FROM t1 AS x WHERE x.b<t1.b),
       CASE WHEN a<b-3 THEN 111 WHEN a<=b THEN 222
        WHEN a<b+3 THEN 333 ELSE 444 END
  FROM t1
 WHERE EXISTS(SELECT 1 FROM t1 AS x WHERE x.b<t1.b)
   AND b>c
 ORDER BY 6,1,5,7,4,3,2
----
98 values hashing to 73fcbe214cbf5ab7cc9bcf09d8b85acf

query IIIIII nosort
SELECT abs(a),
       CASE WHEN a<b-3 THEN 111 WHEN a<=b THEN 222
        WHEN a<b+3 THEN 333 ELSE 444 END,
       d,
       (SELECT count(*) FROM t1 AS x WHERE x.b<t1.b),
       b,
       a+b*2+c*3+d*4
  FROM t1
 WHERE d>e
    OR b>c
    OR (a>b-2 AND a<b+2)
 ORDER BY 1,5,6,4,2,3
----
144 values hashing to e3990bba8316035d78dfbcd37a2d37d3

query IIIII nosort
SELECT c,
       (a+b+c+d+e)/5,
       a-b,
       CASE a+1 WHEN b THEN 111 WHEN c THEN 222
        WHEN d THEN 333  WHEN e THEN 444 ELSE 555 END,
       (SELECT count(*) FROM t1 AS x WHERE x.b<t1.b)
  FROM t1
 WHERE b>c
   AND (a>b-2 AND a<b+2)
   AND d NOT BETWEEN 110 AND 150
 ORDER BY 1,3,4,2,5
----
20 values hashing to 9964756282ad7457273037379c9aa122

query IIIIIII nosort
SELECT e,
       (SELECT count(*) FROM t1 AS x WHERE x.b<t1.b),
       CASE WHEN a<b-3 THEN 111 WHEN a<=b THEN 222
        WHEN a<b+3 THEN 333 ELSE 444 END,
       c,
       abs(a),
       d,
       d-e
  FROM t1
 WHERE b>c
   AND d>e
 ORDER BY 1,6,2,4,3,7,5
----
56 values hashing to 8f75e59b84b486d20c41620c1756b110

query IIIII nosort
SELECT b-c,
       c,
       CASE WHEN c>(SELECT avg(c) FROM t1) THEN a*2 ELSE b*10 END,
       a+b*2,
       (SELECT count(*) FROM t1 AS x WHERE x.b<t1.b)
  FROM t1
 WHERE EXISTS(SELECT 1 FROM t1 AS x WHERE x.b<t1.b)
   AND (c<=d-2 OR c>=d+2)
   AND (e>c OR e<d)
 ORDER BY 3,4,2,1,5
----
60 values hashing to 19758056af97d83f5f52767382901cec

query IIII nosort
SELECT a+b*2+c*3+d*4,
       (SELECT count(*) FROM t1 AS x WHERE x.b<t1.b),
       CASE a+1 WHEN b THEN 111 WHEN c THEN 222
        WHEN d THEN 333  WHEN e THEN 444 ELSE 555 END,
       a+b*2
  FROM t1
 WHERE b>c
    OR EXISTS(SELECT 1 FROM t1 AS x WHERE x.b<t1.b)
 ORDER BY 2,3,1,4
----
116 values hashing to 4aba029d043e5101b15151e670342702

query IIIIII nosort
SELECT (SELECT count(*) FROM t1 AS x WHERE x.b<t1.b),
       d-e,
       CASE WHEN c>(SELECT avg(c) FROM t1) THEN a*2 ELSE b*10 END,
       b-c,
       c,
       a+b*2+c*3+d*4+e*5
  FROM t1
 WHERE EXISTS(SELECT 1 FROM t1 AS x WHERE x.b<t1.b)
 ORDER BY 2,5,6,3,1,4
----
174 values hashing to bd1cf8c2ce872c289ac27e250ab8c77e

query IIIII nosort
SELECT b-c,
       a+b*2+c*3+d*4+e*5,
       CASE WHEN c>(SELECT avg(c) FROM t1) THEN a*2 ELSE b*10 END,
       d,
       (SELECT count(*) FROM t1 AS x WHERE x.b<t1.b)
  FROM t1
 WHERE b>c
 ORDER BY 5,4,3,1,2
----
70 values hashing to 2fc87ee25975a40d8f08b0d9bf0d3d90

query IIIII nosort
SELECT CASE WHEN c>(SELECT avg(c) FROM t1) THEN a*2 ELSE b*10 END,
       a+b*2+c*3+d*4+e*5,
       abs(a),
       (SELECT count(*) FROM t1 AS x WHERE x.b<t1.b),
       a+b*2+c*3
  FROM t1
 WHERE (c<=d-2 OR c>=d+2)
 ORDER BY 5,3,1,2,4
----
75 values hashing to 810738d2ed0af0a3f1387238b5a684c0

query IIII nosort
SELECT (SELECT count(*) FROM t1 AS x WHERE x.b<t1.b),
       a+b*2+c*3+d*4+e*5,
       abs(b-c),
       d
  FROM t1
 WHERE (c<=d-2 OR c>=d+2)
 ORDER BY 4,3,2,1
----
60 values hashing to e3257bfeb0e05898a093d9dd74a5c6f2

query IIIII nosort
SELECT c-d,
       a+b*2+c*3+d*4+e*5,
       abs(b-c),
       d-e,
       (SELECT count(*) FROM t1 AS x WHERE x.b<t1.b)
  FROM t1
 WHERE c BETWEEN b-2 AND d+2
   AND (a>b-2 AND a<b+2)
   AND (e>c OR e<d)
 ORDER BY 4,1,3,2,5
----
40 values hashing to af112915702fba60916e6620c26c935a

query IIIIII nosort
SELECT a+b*2,
       e,
       (SELECT count(*) FROM t1 AS x WHERE x.b<t1.b),
       a-b,
       b-c,
       CASE a+1 WHEN b THEN 111 WHEN c THEN 222
        WHEN d THEN 333  WHEN e THEN 444 ELSE 555 END
  FROM t1
 WHERE (c<=d-2 OR c>=d+2)
   AND d NOT BETWEEN 110 AND 150
   AND c>d
 ORDER BY 3,4,6,5,1,2
----
30 values hashing to 05c651750e0c527bc2e97d4ddbe13bf0

query IIII nosort
SELECT b-c,
       c,
       (SELECT count(*) FROM t1 AS x WHERE x.b<t1.b),
       (a+b+c+d+e)/5
  FROM t1
 WHERE (c<=d-2 OR c>=d+2)
    OR (a>b-2 AND a<b+2)
    OR d>e
 ORDER BY 1,3,2,4
----
112 values hashing to 6c6d4d118f8a7982bfb86d67579436e7

query IIII nosort
SELECT a+b*2,
       (SELECT count(*) FROM t1 AS x WHERE x.b<t1.b),
       (a+b+c+d+e)/5,
       CASE WHEN c>(SELECT avg(c) FROM t1) THEN a*2 ELSE b*10 END
  FROM t1
 WHERE (a>b-2 AND a<b+2)
    OR b>c
 ORDER BY 3,1,2,4
----
76 values hashing to ea6edb85e6478b917bdf5a7a0901f86b

query II nosort
SELECT a+b*2+c*3+d*4+e*5,
       (a+b+c+d+e)/5
  FROM t1
 ORDER BY 1,2
----
60 values hashing to 808146289313018fce25f1a280bd8c30

query IIIII nosort
SELECT a+b*2+c*3+d*4+e*5,
       CASE WHEN a<b-3 THEN 111 WHEN a<=b THEN 222
        WHEN a<b+3 THEN 333 ELSE 444 END,
       abs(b-c),
       (a+b+c+d+e)/5,
       a+b*2+c*3
  FROM t1
 WHERE (e>c OR e<d)
   AND d>e
   AND EXISTS(SELECT 1 FROM t1 AS x WHERE x.b<t1.b)
 ORDER BY 4,2,1,3,5
----
80 values hashing to f588aa173060543daffc54d07638516f

query IIIII nosort
SELECT c,
       d-e,
       CASE a+1 WHEN b THEN 111 WHEN c THEN 222
        WHEN d THEN 333  WHEN e THEN 444 ELSE 555 END,
       a+b*2+c*3+d*4,
       e
  FROM t1
 WHERE d NOT BETWEEN 110 AND 150
    OR c BETWEEN b-2 AND d+2
    OR (e>c OR e<d)
 ORDER BY 1,5,3,2,4
----
145 values hashing to 1e4da6adbf79506920a0b1e379d830d8

query IIIIII nosort
SELECT a+b*2+c*3+d*4,
       (a+b+c+d+e)/5,
       abs(a),
       e,
       CASE a+1 WHEN b THEN 111 WHEN c THEN 222
        WHEN d THEN 333  WHEN e THEN 444 ELSE 555 END,
       d
  FROM t1
 WHERE b>c
   AND c>d
 ORDER BY 3,4,5,1,2,6
----
24 values hashing to 425542fc8d1ec04f89534ae98d59a74d

query I nosort
SELECT CASE a+1 WHEN b THEN 111 WHEN c THEN 222
        WHEN d THEN 333  WHEN e THEN 444 ELSE 555 END
  FROM t1
 ORDER BY 1
----
30 values hashing to f2bf77f8cfb62666ab72c866ed4d4f1a

query IIIIIII nosort
SELECT CASE a+1 WHEN b THEN 111 WHEN c THEN 222
        WHEN d THEN 333  WHEN e THEN 444 ELSE 555 END,
       CASE WHEN a<b-3 THEN 111 WHEN a<=b THEN 222
        WHEN a<b+3 THEN 333 ELSE 444 END,
       a+b*2+c*3+d*4,
       a+b*2+c*3,
       c,
       CASE WHEN c>(SELECT avg(c) FROM t1) THEN a*2 ELSE b*10 END,
       abs(b-c)
  FROM t1
 WHERE EXISTS(SELECT 1 FROM t1 AS x WHERE x.b<t1.b)
    OR b>c
    OR d NOT BETWEEN 110 AND 150
 ORDER BY 4,1,5,2,6,3,7
----
210 values hashing to a259991ed1248a55a07838ce36a7c257

query IIIIII nosort
SELECT CASE WHEN c>(SELECT avg(c) FROM t1) THEN a*2 ELSE b*10 END,
       a-b,
       abs(b-c),
       c,
       CASE WHEN a<b-3 THEN 111 WHEN a<=b THEN 222
        WHEN a<b+3 THEN 333 ELSE 444 END,
       a+b*2+c*3+d*4
  FROM t1
 ORDER BY 4,3,6,2,5,1
----
180 values hashing to 705c6f14a9e50f5542ad5d2fd225e6f1

query IIIIIII nosort
SELECT a+b*2,
       a,
       a+b*2+c*3+d*4+e*5,
       (a+b+c+d+e)/5,
       e,
       c-d,
       CASE WHEN a<b-3 THEN 111 WHEN a<=b THEN 222
        WHEN a<b+3 THEN 333 ELSE 444 END
  FROM t1
 WHERE a>b
 ORDER BY 5,4,6,2,1,7,3
----
133 values hashing to af6179f0918bfe7e3a9cd1940fbb3f75

query II nosort
SELECT a,
       b
  FROM t1
 ORDER BY 1,2
----
60 values hashing to f88a6f6656b30fc5b3c4ede940008ff2

query IIIIII nosort
SELECT CASE WHEN c>(SELECT avg(c) FROM t1) THEN a*2 ELSE b*10 END,
       a+b*2+c*3+d*4+e*5,
       abs(b-c),
       b-c,
       CASE a+1 WHEN b THEN 111 WHEN c THEN 222
        WHEN d THEN 333  WHEN e THEN 444 ELSE 555 END,
       a-b
  FROM t1
 WHERE b>c
   AND a>b
   AND d NOT BETWEEN 110 AND 150
 ORDER BY 2,1,6,4,3,5
----
42 values hashing to 6921d8dad7855bee57bd82dfd5fcbabc

query IIIIII nosort
SELECT a+b*2+c*3+d*4+e*5,
       abs(a),
       b-c,
       c-d,
       CASE a+1 WHEN b THEN 111 WHEN c THEN 222
        WHEN d THEN 333  WHEN e THEN 444 ELSE 555 END,
       a
  FROM t1
 WHERE c BETWEEN b-2 AND d+2
    OR e+d BETWEEN a+b-10 AND c+130
 ORDER BY 1,5,4,2,6,3
----
144 values hashing to 1d2ad7123e951f275353001a6879b3c8

query IIIIII nosort
SELECT a,
       a+b*2+c*3+d*4+e*5,
       c-d,
       CASE WHEN c>(SELECT avg(c) FROM t1) THEN a*2 ELSE b*10 END,
       b-c,
       a+b*2
  FROM t1
 ORDER BY 6,2,4,5,3,1
----
180 values hashing to 9fc96182924e07a6ffa415425e69adcf

query IIIIIII nosort
SELECT d-e,
       abs(a),
       b,
       c-d,
       a+b*2+c*3,
       abs(b-c),
       CASE WHEN a<b-3 THEN 111 WHEN a<=b THEN 222
        WHEN a<b+3 THEN 333 ELSE 444 END
  FROM t1
 WHERE (e>c OR e<d)
   AND d>e
   AND c>d
 ORDER BY 1,3,7,5,2,6,4
----
42 values hashing to 1b3471ef4d294cdab97aa6e5eb44bdc6

query IIIIIII nosort
SELECT CASE WHEN a<b-3 THEN 111 WHEN a<=b THEN 222
        WHEN a<b+3 THEN 333 ELSE 444 END,
       a+b*2+c*3,
       a+b*2+c*3+d*4+e*5,
       (a+b+c+d+e)/5,
       a+b*2+c*3+d*4,
       b-c,
       c
  FROM t1
 WHERE d NOT BETWEEN 110 AND 150
 ORDER BY 2,5,1,7,3,6,4
----
154 values hashing to 437f5acfb0bed27efe918cd27dc829cd

query IIIII nosort
SELECT a+b*2,
       a+b*2+c*3,
       CASE WHEN c>(SELECT avg(c) FROM t1) THEN a*2 ELSE b*10 END,
       c,
       CASE WHEN a<b-3 THEN 111 WHEN a<=b THEN 222
        WHEN a<b+3 THEN 333 ELSE 444 END
  FROM t1
 WHERE d>e
   AND (c<=d-2 OR c>=d+2)
   AND b>c
 ORDER BY 2,3,1,5,4
----
25 values hashing to d26c6a15ff9231615a949e9c2412fc2b

query IIIIIII nosort
SELECT a+b*2+c*3+d*4+e*5,
       CASE WHEN a<b-3 THEN 111 WHEN a<=b THEN 222
        WHEN a<b+3 THEN 333 ELSE 444 END,
       a,
       abs(b-c),
       a+b*2,
       d,
       CASE WHEN c>(SELECT avg(c) FROM t1) THEN a*2 ELSE b*10 END
  FROM t1
 WHERE (e>c OR e<d)
    OR a>b
 ORDER BY 4,5,3,7,1,6,2
----
196 values hashing to 601e621103e91110c69c4545c08a48c1

query IIIIII nosort
SELECT d,
       a+b*2+c*3+d*4+e*5,
       a+b*2+c*3,
       c-d,
       (a+b+c+d+e)/5,
       a-b
  FROM t1
 ORDER BY 3,4,2,6,5,1
----
180 values hashing to 4cf6744bf5d3826cd98ad853eeb5beba

query IIIII nosort
SELECT d,
       CASE WHEN c>(SELECT avg(c) FROM t1) THEN a*2 ELSE b*10 END,
       b,
       c,
       e
  FROM t1
 WHERE b>c
 ORDER BY 1,2,4,3,5
----
70 values hashing to f0e2146374bd151d6ede973c9ed1f2a5

query IIIIII nosort
SELECT a-b,
       a,
       a+b*2+c*3,
       b,
       d,
       d-e
  FROM t1
 WHERE (e>a AND e<b)
 ORDER BY 2,6,4,1,5,3
----
24 values hashing to afd55bf27f337fa6f2554d2ae3726e96

query IIIII nosort
SELECT b,
       (a+b+c+d+e)/5,
       CASE a+1 WHEN b THEN 111 WHEN c THEN 222
        WHEN d THEN 333  WHEN e THEN 444 ELSE 555 END,
       abs(b-c),
       b-c
  FROM t1
 WHERE a>b
 ORDER BY 2,5,3,4,1
----
95 values hashing to eae71ba4e872a3ba44a0ecd1bf870a3e

query IIII nosort
SELECT abs(b-c),
       a,
       a+b*2,
       CASE WHEN a<b-3 THEN 111 WHEN a<=b THEN 222
        WHEN a<b+3 THEN 333 ELSE 444 END
  FROM t1
 ORDER BY 1,4,3,2
----
120 values hashing to e86542e069867cfb60f1ec3aef772ebd

query III nosort
SELECT CASE WHEN a<b-3 THEN 111 WHEN a<=b THEN 222
        WHEN a<b+3 THEN 333 ELSE 444 END,
       c,
       d-e
  FROM t1
 WHERE (a>b-2 AND a<b+2)
   AND c>d
 ORDER BY 2,1,3
----
15 values hashing to 08fa8e3fd6a4743609ebd0354e659bba

query IIII nosort
SELECT a,
       e,
       CASE WHEN c>(SELECT avg(c) FROM t1) THEN a*2 ELSE b*10 END,
       a-b
  FROM t1
 ORDER BY 2,4,3,1
----
120 values hashing to c328c1a96813bf1072935593f41667ab

query I nosort
SELECT a+b*2
  FROM t1
 WHERE e+d BETWEEN a+b-10 AND c+130
    OR a>b
 ORDER BY 1
----
23 values hashing to 58bbff23f68fc8cebb2a4c6436d0b04a

query IIIII nosort
SELECT a+b*2+c*3,
       a+b*2+c*3+d*4+e*5,
       c,
       (a+b+c+d+e)/5,
       b
  FROM t1
 ORDER BY 5,4,1,3,2
----
150 values hashing to b5d3c38c9410c06baec2ae85a2834ffd

query IIIIII nosort
SELECT c,
       CASE WHEN a<b-3 THEN 111 WHEN a<=b THEN 222
        WHEN a<b+3 THEN 333 ELSE 444 END,
       abs(a),
       (a+b+c+d+e)/5,
       a+b*2,
       d-e
  FROM t1
 WHERE b>c
   AND (a>b-2 AND a<b+2)
   AND d NOT BETWEEN 110 AND 150
 ORDER BY 4,5,3,1,2,6
----
24 values hashing to 141c5a5c81089f8c2a8422883e66bae6

query IIII nosort
SELECT CASE a+1 WHEN b THEN 111 WHEN c THEN 222
        WHEN d THEN 333  WHEN e THEN 444 ELSE 555 END,
       CASE WHEN c>(SELECT avg(c) FROM t1) THEN a*2 ELSE b*10 END,
       a+b*2+c*3+d*4+e*5,
       d
  FROM t1
 WHERE d>e
    OR (a>b-2 AND a<b+2)
 ORDER BY 3,2,4,1
----
88 values hashing to d5ef959057259760f6e4ff24af1eb5c9

query I nosort
SELECT a+b*2+c*3
  FROM t1
 WHERE (c<=d-2 OR c>=d+2)
    OR e+d BETWEEN a+b-10 AND c+130
    OR (e>c OR e<d)
 ORDER BY 1
----
30 values hashing to 20bb63abd067ae8ef5a05f08be3b6762

query IIIII nosort
SELECT a+b*2+c*3+d*4+e*5,
       a,
       CASE a+1 WHEN b THEN 111 WHEN c THEN 222
        WHEN d THEN 333  WHEN e THEN 444 ELSE 555 END,
       a+b*2+c*3+d*4,
       b-c
  FROM t1
 WHERE d>e
 ORDER BY 4,1,5,3,2
----
80 values hashing to 36b0bd3c4a5efd58912d89eec64b42fe

query IIIIIII nosort
SELECT d,
       a+b*2,
       a,
       b,
       b-c,
       CASE a+1 WHEN b THEN 111 WHEN c THEN 222
        WHEN d THEN 333  WHEN e THEN 444 ELSE 555 END,
       (a+b+c+d+e)/5
  FROM t1
 ORDER BY 5,2,7,1,4,6,3
----
210 values hashing to 0b5da24cf40d35551d12b1cf0eebd15e

query II nosort
SELECT b,
       e
  FROM t1
 WHERE (c<=d-2 OR c>=d+2)
 ORDER BY 2,1
----
30 values hashing to e2107ed9f44c1f14fa1a14b1818a2073

query IIII nosort
SELECT b-c,
       d-e,
       c-d,
       a+b*2+c*3
  FROM t1
 ORDER BY 1,2,4,3
----
120 values hashing to d9fe6e44ef568e5ddcdd440b1c1058b2

query II nosort
SELECT abs(b-c),
       CASE WHEN a<b-3 THEN 111 WHEN a<=b THEN 222
        WHEN a<b+3 THEN 333 ELSE 444 END
  FROM t1
 WHERE (e>c OR e<d)
    OR b>c
    OR (a>b-2 AND a<b+2)
 ORDER BY 2,1
----
56 values hashing to 6d15efe8755229aeadcfc31141690e0c

query III nosort
SELECT abs(a),
       a+b*2+c*3+d*4+e*5,
       c-d
  FROM t1
 ORDER BY 3,2,1
----
90 values hashing to 55385fb185c3f7837e3d245e236b0355

query IIIII nosort
SELECT abs(a),
       c,
       CASE a+1 WHEN b THEN 111 WHEN c THEN 222
        WHEN d THEN 333  WHEN e THEN 444 ELSE 555 END,
       a+b*2,
       d-e
  FROM t1
 WHERE c BETWEEN b-2 AND d+2
   AND d>e
   AND d NOT BETWEEN 110 AND 150
 ORDER BY 5,3,1,4,2
----
50 values hashing to 0d42d0a09548edf4a343fe9e95c98b2c

query IIIIII nosort
SELECT (a+b+c+d+e)/5,
       (SELECT count(*) FROM t1 AS x WHERE x.b<t1.b),
       CASE WHEN c>(SELECT avg(c) FROM t1) THEN a*2 ELSE b*10 END,
       c-d,
       a+b*2+c*3+d*4,
       a+b*2+c*3+d*4+e*5
  FROM t1
 WHERE (e>a AND e<b)
   AND c>d
 ORDER BY 2,5,6,4,1,3
----
18 values hashing to 51c5d8e007a143cf3bf858945f677039

query IIII nosort
SELECT c-d,
       (SELECT count(*) FROM t1 AS x WHERE x.b<t1.b),
       c,
       a+b*2+c*3+d*4+e*5
  FROM t1
 WHERE (e>a AND e<b)
 ORDER BY 3,2,4,1
----
16 values hashing to 85402be2fec11d33679b4d7e94802e86

query II nosort
SELECT CASE WHEN a<b-3 THEN 111 WHEN a<=b THEN 222
        WHEN a<b+3 THEN 333 ELSE 444 END,
       a+b*2+c*3+d*4+e*5
  FROM t1
 WHERE c BETWEEN b-2 AND d+2
   AND d>e
 ORDER BY 1,2
----
30 values hashing to 841db017799a825a9fce9bcc940f7f96

query I nosort
SELECT b-c
  FROM t1
 ORDER BY 1
----
30 values hashing to 970be304ddec1d2bede8d8e2f14368c6

query IIIIII nosort
SELECT d,
       c,
       b,
       a+b*2+c*3+d*4,
       b-c,
       CASE WHEN a<b-3 THEN 111 WHEN a<=b THEN 222
        WHEN a<b+3 THEN 333 ELSE 444 END
  FROM t1
 WHERE EXISTS(SELECT 1 FROM t1 AS x WHERE x.b<t1.b)
    OR c>d
    OR (a>b-2 AND a<b+2)
 ORDER BY 3,5,6,2,4,1
----
180 values hashing to 2be73e9f2d4c951c36a76c1e3dba5c9d

query IIIIII nosort
SELECT b-c,
       (a+b+c+d+e)/5,
       c-d,
       b,
       CASE WHEN a<b-3 THEN 111 WHEN a<=b THEN 222
        WHEN a<b+3 THEN 333 ELSE 444 END,
       a+b*2+c*3+d*4+e*5
  FROM t1
 WHERE d>e
   AND d NOT BETWEEN 110 AND 150
   AND (e>a AND e<b)
 ORDER BY 1,3,2,5,4,6
----
12 values hashing to 4aec8d073aa39894da494a2e5c69e108

query IIII nosort
SELECT abs(a),
       a+b*2+c*3+d*4+e*5,
       a,
       (a+b+c+d+e)/5
  FROM t1
 ORDER BY 4,3,2,1
----
120 values hashing to a4fdc5ad18d6f820af499abd4b4730ad

query IIIII nosort
SELECT b,
       c,
       a-b,
       d-e,
       a+b*2+c*3+d*4
  FROM t1
 WHERE d>e
    OR c BETWEEN b-2 AND d+2
 ORDER BY 2,1,4,3,5
----
115 values hashing to 05325b83edf1f52fb3d249495c4114e2

query IIII nosort
SELECT b,
       abs(a),
       a,
       c
  FROM t1
 WHERE c BETWEEN b-2 AND d+2
    OR (e>c OR e<d)
    OR b>c
 ORDER BY 4,3,2,1
----
112 values hashing to 5ae5415105496a1711310d3c42176846

query II nosort
SELECT b,
       abs(b-c)
  FROM t1
 WHERE c>d
   AND a>b
   AND EXISTS(SELECT 1 FROM t1 AS x WHERE x.b<t1.b)
 ORDER BY 2,1
----
12 values hashing to d33f553dec1000186e0827b36e03a5a0

query IIIIII nosort
SELECT d,
       CASE WHEN c>(SELECT avg(c) FROM t1) THEN a*2 ELSE b*10 END,
       abs(b-c),
       a+b*2+c*3+d*4+e*5,
       CASE WHEN a<b-3 THEN 111 WHEN a<=b THEN 222
        WHEN a<b+3 THEN 333 ELSE 444 END,
       d-e
  FROM t1
 ORDER BY 1,6,2,3,5,4
----
180 values hashing to 51a0a8497754b6679d3130c947c96360

query III nosort
SELECT a+b*2+c*3+d*4,
       abs(b-c),
       c-d
  FROM t1
 WHERE (e>c OR e<d)
 ORDER BY 2,3,1
----
81 values hashing to 9be3a71635f36f06be72937acb24a74d

query III nosort
SELECT a-b,
       abs(a),
       d
  FROM t1
 WHERE EXISTS(SELECT 1 FROM t1 AS x WHERE x.b<t1.b)
    OR d>e
    OR c BETWEEN b-2 AND d+2
 ORDER BY 3,2,1
----
90 values hashing to 27ca10878c9391decf14b1da14b81a1a

query III nosort
SELECT (a+b+c+d+e)/5,
       abs(a),
       d
  FROM t1
 WHERE e+d BETWEEN a+b-10 AND c+130
   AND (e>c OR e<d)
   AND EXISTS(SELECT 1 FROM t1 AS x WHERE x.b<t1.b)
 ORDER BY 2,1,3
----
12 values hashing to 2a20cfe00170362fbce52cfe093cf6ad

query IIIIIII nosort
SELECT a+b*2,
       a+b*2+c*3+d*4+e*5,
       a-b,
       abs(b-c),
       c,
       b,
       e
  FROM t1
 WHERE d>e
 ORDER BY 4,5,3,6,2,1,7
----
112 values hashing to 056a2f68932723bbdeb9dc7c26e21ff8

query II nosort
SELECT CASE a+1 WHEN b THEN 111 WHEN c THEN 222
        WHEN d THEN 333  WHEN e THEN 444 ELSE 555 END,
       a+b*2+c*3
  FROM t1
 ORDER BY 2,1
----
60 values hashing to 1692ce3bd9941e0f21090da530fd3ed8

query IIIII nosort
SELECT (a+b+c+d+e)/5,
       a-b,
       b,
       a+b*2,
       a
  FROM t1
 WHERE (a>b-2 AND a<b+2)
   AND (e>c OR e<d)
   AND d>e
 ORDER BY 4,2,5,3,1
----
25 values hashing to 4d716c3a4be4e2c0fcaeb771d9557147

query IIIIII nosort
SELECT CASE WHEN c>(SELECT avg(c) FROM t1) THEN a*2 ELSE b*10 END,
       d,
       e,
       c-d,
       a+b*2+c*3+d*4,
       CASE a+1 WHEN b THEN 111 WHEN c THEN 222
        WHEN d THEN 333  WHEN e THEN 444 ELSE 555 END
  FROM t1
 WHERE c BETWEEN b-2 AND d+2
   AND c>d
   AND EXISTS(SELECT 1 FROM t1 AS x WHERE x.b<t1.b)
 ORDER BY 1,4,3,2,5,6
----
60 values hashing to 49ec3df5c9e8b7e47d18c5d97b1d9016

query IIIIIII nosort
SELECT c-d,
       CASE a+1 WHEN b THEN 111 WHEN c THEN 222
        WHEN d THEN 333  WHEN e THEN 444 ELSE 555 END,
       a,
       abs(a),
       abs(b-c),
       a+b*2+c*3,
       e
  FROM t1
 WHERE d>e
   AND (e>a AND e<b)
 ORDER BY 7,2,6,1,3,4,5
----
14 values hashing to f5cc6a1ae440bad52d8adeea6cd6cc2e

query IIIII nosort
SELECT c-d,
       d-e,
       abs(a),
       a,
       (a+b+c+d+e)/5
  FROM t1
 WHERE a>b
    OR c>d
 ORDER BY 1,5,3,2,4
----
130 values hashing to 9873ab86b9fa0eef10810ba4277fd1bf

query IIIIII nosort
SELECT a+b*2+c*3+d*4+e*5,
       a,
       abs(a),
       a-b,
       d-e,
       CASE WHEN c>(SELECT avg(c) FROM t1) THEN a*2 ELSE b*10 END
  FROM t1
 WHERE EXISTS(SELECT 1 FROM t1 AS x WHERE x.b<t1.b)
   AND b>c
 ORDER BY 4,6,3,1,5,2
----
84 values hashing to c1c96a830016492c89e9fe7b92275b24

query II nosort
SELECT a+b*2+c*3,
       a
  FROM t1
 WHERE (e>c OR e<d)
    OR a>b
 ORDER BY 1,2
----
56 values hashing to fedff1b28e56669aacb1dc79b927abf9

query I nosort
SELECT e
  FROM t1
 WHERE (e>c OR e<d)
    OR (c<=d-2 OR c>=d+2)
    OR (e>a AND e<b)
 ORDER BY 1
----
30 values hashing to 41762f74ba25ab0f9b0448f319f2f292

query IIIII nosort
SELECT abs(b-c),
       c-d,
       a,
       CASE WHEN a<b-3 THEN 111 WHEN a<=b THEN 222
        WHEN a<b+3 THEN 333 ELSE 444 END,
       a-b
  FROM t1
 WHERE EXISTS(SELECT 1 FROM t1 AS x WHERE x.b<t1.b)
    OR b>c
 ORDER BY 4,2,1,5,3
----
145 values hashing to d7e8eaed9394e826f4fdcccf068acdec

query I nosort
SELECT (a+b+c+d+e)/5
  FROM t1
 ORDER BY 1
----
30 values hashing to 8d2279ba80763220505cecac39786e90

query IIII nosort
SELECT a+b*2+c*3+d*4,
       CASE WHEN a<b-3 THEN 111 WHEN a<=b THEN 222
        WHEN a<b+3 THEN 333 ELSE 444 END,
       d,
       e
  FROM t1
 WHERE (e>c OR e<d)
 ORDER BY 3,1,2,4
----
108 values hashing to e6f51d286e2a4011462e5e862a19f461

query IIII nosort
SELECT a+b*2+c*3,
       a+b*2,
       a-b,
       a+b*2+c*3+d*4+e*5
  FROM t1
 WHERE a>b
    OR EXISTS(SELECT 1 FROM t1 AS x WHERE x.b<t1.b)
    OR d>e
 ORDER BY 2,1,3,4
----
120 values hashing to 227ac1db8da88813615a7e008801fba7

query IIIIIII nosort
SELECT abs(a),
       d,
       e,
       a+b*2+c*3+d*4,
       CASE a+1 WHEN b THEN 111 WHEN c THEN 222
        WHEN d THEN 333  WHEN e THEN 444 ELSE 555 END,
       b-c,
       a
  FROM t1
 WHERE (a>b-2 AND a<b+2)
   AND d NOT BETWEEN 110 AND 150
 ORDER BY 3,2,7,6,4,1,5
----
49 values hashing to 59469ea88ee1e7a74590c514b7eb4fe0

query IIIII nosort
SELECT c,
       d,
       a+b*2+c*3,
       a-b,
       e
  FROM t1
 ORDER BY 3,2,1,5,4
----
150 values hashing to 2064f4d12bd17daef2792157a3fa01ac

query IIIII nosort
SELECT (a+b+c+d+e)/5,
       c-d,
       CASE a+1 WHEN b THEN 111 WHEN c THEN 222
        WHEN d THEN 333  WHEN e THEN 444 ELSE 555 END,
       a+b*2+c*3,
       d-e
  FROM t1
 WHERE a>b
   AND c BETWEEN b-2 AND d+2
   AND (a>b-2 AND a<b+2)
 ORDER BY 2,3,4,1,5
----
20 values hashing to d6130a18387e9029c427520c8fdd0b08

query IIIIII nosort
SELECT b-c,
       a+b*2,
       a,
       (SELECT count(*) FROM t1 AS x WHERE x.b<t1.b),
       c-d,
       CASE WHEN a<b-3 THEN 111 WHEN a<=b THEN 222
        WHEN a<b+3 THEN 333 ELSE 444 END
  FROM t1
 WHERE (e>a AND e<b)
   AND d NOT BETWEEN 110 AND 150
 ORDER BY 1,3,6,2,5,4
----
18 values hashing to d03c3163674ffb21402396369c50ac14

query II nosort
SELECT CASE WHEN c>(SELECT avg(c) FROM t1) THEN a*2 ELSE b*10 END,
       a+b*2+c*3+d*4+e*5
  FROM t1
 WHERE (e>c OR e<d)
   AND d>e
   AND EXISTS(SELECT 1 FROM t1 AS x WHERE x.b<t1.b)
 ORDER BY 1,2
----
32 values hashing to 274f52e7976f1e1a7151a9a4804ccd13

query II nosort
SELECT b,
       abs(a)
  FROM t1
 WHERE (e>a AND e<b)
    OR c BETWEEN b-2 AND d+2
    OR EXISTS(SELECT 1 FROM t1 AS x WHERE x.b<t1.b)
 ORDER BY 2,1
----
60 values hashing to 909ebdb8fc6864d4dffee74235090ed7

query III nosort
SELECT a+b*2+c*3+d*4,
       b,
       a-b
  FROM t1
 WHERE c>d
    OR d>e
    OR b>c
 ORDER BY 3,1,2
----
84 values hashing to 35aa92c733c1c60fedff6d6a36a4e64f

query I nosort
SELECT a-b
  FROM t1
 WHERE (e>c OR e<d)
    OR EXISTS(SELECT 1 FROM t1 AS x WHERE x.b<t1.b)
    OR (e>a AND e<b)
 ORDER BY 1
----
30 values hashing to c2001bebc4d3d2d6b01a5a50ce4282ca

query IIII nosort
SELECT e,
       a+b*2+c*3+d*4+e*5,
       CASE WHEN a<b-3 THEN 111 WHEN a<=b THEN 222
        WHEN a<b+3 THEN 333 ELSE 444 END,
       a-b
  FROM t1
 WHERE a>b
    OR c BETWEEN b-2 AND d+2
 ORDER BY 3,2,4,1
----
104 values hashing to 57317371c67d5ca0360d9860ff06b5f6

query III nosort
SELECT a+b*2,
       b-c,
       CASE a+1 WHEN b THEN 111 WHEN c THEN 222
        WHEN d THEN 333  WHEN e THEN 444 ELSE 555 END
  FROM t1
 WHERE b>c
   AND a>b
 ORDER BY 3,2,1
----
21 values hashing to 47e5ff2f412981bf5017a3fcd7dcbfce

query IIIII nosort
SELECT a+b*2+c*3,
       d,
       b-c,
       (SELECT count(*) FROM t1 AS x WHERE x.b<t1.b),
       a-b
  FROM t1
 WHERE (a>b-2 AND a<b+2)
   AND b>c
   AND c>d
 ORDER BY 3,5,1,4,2
----
10 values hashing to f7cc18e47d7f1cfbd32b65f410f3661f

query IIII nosort
SELECT d-e,
       (a+b+c+d+e)/5,
       CASE a+1 WHEN b THEN 111 WHEN c THEN 222
        WHEN d THEN 333  WHEN e THEN 444 ELSE 555 END,
       d
  FROM t1
 WHERE (e>c OR e<d)
 ORDER BY 2,1,3,4
----
108 values hashing to 3646f1aa507ad28fc4b6bcb6b18ef7d8

query II nosort
SELECT c-d,
       e
  FROM t1
 WHERE (c<=d-2 OR c>=d+2)
   AND c>d
 ORDER BY 2,1
----
12 values hashing to 536e87880b7535393cfec01b6b44b09e

query II nosort
SELECT a-b,
       b-c
  FROM t1
 WHERE b>c
   AND d>e
   AND c BETWEEN b-2 AND d+2
 ORDER BY 2,1
----
14 values hashing to d2bcb971c3fe19befbef456f67ecb854

query I nosort
SELECT a+b*2+c*3+d*4+e*5
  FROM t1
 WHERE EXISTS(SELECT 1 FROM t1 AS x WHERE x.b<t1.b)
 ORDER BY 1
----
29 values hashing to 52abcdd72ea8512b37c16f4859ec7416

query III nosort
SELECT CASE WHEN c>(SELECT avg(c) FROM t1) THEN a*2 ELSE b*10 END,
       b-c,
       a+b*2
  FROM t1
 WHERE EXISTS(SELECT 1 FROM t1 AS x WHERE x.b<t1.b)
 ORDER BY 1,3,2
----
87 values hashing to ccf71f7ab4716bebd70a7047162430d0

query II nosort
SELECT a+b*2+c*3+d*4,
       a+b*2+c*3
  FROM t1
 WHERE b>c
 ORDER BY 1,2
----
28 values hashing to 7626a6dc10da4bbb0672aba278414d7f

query IIIII nosort
SELECT e,
       a,
       a+b*2+c*3,
       b,
       d
  FROM t1
 WHERE c>d
    OR EXISTS(SELECT 1 FROM t1 AS x WHERE x.b<t1.b)
 ORDER BY 4,5,1,3,2
----
150 values hashing to 6704b1d160521eabdc6985e64f098711

query III nosort
SELECT a+b*2+c*3+d*4+e*5,
       b-c,
       CASE WHEN c>(SELECT avg(c) FROM t1) THEN a*2 ELSE b*10 END
  FROM t1
 WHERE a>b
 ORDER BY 3,1,2
----
57 values hashing to e46ef205fe944f0d32288b2138a40f06

query IIIII nosort
SELECT abs(a),
       (a+b+c+d+e)/5,
       CASE a+1 WHEN b THEN 111 WHEN c THEN 222
        WHEN d THEN 333  WHEN e THEN 444 ELSE 555 END,
       a+b*2+c*3,
       d-e
  FROM t1
 ORDER BY 3,1,2,5,4
----
150 values hashing to 34ca74f90850eff35ac3a230238544be

query III nosort
SELECT c,
       a+b*2,
       abs(b-c)
  FROM t1
 WHERE b>c
    OR (a>b-2 AND a<b+2)
 ORDER BY 2,1,3
----
57 values hashing to 25d96795a29f85eafc1253b3af853f3d

query III nosort
SELECT a+b*2+c*3+d*4+e*5,
       abs(a),
       a-b
  FROM t1
 WHERE (c<=d-2 OR c>=d+2)
 ORDER BY 1,3,2
----
45 values hashing to c5572ef5e70213b43133e2248770b61d

query I nosort
SELECT d
  FROM t1
 WHERE (e>a AND e<b)
    OR EXISTS(SELECT 1 FROM t1 AS x WHERE x.b<t1.b)
 ORDER BY 1
----
29 values hashing to 549bae2f0c4b97245bbc42bc5ab31a00

query IIIIII nosort
SELECT (a+b+c+d+e)/5,
       abs(b-c),
       c,
       a+b*2+c*3+d*4+e*5,
       abs(a),
       e
  FROM t1
 WHERE b>c
   AND d>e
 ORDER BY 4,5,6,3,2,1
----
48 values hashing to 8b118828e8caafc9faa4a21d0f3f4ea5

query I nosort
SELECT a+b*2+c*3
  FROM t1
 WHERE c BETWEEN b-2 AND d+2
 ORDER BY 1
----
22 values hashing to 5d0ecdbff39863d98aa5a23e0424ac1e

query IIII nosort
SELECT abs(b-c),
       CASE WHEN c>(SELECT avg(c) FROM t1) THEN a*2 ELSE b*10 END,
       b,
       a
  FROM t1
 WHERE b>c
   AND d>e
 ORDER BY 4,1,3,2
----
32 values hashing to 3ff228db977b596ebd4901df4462b000

query IIIIII nosort
SELECT a+b*2+c*3+d*4,
       (a+b+c+d+e)/5,
       a,
       abs(a),
       c-d,
       c
  FROM t1
 ORDER BY 2,5,4,6,3,1
----
180 values hashing to 5e503b736a28f01aee385b8265f1f970

query III nosort
SELECT abs(b-c),
       b,
       e
  FROM t1
 WHERE a>b
 ORDER BY 1,3,2
----
57 values hashing to 3b71140e165ea6e7999b7cafbbcf505e

query IIIII nosort
SELECT abs(a),
       a-b,
       CASE WHEN c>(SELECT avg(c) FROM t1) THEN a*2 ELSE b*10 END,
       abs(b-c),
       d-e
  FROM t1
 ORDER BY 3,1,4,5,2
----
150 values hashing to 9af213128ae7e4d07c408d80d61aa3e9

query II nosort
SELECT abs(b-c),
       e
  FROM t1
 WHERE c>d
 ORDER BY 1,2
----
28 values hashing to 574174bf2275d3475e01cc0a0bf79a10

query II nosort
SELECT b,
       e
  FROM t1
 WHERE d>e
    OR (a>b-2 AND a<b+2)
    OR e+d BETWEEN a+b-10 AND c+130
 ORDER BY 2,1
----
50 values hashing to 21c42d24d668ed183a14ca91e1fccc01

query II nosort
SELECT a+b*2+c*3,
       a+b*2
  FROM t1
 WHERE a>b
   AND d NOT BETWEEN 110 AND 150
 ORDER BY 2,1
----
34 values hashing to b663d3edefc8630f2d6777c28f5c29ab

query III nosort
SELECT (a+b+c+d+e)/5,
       d,
       a+b*2+c*3+d*4
  FROM t1
 WHERE EXISTS(SELECT 1 FROM t1 AS x WHERE x.b<t1.b)
   AND d NOT BETWEEN 110 AND 150
 ORDER BY 3,2,1
----
63 values hashing to 67014c0f59103ab6dc50f88f61063545

query II nosort
SELECT abs(b-c),
       c-d
  FROM t1
 ORDER BY 1,2
----
60 values hashing to 375f2a2c47ba21a5304489027a18978e

query IIII nosort
SELECT a+b*2+c*3+d*4,
       a+b*2+c*3+d*4+e*5,
       a,
       a+b*2
  FROM t1
 WHERE (c<=d-2 OR c>=d+2)
    OR a>b
    OR b>c
 ORDER BY 3,1,2,4
----
112 values hashing to ac8288fa97219e018be4a8600f11d525

query III nosort
SELECT c,
       b,
       CASE WHEN a<b-3 THEN 111 WHEN a<=b THEN 222
        WHEN a<b+3 THEN 333 ELSE 444 END
  FROM t1
 ORDER BY 1,2,3
----
90 values hashing to 068283feddad9ffb2ebce753740a6ff6

query I nosort
SELECT a+b*2+c*3
  FROM t1
 WHERE b>c
    OR a>b
    OR (e>a AND e<b)
 ORDER BY 1
----
28 values hashing to 8a2f1569db1be3db575496e85928f459

query III nosort
SELECT a+b*2+c*3,
       e,
       a-b
  FROM t1
 WHERE c BETWEEN b-2 AND d+2
   AND b>c
 ORDER BY 1,3,2
----
24 values hashing to 197dccd8f3680b77a75b13440eff5f55

query IIII nosort
SELECT d-e,
       a,
       b,
       CASE a+1 WHEN b THEN 111 WHEN c THEN 222
        WHEN d THEN 333  WHEN e THEN 444 ELSE 555 END
  FROM t1
 ORDER BY 3,1,2,4
----
120 values hashing to 5a3b2a8f188159e2277f9a1be70537c7

query IIIIII nosort
SELECT b,
       d,
       CASE a+1 WHEN b THEN 111 WHEN c THEN 222
        WHEN d THEN 333  WHEN e THEN 444 ELSE 555 END,
       abs(b-c),
       a+b*2+c*3+d*4+e*5,
       a+b*2
  FROM t1
 WHERE d>e
   AND c>d
   AND EXISTS(SELECT 1 FROM t1 AS x WHERE x.b<t1.b)
 ORDER BY 6,5,2,1,3,4
----
36 values hashing to 655fcbfb8bb7e6d53f5f1c6bbbacbaac

query II nosort
SELECT (a+b+c+d+e)/5,
       a+b*2+c*3
  FROM t1
 WHERE b>c
    OR d NOT BETWEEN 110 AND 150
    OR c BETWEEN b-2 AND d+2
 ORDER BY 2,1
----
58 values hashing to 689847f49b3867b87e7c46dfeb0da7c1

query IIIII nosort
SELECT a,
       abs(a),
       d,
       (a+b+c+d+e)/5,
       c-d
  FROM t1
 WHERE d>e
   AND (e>c OR e<d)
 ORDER BY 2,1,3,5,4
----
80 values hashing to c2a7201b8a94fbc5ee1c17b8cb6ac369

query IIIII nosort
SELECT a+b*2+c*3,
       CASE WHEN a<b-3 THEN 111 WHEN a<=b THEN 222
        WHEN a<b+3 THEN 333 ELSE 444 END,
       c,
       CASE WHEN c>(SELECT avg(c) FROM t1) THEN a*2 ELSE b*10 END,
       d
  FROM t1
 WHERE (c<=d-2 OR c>=d+2)
 ORDER BY 1,5,3,2,4
----
75 values hashing to 1cdfc134eae0ccc6b2fdb86041b2f365

query III nosort
SELECT c,
       a+b*2,
       e
  FROM t1
 WHERE e+d BETWEEN a+b-10 AND c+130
    OR d NOT BETWEEN 110 AND 150
 ORDER BY 1,2,3
----
78 values hashing to a88e3903af86c39edba2d15c2acfc4b3

query III nosort
SELECT CASE WHEN c>(SELECT avg(c) FROM t1) THEN a*2 ELSE b*10 END,
       a+b*2+c*3+d*4,
       c
  FROM t1
 WHERE e+d BETWEEN a+b-10 AND c+130
    OR (c<=d-2 OR c>=d+2)
 ORDER BY 1,3,2
----
54 values hashing to cbda5acbecfd69e4351d6c31044f2a08

query IIII nosort
SELECT CASE a+1 WHEN b THEN 111 WHEN c THEN 222
        WHEN d THEN 333  WHEN e THEN 444 ELSE 555 END,
       a+b*2+c*3,
       b-c,
       d-e
  FROM t1
 ORDER BY 1,2,3,4
----
120 values hashing to 8d7ff24438c0a277a9bbed686f335d28

query II nosort
SELECT d,
       a+b*2+c*3
  FROM t1
 WHERE e+d BETWEEN a+b-10 AND c+130
 ORDER BY 2,1
----
12 values hashing to bb2456b338921ab7c0396823cc0ec31d

query IIIIII nosort
SELECT a+b*2+c*3+d*4+e*5,
       d,
       a+b*2+c*3+d*4,
       c,
       d-e,
       a+b*2
  FROM t1
 WHERE d NOT BETWEEN 110 AND 150
   AND (a>b-2 AND a<b+2)
   AND c BETWEEN b-2 AND d+2
 ORDER BY 4,6,2,5,1,3
----
24 values hashing to d3ad3f7ebd6091fc1b026ddaa4b37bd8

query IIIIIII nosort
SELECT abs(a),
       abs(b-c),
       c,
       a-b,
       c-d,
       a+b*2+c*3+d*4,
       b
  FROM t1
 ORDER BY 2,6,7,4,1,5,3
----
210 values hashing to 819f805dd8c8f59e2159f9e38ff4eac6

query III nosort
SELECT b,
       d,
       CASE a+1 WHEN b THEN 111 WHEN c THEN 222
        WHEN d THEN 333  WHEN e THEN 444 ELSE 555 END
  FROM t1
 WHERE (e>c OR e<d)
    OR e+d BETWEEN a+b-10 AND c+130
    OR a>b
 ORDER BY 3,2,1
----
87 values hashing to 3bc9e8a82df39cae8e27bb5a0fff18d3

query IIII nosort
SELECT a-b,
       a+b*2+c*3+d*4,
       d,
       e
  FROM t1
 ORDER BY 2,4,1,3
----
120 values hashing to fa86590cde28cc33911bb46fb0ec59e1

query IIIIIII nosort
SELECT a+b*2,
       c-d,
       d-e,
       abs(a),
       a-b,
       c,
       b
  FROM t1
 WHERE a>b
 ORDER BY 3,2,1,4,7,5,6
----
133 values hashing to ec7e7648bfc1da6386905d63a1ef52a3

query IIIIII nosort
SELECT d,
       (a+b+c+d+e)/5,
       a+b*2+c*3,
       a+b*2+c*3+d*4+e*5,
       d-e,
       c
  FROM t1
 WHERE d>e
    OR (e>a AND e<b)
    OR (e>c OR e<d)
 ORDER BY 2,3,1,4,5,6
----
174 values hashing to bfaefefd9e122c30da40356d11e517b0

query I nosort
SELECT d
  FROM t1
 WHERE d NOT BETWEEN 110 AND 150
    OR c BETWEEN b-2 AND d+2
 ORDER BY 1
----
28 values hashing to f52dd949bc4f482c1ca7166a80d2304d

query IIII nosort
SELECT a+b*2,
       c,
       CASE WHEN c>(SELECT avg(c) FROM t1) THEN a*2 ELSE b*10 END,
       d
  FROM t1
 WHERE d NOT BETWEEN 110 AND 150
 ORDER BY 1,3,2,4
----
88 values hashing to fcc8243428e8bf0faa312279fec704a0

query IIIII nosort
SELECT CASE WHEN c>(SELECT avg(c) FROM t1) THEN a*2 ELSE b*10 END,
       a+b*2+c*3+d*4,
       CASE a+1 WHEN b THEN 111 WHEN c THEN 222
        WHEN d THEN 333  WHEN e THEN 444 ELSE 555 END,
       a+b*2+c*3+d*4+e*5,
       c-d
  FROM t1
 ORDER BY 4,1,2,3,5
----
150 values hashing to 00fcc8fc925a74eb4ec0f853929e555f

query I nosort
SELECT abs(a)
  FROM t1
 WHERE (e>c OR e<d)
    OR (c<=d-2 OR c>=d+2)
 ORDER BY 1
----
30 values hashing to d1361dd52a9236110ba64b28a64f850d

query IIIIII nosort
SELECT a+b*2+c*3+d*4,
       d,
       a-b,
       abs(a),
       c,
       CASE WHEN a<b-3 THEN 111 WHEN a<=b THEN 222
        WHEN a<b+3 THEN 333 ELSE 444 END
  FROM t1
 WHERE c BETWEEN b-2 AND d+2
 ORDER BY 5,2,1,4,6,3
----
132 values hashing to d551d268f45008968f8d65e271eab053

query I nosort
SELECT CASE WHEN a<b-3 THEN 111 WHEN a<=b THEN 222
        WHEN a<b+3 THEN 333 ELSE 444 END
  FROM t1
 WHERE d NOT BETWEEN 110 AND 150
 ORDER BY 1
----
22 values hashing to 4c13d7a8f6f0787460deb4f3b6773d2e

query IIIIII nosort
SELECT b,
       a+b*2+c*3+d*4,
       CASE WHEN a<b-3 THEN 111 WHEN a<=b THEN 222
        WHEN a<b+3 THEN 333 ELSE 444 END,
       a,
       abs(b-c),
       abs(a)
  FROM t1
 WHERE (e>a AND e<b)
 ORDER BY 5,4,2,1,3,6
----
24 values hashing to c056e4645726c5e6382dbf4704692804

query IIIIIII nosort
SELECT d,
       a,
       abs(b-c),
       CASE a+1 WHEN b THEN 111 WHEN c THEN 222
        WHEN d THEN 333  WHEN e THEN 444 ELSE 555 END,
       b-c,
       (a+b+c+d+e)/5,
       e
  FROM t1
 WHERE (e>c OR e<d)
    OR (a>b-2 AND a<b+2)
    OR (c<=d-2 OR c>=d+2)
 ORDER BY 3,5,1,4,7,6,2
----
210 values hashing to aa06fc327d04c2ee6a642cd3025e7a4b

query III nosort
SELECT a-b,
       CASE WHEN c>(SELECT avg(c) FROM t1) THEN a*2 ELSE b*10 END,
       b
  FROM t1
 ORDER BY 1,3,2
----
90 values hashing to 17d30af1540fc60a9630b9e47d95bc9f

query IIIIIII nosort
SELECT b,
       a-b,
       c,
       abs(b-c),
       d-e,
       CASE WHEN c>(SELECT avg(c) FROM t1) THEN a*2 ELSE b*10 END,
       b-c
  FROM t1
 WHERE EXISTS(SELECT 1 FROM t1 AS x WHERE x.b<t1.b)
 ORDER BY 1,6,4,5,2,7,3
----
203 values hashing to 7e5bd83081d1dfafd0fe247ffd00be89

query IIIIIII nosort
SELECT c-d,
       a+b*2+c*3+d*4,
       a,
       abs(b-c),
       abs(a),
       (a+b+c+d+e)/5,
       c
  FROM t1
 ORDER BY 2,4,5,6,3,7,1
----
210 values hashing to 3aeee1754c550f295bd6081aa0496d47

query IIIIII nosort
SELECT a+b*2,
       b,
       d-e,
       a,
       abs(b-c),
       d
  FROM t1
 WHERE d NOT BETWEEN 110 AND 150
 ORDER BY 1,2,5,4,3,6
----
132 values hashing to b3cd55701ddc8e4db4b9247dcda03ec4

query I nosort
SELECT d
  FROM t1
 WHERE (e>a AND e<b)
    OR (e>c OR e<d)
 ORDER BY 1
----
29 values hashing to dd2f68e88e982f64348a02e0ea88e9e6

query II nosort
SELECT CASE WHEN a<b-3 THEN 111 WHEN a<=b THEN 222
        WHEN a<b+3 THEN 333 ELSE 444 END,
       d-e
  FROM t1
 WHERE b>c
   AND d>e
   AND (c<=d-2 OR c>=d+2)
 ORDER BY 1,2
----
10 values hashing to e43fc83490b72542af8316746a9d8313

query IIIIIII nosort
SELECT d,
       abs(b-c),
       a-b,
       CASE WHEN a<b-3 THEN 111 WHEN a<=b THEN 222
        WHEN a<b+3 THEN 333 ELSE 444 END,
       a+b*2+c*3,
       e,
       b
  FROM t1
 ORDER BY 2,6,3,5,7,4,1
----
210 values hashing to f14eeff1f1479bf32bacc054fa720071

query III nosort
SELECT CASE a+1 WHEN b THEN 111 WHEN c THEN 222
        WHEN d THEN 333  WHEN e THEN 444 ELSE 555 END,
       a+b*2+c*3+d*4,
       a+b*2+c*3
  FROM t1
 ORDER BY 1,2,3
----
90 values hashing to b07b2168ff53b46689e49c06ab4331fc

query IIII nosort
SELECT abs(b-c),
       a+b*2+c*3+d*4+e*5,
       a+b*2+c*3,
       e
  FROM t1
 WHERE c>d
    OR EXISTS(SELECT 1 FROM t1 AS x WHERE x.b<t1.b)
 ORDER BY 2,3,4,1
----
120 values hashing to 2aa5f26c8186061ab63b692ca759a624

query IIIIII nosort
SELECT (SELECT count(*) FROM t1 AS x WHERE x.b<t1.b),
       a,
       a+b*2+c*3,
       abs(b-c),
       c-d,
       a+b*2+c*3+d*4
  FROM t1
 WHERE (e>a AND e<b)
 ORDER BY 3,2,6,4,5,1
----
24 values hashing to f58bc57bc11bb9db10f81aa30edc7829

query IIIIII nosort
SELECT d-e,
       a+b*2+c*3+d*4,
       d,
       CASE WHEN c>(SELECT avg(c) FROM t1) THEN a*2 ELSE b*10 END,
       a-b,
       b
  FROM t1
 WHERE c>d
   AND a>b
 ORDER BY 2,4,3,6,1,5
----
42 values hashing to 9aa7acd8fc07cfd1d6e0028928e8342b

query II nosort
SELECT a-b,
       a+b*2+c*3
  FROM t1
 WHERE (a>b-2 AND a<b+2)
    OR d NOT BETWEEN 110 AND 150
    OR d>e
 ORDER BY 1,2
----
58 values hashing to fca9ff5897fd8bf220dfd03ebf9bf41d

query I nosort
SELECT CASE WHEN a<b-3 THEN 111 WHEN a<=b THEN 222
        WHEN a<b+3 THEN 333 ELSE 444 END
  FROM t1
 WHERE a>b
   AND EXISTS(SELECT 1 FROM t1 AS x WHERE x.b<t1.b)
   AND (c<=d-2 OR c>=d+2)
 ORDER BY 1
----
10 values hashing to c457994b9b0d51a0004a2e98359bf04c

query I nosort
SELECT d-e
  FROM t1
 WHERE a>b
   AND (c<=d-2 OR c>=d+2)
 ORDER BY 1
----
10 values hashing to 85ba30eef17fc9cad69f60d48a75b0b9

query I nosort
SELECT CASE a+1 WHEN b THEN 111 WHEN c THEN 222
        WHEN d THEN 333  WHEN e THEN 444 ELSE 555 END
  FROM t1
 WHERE c BETWEEN b-2 AND d+2
    OR d NOT BETWEEN 110 AND 150
    OR b>c
 ORDER BY 1
----
29 values hashing to 60438bc97433575b27692732a1fc3a1a

query III nosort
SELECT CASE WHEN c>(SELECT avg(c) FROM t1) THEN a*2 ELSE b*10 END,
       a-b,
       abs(b-c)
  FROM t1
 WHERE c>d
    OR (c<=d-2 OR c>=d+2)
 ORDER BY 2,1,3
----
69 values hashing to 21fb0616ea7789afb7e48ef466387e01

query III nosort
SELECT CASE WHEN c>(SELECT avg(c) FROM t1) THEN a*2 ELSE b*10 END,
       d,
       a+b*2+c*3
  FROM t1
 WHERE b>c
    OR c BETWEEN b-2 AND d+2
    OR d NOT BETWEEN 110 AND 150
 ORDER BY 1,3,2
----
87 values hashing to 9f14eddd318ce87987f67ec027255159

query III nosort
SELECT (a+b+c+d+e)/5,
       a,
       b
  FROM t1
 WHERE c BETWEEN b-2 AND d+2
 ORDER BY 3,2,1
----
66 values hashing to 6ceda7f4ed630291e9090bc96e62be7c

query IIIII nosort
SELECT c,
       a-b,
       a+b*2+c*3,
       abs(b-c),
       a+b*2+c*3+d*4
  FROM t1
 WHERE d NOT BETWEEN 110 AND 150
    OR d>e
    OR a>b
 ORDER BY 5,3,2,4,1
----
140 values hashing to fc266d3bd870c2607aaf5ba9f695a329

query IIIIII nosort
SELECT a+b*2+c*3+d*4+e*5,
       abs(b-c),
       a,
       abs(a),
       b,
       a+b*2
  FROM t1
 WHERE a>b
    OR (a>b-2 AND a<b+2)
 ORDER BY 1,6,3,5,4,2
----
138 values hashing to 2c0e002c91f6421ebd123815070f3033

query I nosort
SELECT abs(b-c)
  FROM t1
 ORDER BY 1
----
30 values hashing to ebf2696a89b67ae7c2bb5d796d902b72

query IIIIIII nosort
SELECT a+b*2+c*3+d*4+e*5,
       b-c,
       d-e,
       a+b*2+c*3+d*4,
       CASE WHEN c>(SELECT avg(c) FROM t1) THEN a*2 ELSE b*10 END,
       (SELECT count(*) FROM t1 AS x WHERE x.b<t1.b),
       d
  FROM t1
 WHERE (e>a AND e<b)
   AND EXISTS(SELECT 1 FROM t1 AS x WHERE x.b<t1.b)
   AND c BETWEEN b-2 AND d+2
 ORDER BY 6,4,1,5,3,7,2
----
14 values hashing to 89b8c971ba8b5b3394998a86198c12f6

query II nosort
SELECT a+b*2+c*3+d*4+e*5,
       a+b*2
  FROM t1
 WHERE c BETWEEN b-2 AND d+2
    OR e+d BETWEEN a+b-10 AND c+130
 ORDER BY 1,2
----
48 values hashing to 431151c60a9de2bc6ff9aa315143615e

query III nosort
SELECT CASE WHEN c>(SELECT avg(c) FROM t1) THEN a*2 ELSE b*10 END,
       CASE WHEN a<b-3 THEN 111 WHEN a<=b THEN 222
        WHEN a<b+3 THEN 333 ELSE 444 END,
       a+b*2+c*3+d*4
  FROM t1
 ORDER BY 2,3,1
----
90 values hashing to 95dc79fe00aff04819a8779833b65771

query I nosort
SELECT c
  FROM t1
 WHERE d NOT BETWEEN 110 AND 150
 ORDER BY 1
----
22 values hashing to 998be35e038bf206f9c89e0d7e73dd6d

query IIIII nosort
SELECT a+b*2,
       a,
       d,
       c,
       (a+b+c+d+e)/5
  FROM t1
 ORDER BY 4,2,3,1,5
----
150 values hashing to 669ba5af7838e6691a8c9d82c2fe58d8

query IIIII nosort
SELECT a-b,
       a+b*2+c*3,
       a+b*2+c*3+d*4,
       d,
       (a+b+c+d+e)/5
  FROM t1
 WHERE EXISTS(SELECT 1 FROM t1 AS x WHERE x.b<t1.b)
 ORDER BY 4,5,3,2,1
----
145 values hashing to 3c0e6f9113f9cdb790a510df17043eae

query I nosort
SELECT d-e
  FROM t1
 WHERE c BETWEEN b-2 AND d+2
 ORDER BY 1
----
22 values hashing to 1c223baf885ce762193d10b87614346e

query III nosort
SELECT abs(b-c),
       a+b*2+c*3,
       a+b*2
  FROM t1
 ORDER BY 1,3,2
----
90 values hashing to 63183180942512db4a775679869a001e

query IIIII nosort
SELECT d,
       CASE a+1 WHEN b THEN 111 WHEN c THEN 222
        WHEN d THEN 333  WHEN e THEN 444 ELSE 555 END,
       a,
       d-e,
       a+b*2+c*3+d*4+e*5
  FROM t1
 WHERE d>e
   AND EXISTS(SELECT 1 FROM t1 AS x WHERE x.b<t1.b)
 ORDER BY 4,3,5,1,2
----
80 values hashing to 1a37211e113e1cc55cffc131c9892bb1

query IIIIII nosort
SELECT abs(a),
       CASE WHEN a<b-3 THEN 111 WHEN a<=b THEN 222
        WHEN a<b+3 THEN 333 ELSE 444 END,
       e,
       a+b*2,
       a,
       a-b
  FROM t1
 WHERE (c<=d-2 OR c>=d+2)
   AND EXISTS(SELECT 1 FROM t1 AS x WHERE x.b<t1.b)
 ORDER BY 1,2,5,3,6,4
----
90 values hashing to 1b3e2c80abe73c47dce4a903782ad899

query IIIIII nosort
SELECT a-b,
       CASE WHEN a<b-3 THEN 111 WHEN a<=b THEN 222
        WHEN a<b+3 THEN 333 ELSE 444 END,
       b-c,
       a+b*2+c*3+d*4,
       b,
       abs(b-c)
  FROM t1
 WHERE c BETWEEN b-2 AND d+2
   AND d NOT BETWEEN 110 AND 150
   AND (e>a AND e<b)
 ORDER BY 4,1,5,6,2,3
----
12 values hashing to 622a1ca6f971aae91058cf1067b530ff

query IIII nosort
SELECT b,
       a-b,
       a,
       abs(a)
  FROM t1
 WHERE d NOT BETWEEN 110 AND 150
 ORDER BY 1,2,3,4
----
88 values hashing to 2820aafd42976a6213cb2b0499401103

query III nosort
SELECT a+b*2+c*3+d*4+e*5,
       b-c,
       d-e
  FROM t1
 ORDER BY 2,3,1
----
90 values hashing to 577bb9d41043fa7499fca863c9201ba8

query IIIII nosort
SELECT (a+b+c+d+e)/5,
       a+b*2+c*3,
       a-b,
       abs(b-c),
       a+b*2
  FROM t1
 WHERE (a>b-2 AND a<b+2)
    OR c BETWEEN b-2 AND d+2
 ORDER BY 2,1,5,4,3
----
125 values hashing to 71783a534966e0cd68c32a87f62c08ec

query I nosort
SELECT a+b*2+c*3+d*4+e*5
  FROM t1
 ORDER BY 1
----
30 values hashing to 9a0d83a47e9ea85f0da38e0f9ca27f2e

query II nosort
SELECT (a+b+c+d+e)/5,
       c
  FROM t1
 WHERE (c<=d-2 OR c>=d+2)
 ORDER BY 1,2
----
30 values hashing to 0f5786c35d6a3334fe23ccebd6d6b4f8

query III nosort
SELECT a-b,
       b,
       CASE WHEN a<b-3 THEN 111 WHEN a<=b THEN 222
        WHEN a<b+3 THEN 333 ELSE 444 END
  FROM t1
 ORDER BY 2,1,3
----
90 values hashing to a8152191b3cd5070f3841704cd959495

query IIII nosort
SELECT e,
       a+b*2,
       abs(a),
       b
  FROM t1
 ORDER BY 4,2,1,3
----
120 values hashing to 3cd408ee0d03339fac22eca8ec8d2bb8

query IIIII nosort
SELECT CASE WHEN a<b-3 THEN 111 WHEN a<=b THEN 222
        WHEN a<b+3 THEN 333 ELSE 444 END,
       CASE a+1 WHEN b THEN 111 WHEN c THEN 222
        WHEN d THEN 333  WHEN e THEN 444 ELSE 555 END,
       a+b*2+c*3+d*4+e*5,
       b-c,
       d-e
  FROM t1
 WHERE (c<=d-2 OR c>=d+2)
 ORDER BY 5,3,2,1,4
----
75 values hashing to 893e24339a4507d442b4fa21e8520989

query I nosort
SELECT d
  FROM t1
 ORDER BY 1
----
30 values hashing to 0c542471646c50440dc6eda5bb1b61a8

query III nosort
SELECT abs(b-c),
       a-b,
       (a+b+c+d+e)/5
  FROM t1
 WHERE c BETWEEN b-2 AND d+2
    OR (a>b-2 AND a<b+2)
 ORDER BY 2,1,3
----
75 values hashing to 8d30bfb2d85041d1a0419ccbf6a5b78f

query III nosort
SELECT CASE WHEN a<b-3 THEN 111 WHEN a<=b THEN 222
        WHEN a<b+3 THEN 333 ELSE 444 END,
       e,
       b-c
  FROM t1
 WHERE c BETWEEN b-2 AND d+2
   AND b>c
   AND c>d
 ORDER BY 2,1,3
----
9 values hashing to f43d74c9e89e35866c98a91869e403da

query II nosort
SELECT CASE a+1 WHEN b THEN 111 WHEN c THEN 222
        WHEN d THEN 333  WHEN e THEN 444 ELSE 555 END,
       a+b*2+c*3+d*4+e*5
  FROM t1
 ORDER BY 2,1
----
60 values hashing to 7233f8ee208b3d2922a1c079ce9f785a

query II nosort
SELECT CASE a+1 WHEN b THEN 111 WHEN c THEN 222
        WHEN d THEN 333  WHEN e THEN 444 ELSE 555 END,
       b
  FROM t1
 ORDER BY 1,2
----
60 values hashing to 32eaa03d1690e6a79bee8609c596e8e4

query IIIIIII nosort
SELECT b,
       c,
       abs(a),
       d,
       CASE a+1 WHEN b THEN 111 WHEN c THEN 222
        WHEN d THEN 333  WHEN e THEN 444 ELSE 555 END,
       CASE WHEN a<b-3 THEN 111 WHEN a<=b THEN 222
        WHEN a<b+3 THEN 333 ELSE 444 END,
       (a+b+c+d+e)/5
  FROM t1
 WHERE d>e
   AND c BETWEEN b-2 AND d+2
   AND (e>a AND e<b)
 ORDER BY 2,4,5,6,3,7,1
----
14 values hashing to 94dc1eae57798c8862e7d5b4cfd12cff

query I nosort
SELECT d
  FROM t1
 WHERE e+d BETWEEN a+b-10 AND c+130
    OR d>e
    OR a>b
 ORDER BY 1
----
26 values hashing to 7dcc836442eac90a7fa906c12d0ffba1

query II nosort
SELECT a+b*2+c*3+d*4+e*5,
       b-c
  FROM t1
 WHERE (a>b-2 AND a<b+2)
 ORDER BY 2,1
----
22 values hashing to 5df231969b8d5bdc0ea1ed90ff3b23d2

query II nosort
SELECT abs(a),
       a-b
  FROM t1
 ORDER BY 1,2
----
60 values hashing to 3b45a32bacb258a454a82f10a8146228

query IIIIIII nosort
SELECT b-c,
       CASE a+1 WHEN b THEN 111 WHEN c THEN 222
        WHEN d THEN 333  WHEN e THEN 444 ELSE 555 END,
       (a+b+c+d+e)/5,
       b,
       c-d,
       a+b*2,
       a+b*2+c*3
  FROM t1
 WHERE c>d
   AND (e>c OR e<d)
   AND d>e
 ORDER BY 4,7,5,2,1,6,3
----
42 values hashing to f778b6cfbf38f0fadd2c9175abb14947

query IIIIIII nosort
SELECT c-d,
       a-b,
       b,
       b-c,
       CASE WHEN c>(SELECT avg(c) FROM t1) THEN a*2 ELSE b*10 END,
       c,
       a+b*2
  FROM t1
 ORDER BY 1,5,4,3,2,6,7
----
210 values hashing to e53b6730271bb74da608aeb6d75ea354

query IIII nosort
SELECT a+b*2+c*3,
       a,
       CASE WHEN a<b-3 THEN 111 WHEN a<=b THEN 222
        WHEN a<b+3 THEN 333 ELSE 444 END,
       abs(a)
  FROM t1
 WHERE (a>b-2 AND a<b+2)
    OR b>c
 ORDER BY 2,4,3,1
----
76 values hashing to ae99c64007a7ed5e938cc3f7d79c5d00

query IIIII nosort
SELECT CASE WHEN c>(SELECT avg(c) FROM t1) THEN a*2 ELSE b*10 END,
       d,
       abs(a),
       e,
       a+b*2
  FROM t1
 WHERE c BETWEEN b-2 AND d+2
 ORDER BY 3,4,2,1,5
----
110 values hashing to 56d7502cb25a03f7170e568d9124ecc9

query IIII nosort
SELECT b-c,
       e,
       c-d,
       a-b
  FROM t1
 WHERE b>c
    OR c BETWEEN b-2 AND d+2
    OR d NOT BETWEEN 110 AND 150
 ORDER BY 4,1,2,3
----
116 values hashing to e51d5af527372bac218e0b5c21153013

query III nosort
SELECT a+b*2+c*3+d*4,
       (a+b+c+d+e)/5,
       b
  FROM t1
 ORDER BY 1,2,3
----
90 values hashing to 532651aa8e5c293b169f68dbcbc547ff

query IIIII nosort
SELECT c-d,
       (a+b+c+d+e)/5,
       abs(b-c),
       c,
       d
  FROM t1
 WHERE c>d
    OR a>b
 ORDER BY 4,2,3,1,5
----
130 values hashing to 621684d11a2a5694126393ed924fd34b

query III nosort
SELECT a+b*2+c*3,
       d,
       abs(b-c)
  FROM t1
 ORDER BY 3,1,2
----
90 values hashing to 94a68989fa6a8cf9e887b617692bb101

query IIII nosort
SELECT e,
       a+b*2+c*3,
       abs(b-c),
       d-e
  FROM t1
 ORDER BY 1,3,4,2
----
120 values hashing to 5dc183edf914e31f94314b7bc288848d

query IIII nosort
SELECT a,
       abs(a),
       d-e,
       e
  FROM t1
 ORDER BY 2,4,1,3
----
120 values hashing to e70daaeccb2899ae3ab5a338ca45c0fa

query III nosort
SELECT b-c,
       a-b,
       a+b*2
  FROM t1
 ORDER BY 1,2,3
----
90 values hashing to 421f11d9db40e5b3cfea3a86c2b3bf1c

query II nosort
SELECT a+b*2+c*3+d*4+e*5,
       abs(b-c)
  FROM t1
 WHERE EXISTS(SELECT 1 FROM t1 AS x WHERE x.b<t1.b)
 ORDER BY 2,1
----
58 values hashing to 91d6869d5b9abdb04ae95cba62e03774

query I nosort
SELECT c-d
  FROM t1
 WHERE d NOT BETWEEN 110 AND 150
    OR d>e
 ORDER BY 1
----
28 values hashing to ae8b5e96b30d88fb1ab70fe4095e3a96

query IIIIII nosort
SELECT a+b*2+c*3+d*4,
       a,
       c-d,
       abs(b-c),
       b,
       CASE WHEN c>(SELECT avg(c) FROM t1) THEN a*2 ELSE b*10 END
  FROM t1
 WHERE (e>c OR e<d)
    OR (c<=d-2 OR c>=d+2)
 ORDER BY 4,3,2,5,1,6
----
180 values hashing to 7e45631d2b6d6694abd0f917d9c07c4a

query IIIIII nosort
SELECT a,
       a+b*2+c*3+d*4+e*5,
       b,
       CASE WHEN c>(SELECT avg(c) FROM t1) THEN a*2 ELSE b*10 END,
       e,
       a-b
  FROM t1
 ORDER BY 1,4,5,3,6,2
----
180 values hashing to a41f3eb3f1b24084c9ad20c7fa2cadc4

query I nosort
SELECT abs(a)
  FROM t1
 WHERE a>b
 ORDER BY 1
----
19 values hashing to 7935ab41ef16fa86550d2ecd13497930

query I nosort
SELECT a+b*2+c*3+d*4+e*5
  FROM t1
 WHERE (c<=d-2 OR c>=d+2)
 ORDER BY 1
----
15 values hashing to 21fef18aeb42508fd385db124bd2a8cc

query IIIII nosort
SELECT CASE WHEN a<b-3 THEN 111 WHEN a<=b THEN 222
        WHEN a<b+3 THEN 333 ELSE 444 END,
       a+b*2+c*3+d*4+e*5,
       CASE a+1 WHEN b THEN 111 WHEN c THEN 222
        WHEN d THEN 333  WHEN e THEN 444 ELSE 555 END,
       (a+b+c+d+e)/5,
       c-d
  FROM t1
 ORDER BY 2,4,5,1,3
----
150 values hashing to d2ce913033e84a4c69b91191db3b8a07

query IIIIIII nosort
SELECT d,
       d-e,
       CASE WHEN c>(SELECT avg(c) FROM t1) THEN a*2 ELSE b*10 END,
       a+b*2,
       a+b*2+c*3+d*4+e*5,
       CASE WHEN a<b-3 THEN 111 WHEN a<=b THEN 222
        WHEN a<b+3 THEN 333 ELSE 444 END,
       a+b*2+c*3
  FROM t1
 ORDER BY 3,2,4,5,7,1,6
----
210 values hashing to a5fffe20bb1c7a1e393e2560a6e79be6

query IIIII nosort
SELECT b,
       abs(a),
       CASE a+1 WHEN b THEN 111 WHEN c THEN 222
        WHEN d THEN 333  WHEN e THEN 444 ELSE 555 END,
       b-c,
       a-b
  FROM t1
 ORDER BY 4,5,3,2,1
----
150 values hashing to 6c74a3313ad194acb0f970e759de70e8

query IIIII nosort
SELECT a+b*2+c*3+d*4,
       (a+b+c+d+e)/5,
       d,
       e,
       a+b*2
  FROM t1
 ORDER BY 2,3,4,1,5
----
150 values hashing to 9f8c9a18fe3256a5427a7cbef090f435

query III nosort
SELECT b,
       e,
       b-c
  FROM t1
 ORDER BY 2,1,3
----
90 values hashing to 600c8683d405cc652ef67b480900c83f

query IIIIII nosort
SELECT abs(b-c),
       a+b*2,
       d,
       b-c,
       a-b,
       d-e
  FROM t1
 WHERE (a>b-2 AND a<b+2)
   AND c>d
 ORDER BY 3,1,2,5,6,4
----
30 values hashing to d39306fef5d6bbbd904608305c01b290

query II nosort
SELECT abs(b-c),
       e
  FROM t1
 ORDER BY 2,1
----
60 values hashing to 7275ca47f09492dd08ec32ff81fb9e1f

query IIII nosort
SELECT a+b*2+c*3,
       a+b*2+c*3+d*4,
       a-b,
       a+b*2
  FROM t1
 WHERE d>e
   AND c>d
   AND a>b
 ORDER BY 3,1,2,4
----
12 values hashing to 22099d5488a4d865c8fe18b2de1567c6

query III nosort
SELECT b,
       a+b*2+c*3,
       d-e
  FROM t1
 WHERE (a>b-2 AND a<b+2)
 ORDER BY 3,1,2
----
33 values hashing to 4464e6b6019973b9357faf1898fdb3f3

query IIIIII nosort
SELECT a-b,
       a,
       d,
       CASE a+1 WHEN b THEN 111 WHEN c THEN 222
        WHEN d THEN 333  WHEN e THEN 444 ELSE 555 END,
       abs(b-c),
       a+b*2+c*3+d*4+e*5
  FROM t1
 WHERE (e>a AND e<b)
 ORDER BY 4,5,1,6,3,2
----
24 values hashing to 0cdc4c325ebe279be7c16130db81e299

query IIIII nosort
SELECT c-d,
       abs(a),
       a+b*2+c*3,
       CASE WHEN a<b-3 THEN 111 WHEN a<=b THEN 222
        WHEN a<b+3 THEN 333 ELSE 444 END,
       CASE WHEN c>(SELECT avg(c) FROM t1) THEN a*2 ELSE b*10 END
  FROM t1
 ORDER BY 4,2,5,1,3
----
150 values hashing to 744565fa85149ebe3ea996326d3b8b13

query I nosort
SELECT a+b*2
  FROM t1
 WHERE a>b
    OR (e>c OR e<d)
 ORDER BY 1
----
28 values hashing to accae7212929fbefc8d634ddef286572

query III nosort
SELECT c-d,
       CASE a+1 WHEN b THEN 111 WHEN c THEN 222
        WHEN d THEN 333  WHEN e THEN 444 ELSE 555 END,
       a+b*2+c*3+d*4
  FROM t1
 WHERE d NOT BETWEEN 110 AND 150
    OR c BETWEEN b-2 AND d+2
    OR EXISTS(SELECT 1 FROM t1 AS x WHERE x.b<t1.b)
 ORDER BY 2,1,3
----
90 values hashing to d4c08d26fb7262abff3283495e53ef07

query II nosort
SELECT b,
       a+b*2
  FROM t1
 WHERE (e>a AND e<b)
    OR (a>b-2 AND a<b+2)
    OR (e>c OR e<d)
 ORDER BY 2,1
----
58 values hashing to 6e904065f56e9d17cd6aa8d20a330f24

query III nosort
SELECT b-c,
       a,
       d-e
  FROM t1
 ORDER BY 1,3,2
----
90 values hashing to 1f593201ad9d2210fa9b56b756bc1237

query IIIIIII nosort
SELECT a-b,
       c-d,
       CASE WHEN a<b-3 THEN 111 WHEN a<=b THEN 222
        WHEN a<b+3 THEN 333 ELSE 444 END,
       (a+b+c+d+e)/5,
       a+b*2+c*3+d*4+e*5,
       b,
       abs(b-c)
  FROM t1
 WHERE b>c
 ORDER BY 5,2,1,7,3,4,6
----
98 values hashing to 42243c8de628bef73888c710837ce1fe

query III nosort
SELECT d,
       (a+b+c+d+e)/5,
       CASE WHEN a<b-3 THEN 111 WHEN a<=b THEN 222
        WHEN a<b+3 THEN 333 ELSE 444 END
  FROM t1
 WHERE b>c
 ORDER BY 1,3,2
----
42 values hashing to adb133664f189e7397ae8b901fdafabc

query IIII nosort
SELECT abs(a),
       CASE WHEN c>(SELECT avg(c) FROM t1) THEN a*2 ELSE b*10 END,
       b,
       b-c
  FROM t1
 WHERE (c<=d-2 OR c>=d+2)
 ORDER BY 3,1,2,4
----
60 values hashing to 537018406f031d7e81f5a1a9ee9d4b64

query IIIIII nosort
SELECT a+b*2,
       CASE a+1 WHEN b THEN 111 WHEN c THEN 222
        WHEN d THEN 333  WHEN e THEN 444 ELSE 555 END,
       b,
       a-b,
       b-c,
       d
  FROM t1
 WHERE d NOT BETWEEN 110 AND 150
    OR (c<=d-2 OR c>=d+2)
    OR (e>a AND e<b)
 ORDER BY 2,6,1,4,3,5
----
144 values hashing to 9266b31632a5347c36e4390e5c199fb9

query III nosort
SELECT a+b*2+c*3+d*4,
       (a+b+c+d+e)/5,
       abs(b-c)
  FROM t1
 WHERE (c<=d-2 OR c>=d+2)
 ORDER BY 3,1,2
----
45 values hashing to c53f1f88bc7b92d941462d1081bacb46

query I nosort
SELECT a+b*2+c*3+d*4
  FROM t1
 WHERE (e>c OR e<d)
   AND c BETWEEN b-2 AND d+2
 ORDER BY 1
----
22 values hashing to 59cac8a106613a4b6a96e597e54b11bc

query I nosort
SELECT a-b
  FROM t1
 WHERE c>d
 ORDER BY 1
----
14 values hashing to 28d7a52ffd1e2866a0fa7582a43ec38e

query IIIII nosort
SELECT CASE a+1 WHEN b THEN 111 WHEN c THEN 222
        WHEN d THEN 333  WHEN e THEN 444 ELSE 555 END,
       a,
       abs(a),
       c,
       d-e
  FROM t1
 ORDER BY 5,4,1,2,3
----
150 values hashing to 33c133cd531a8c83b0e12c1bf2816a47

query I nosort
SELECT CASE WHEN c>(SELECT avg(c) FROM t1) THEN a*2 ELSE b*10 END
  FROM t1
 WHERE (a>b-2 AND a<b+2)
 ORDER BY 1
----
11 values hashing to 6d95745357c8d363bb187f409b7252c8

query II nosort
SELECT d,
       c
  FROM t1
 ORDER BY 2,1
----
60 values hashing to 69d4ff328a48a4f568bea511642fb2b6

query I nosort
SELECT d-e
  FROM t1
 WHERE EXISTS(SELECT 1 FROM t1 AS x WHERE x.b<t1.b)
   AND a>b
 ORDER BY 1
----
18 values hashing to a5e48a0153bf4c438302b48fadaaa38e

query IIIII nosort
SELECT d-e,
       b-c,
       a-b,
       a+b*2+c*3+d*4,
       abs(a)
  FROM t1
 ORDER BY 1,5,3,4,2
----
150 values hashing to 7b23e04dc880c8d57e7ebf2ce767fde5

query IIII nosort
SELECT b-c,
       a+b*2+c*3+d*4,
       c-d,
       a-b
  FROM t1
 ORDER BY 2,4,3,1
----
120 values hashing to 7c9d31e357ba5e9ca4d8d2ef8f56117a

query IIIIIII nosort
SELECT b,
       b-c,
       a+b*2+c*3,
       abs(a),
       c-d,
       a,
       d-e
  FROM t1
 WHERE b>c
 ORDER BY 4,6,1,3,7,2,5
----
98 values hashing to 8420ffda963b1647bef090ee5739449a

query I nosort
SELECT c
  FROM t1
 ORDER BY 1
----
30 values hashing to 70364ca416eb4255377b03cd243b032a

query IIIIII nosort
SELECT a+b*2+c*3,
       c,
       CASE WHEN c>(SELECT avg(c) FROM t1) THEN a*2 ELSE b*10 END,
       b,
       b-c,
       CASE WHEN a<b-3 THEN 111 WHEN a<=b THEN 222
        WHEN a<b+3 THEN 333 ELSE 444 END
  FROM t1
 ORDER BY 5,3,1,2,6,4
----
180 values hashing to 8308675248fdb458de9cb714090daf99

query II nosort
SELECT CASE WHEN c>(SELECT avg(c) FROM t1) THEN a*2 ELSE b*10 END,
       a+b*2+c*3+d*4+e*5
  FROM t1
 WHERE (e>c OR e<d)
    OR (e>a AND e<b)
    OR c BETWEEN b-2 AND d+2
 ORDER BY 2,1
----
58 values hashing to 62ca5e1d2214a5edbe47153dda5696b9

query II nosort
SELECT CASE WHEN c>(SELECT avg(c) FROM t1) THEN a*2 ELSE b*10 END,
       a
  FROM t1
 WHERE b>c
   AND c BETWEEN b-2 AND d+2
   AND (e>c OR e<d)
 ORDER BY 1,2
----
16 values hashing to 8f1e0e0c04143148e7f0b70519bcc456

query IIII nosort
SELECT a,
       b,
       abs(a),
       CASE WHEN c>(SELECT avg(c) FROM t1) THEN a*2 ELSE b*10 END
  FROM t1
 WHERE (c<=d-2 OR c>=d+2)
    OR a>b
 ORDER BY 2,3,4,1
----
96 values hashing to 045d2c4fc1e63a274a28e442878914b1

query IIIIII nosort
SELECT a+b*2+c*3,
       d-e,
       a+b*2+c*3+d*4,
       d,
       CASE a+1 WHEN b THEN 111 WHEN c THEN 222
        WHEN d THEN 333  WHEN e THEN 444 ELSE 555 END,
       abs(a)
  FROM t1
 WHERE b>c
   AND (e>c OR e<d)
 ORDER BY 2,3,4,5,6,1
----
78 values hashing to 68b9d7afd5c62e5c4bb2c20478a07a61

query I nosort
SELECT b
  FROM t1
 WHERE (a>b-2 AND a<b+2)
 ORDER BY 1
----
11 values hashing to c11ff9c2a7e1278b7c296c552128c88a

query IIIII nosort
SELECT CASE a+1 WHEN b THEN 111 WHEN c THEN 222
        WHEN d THEN 333  WHEN e THEN 444 ELSE 555 END,
       b,
       c,
       CASE WHEN a<b-3 THEN 111 WHEN a<=b THEN 222
        WHEN a<b+3 THEN 333 ELSE 444 END,
       a
  FROM t1
 WHERE (e>a AND e<b)
   AND (c<=d-2 OR c>=d+2)
 ORDER BY 5,3,2,1,4
----
15 values hashing to 49314335687b2ed3cd15a37ace339ff2

query III nosort
SELECT a+b*2+c*3+d*4+e*5,
       a-b,
       a+b*2+c*3
  FROM t1
 ORDER BY 2,3,1
----
90 values hashing to eb08dc2a0f14d493bfe5f8cf91fb03ba

query II nosort
SELECT d,
       CASE WHEN c>(SELECT avg(c) FROM t1) THEN a*2 ELSE b*10 END
  FROM t1
 ORDER BY 1,2
----
60 values hashing to 91d685ea328c85b4182c8973881038bf

query IIII nosort
SELECT c-d,
       CASE a+1 WHEN b THEN 111 WHEN c THEN 222
        WHEN d THEN 333  WHEN e THEN 444 ELSE 555 END,
       b-c,
       b
  FROM t1
 WHERE (a>b-2 AND a<b+2)
    OR (c<=d-2 OR c>=d+2)
 ORDER BY 3,4,2,1
----
100 values hashing to 028c01fd1a3fde99ed6dcf60c1113942

query I nosort
SELECT b-c
  FROM t1
 WHERE EXISTS(SELECT 1 FROM t1 AS x WHERE x.b<t1.b)
 ORDER BY 1
----
29 values hashing to 789bee9c1319bb51fce441fc48c889eb

query IIIIIII nosort
SELECT CASE WHEN c>(SELECT avg(c) FROM t1) THEN a*2 ELSE b*10 END,
       a+b*2,
       CASE a+1 WHEN b THEN 111 WHEN c THEN 222
        WHEN d THEN 333  WHEN e THEN 444 ELSE 555 END,
       (a+b+c+d+e)/5,
       abs(a),
       abs(b-c),
       c-d
  FROM t1
 ORDER BY 3,7,1,4,6,2,5
----
210 values hashing to 83f9eb2c991235ceaf943aab7abde5f6

query I nosort
SELECT CASE a+1 WHEN b THEN 111 WHEN c THEN 222
        WHEN d THEN 333  WHEN e THEN 444 ELSE 555 END
  FROM t1
 WHERE (a>b-2 AND a<b+2)
 ORDER BY 1
----
11 values hashing to 7ba247a09824fc0a1f84d576feb5c1ba

query IIIII nosort
SELECT e,
       CASE WHEN c>(SELECT avg(c) FROM t1) THEN a*2 ELSE b*10 END,
       (a+b+c+d+e)/5,
       d,
       d-e
  FROM t1
 WHERE (c<=d-2 OR c>=d+2)
    OR d NOT BETWEEN 110 AND 150
    OR (e>c OR e<d)
 ORDER BY 5,4,2,3,1
----
150 values hashing to 13d3c2f83fa3cf186cf6ebda9e14254f

query III nosort
SELECT c-d,
       abs(b-c),
       a+b*2
  FROM t1
 WHERE d>e
   AND a>b
 ORDER BY 1,2,3
----
30 values hashing to 0c419a3b667dc7ff35fb414aaaaa747d

query II nosort
SELECT e,
       a+b*2+c*3
  FROM t1
 WHERE (e>a AND e<b)
    OR b>c
    OR (e>c OR e<d)
 ORDER BY 2,1
----
58 values hashing to 1ffc5abf8d6961518c76505d9de3ccda

query IIIII nosort
SELECT a+b*2+c*3+d*4,
       a+b*2+c*3+d*4+e*5,
       a,
       b,
       a+b*2
  FROM t1
 WHERE b>c
   AND (e>a AND e<b)
   AND d NOT BETWEEN 110 AND 150
 ORDER BY 5,1,2,3,4
----
10 values hashing to b1ede94648229b93b2cbc4b745c90874

query III nosort
SELECT e,
       a+b*2+c*3+d*4,
       (a+b+c+d+e)/5
  FROM t1
 ORDER BY 2,3,1
----
90 values hashing to a693972973d8fc824fbad0bfa2fd3a4a

query IIII nosort
SELECT c-d,
       d-e,
       d,
       a+b*2+c*3
  FROM t1
 ORDER BY 3,2,4,1
----
120 values hashing to 437e9c1325f85bf8fe189bd06339009d

query I nosort
SELECT abs(b-c)
  FROM t1
 WHERE c BETWEEN b-2 AND d+2
   AND (c<=d-2 OR c>=d+2)
 ORDER BY 1
----
10 values hashing to 957f34bd4f6530b19d41aade9e48d932

query IIII nosort
SELECT (a+b+c+d+e)/5,
       CASE WHEN c>(SELECT avg(c) FROM t1) THEN a*2 ELSE b*10 END,
       abs(a),
       a+b*2
  FROM t1
 WHERE EXISTS(SELECT 1 FROM t1 AS x WHERE x.b<t1.b)
    OR c BETWEEN b-2 AND d+2
 ORDER BY 2,4,3,1
----
120 values hashing to d1679dff50b535f67256f37abd94fa60

query IIIIIII nosort
SELECT a,
       CASE WHEN c>(SELECT avg(c) FROM t1) THEN a*2 ELSE b*10 END,
       CASE WHEN a<b-3 THEN 111 WHEN a<=b THEN 222
        WHEN a<b+3 THEN 333 ELSE 444 END,
       b-c,
       a+b*2+c*3+d*4,
       c-d,
       d-e
  FROM t1
 WHERE c>d
    OR e+d BETWEEN a+b-10 AND c+130
 ORDER BY 7,3,6,5,2,1,4
----
119 values hashing to 2dfa1a701af66a88618468f9f2eca6d7

query IIIIII nosort
SELECT a+b*2+c*3,
       c-d,
       CASE WHEN c>(SELECT avg(c) FROM t1) THEN a*2 ELSE b*10 END,
       a+b*2+c*3+d*4,
       (a+b+c+d+e)/5,
       a+b*2+c*3+d*4+e*5
  FROM t1
 ORDER BY 1,6,5,3,4,2
----
180 values hashing to 149fa3187b59deeaf8ca7bc9937e9c50

query I nosort
SELECT CASE WHEN c>(SELECT avg(c) FROM t1) THEN a*2 ELSE b*10 END
  FROM t1
 WHERE (e>c OR e<d)
    OR e+d BETWEEN a+b-10 AND c+130
 ORDER BY 1
----
28 values hashing to c029877def2553b6b07b4b2447e85a59

query III nosort
SELECT b,
       a,
       a+b*2+c*3+d*4
  FROM t1
 ORDER BY 3,1,2
----
90 values hashing to 891035696f9a04823f3dbdce5a5c13d9

query IIII nosort
SELECT abs(a),
       a+b*2+c*3,
       (a+b+c+d+e)/5,
       b-c
  FROM t1
 WHERE (a>b-2 AND a<b+2)
    OR e+d BETWEEN a+b-10 AND c+130
 ORDER BY 1,3,2,4
----
64 values hashing to 0019a4d9f417a2e0b2bee1637e4db8e5

query III nosort
SELECT a-b,
       d-e,
       CASE WHEN a<b-3 THEN 111 WHEN a<=b THEN 222
        WHEN a<b+3 THEN 333 ELSE 444 END
  FROM t1
 WHERE c BETWEEN b-2 AND d+2
 ORDER BY 2,3,1
----
66 values hashing to d267b7520137b39e8d2ace7f0e1ef90a

query I nosort
SELECT c
  FROM t1
 WHERE (e>c OR e<d)
 ORDER BY 1
----
27 values hashing to f46e34330cef7bee4b17e127fcb2433f

query IIIIIII nosort
SELECT CASE WHEN a<b-3 THEN 111 WHEN a<=b THEN 222
        WHEN a<b+3 THEN 333 ELSE 444 END,
       a,
       CASE WHEN c>(SELECT avg(c) FROM t1) THEN a*2 ELSE b*10 END,
       c-d,
       e,
       abs(a),
       d
  FROM t1
 WHERE EXISTS(SELECT 1 FROM t1 AS x WHERE x.b<t1.b)
   AND (e>a AND e<b)
 ORDER BY 6,1,5,2,4,7,3
----
28 values hashing to 20c5a451edebc73adbd8b3afd216f599

query III nosort
SELECT b,
       CASE WHEN a<b-3 THEN 111 WHEN a<=b THEN 222
        WHEN a<b+3 THEN 333 ELSE 444 END,
       d
  FROM t1
 ORDER BY 3,2,1
----
90 values hashing to 4ef8091171bdcd75f14227ae962a986b

query IIIII nosort
SELECT c-d,
       a-b,
       a+b*2+c*3+d*4,
       a+b*2+c*3+d*4+e*5,
       (a+b+c+d+e)/5
  FROM t1
 ORDER BY 3,2,4,5,1
----
150 values hashing to 02281452fc49042060157771c16a930d

query IIIIII nosort
SELECT c-d,
       CASE a+1 WHEN b THEN 111 WHEN c THEN 222
        WHEN d THEN 333  WHEN e THEN 444 ELSE 555 END,
       c,
       a+b*2+c*3,
       d-e,
       a+b*2+c*3+d*4+e*5
  FROM t1
 ORDER BY 3,4,6,5,1,2
----
180 values hashing to 2161c1bb9bf5dcc5d41eb7df1b167b6c

query IIIIIII nosort
SELECT a+b*2,
       a-b,
       c,
       a,
       CASE a+1 WHEN b THEN 111 WHEN c THEN 222
        WHEN d THEN 333  WHEN e THEN 444 ELSE 555 END,
       a+b*2+c*3+d*4+e*5,
       a+b*2+c*3
  FROM t1
 WHERE EXISTS(SELECT 1 FROM t1 AS x WHERE x.b<t1.b)
 ORDER BY 5,3,2,7,4,6,1
----
203 values hashing to a70de5f3561fda65160a44d7ad57fc73

query II nosort
SELECT a,
       c
  FROM t1
 WHERE d>e
    OR b>c
    OR e+d BETWEEN a+b-10 AND c+130
 ORDER BY 1,2
----
50 values hashing to 522548ede2edcdbad05472fed877bcf0

query IIIIII nosort
SELECT CASE WHEN a<b-3 THEN 111 WHEN a<=b THEN 222
        WHEN a<b+3 THEN 333 ELSE 444 END,
       a,
       b,
       abs(a),
       a+b*2,
       c-d
  FROM t1
 WHERE b>c
 ORDER BY 1,6,5,3,4,2
----
84 values hashing to 0ecaed2bac05ece627b8a5c6f2cb4b2e

query I nosort
SELECT a+b*2+c*3+d*4
  FROM t1
 ORDER BY 1
----
30 values hashing to a97f06c7abca35ed0602e7a54b6ca0ac

query IIIIIII nosort
SELECT CASE WHEN a<b-3 THEN 111 WHEN a<=b THEN 222
        WHEN a<b+3 THEN 333 ELSE 444 END,
       a+b*2+c*3+d*4,
       e,
       a+b*2,
       a+b*2+c*3,
       d,
       (a+b+c+d+e)/5
  FROM t1
 ORDER BY 2,1,5,3,6,4,7
----
210 values hashing to 161ac3c1cf64f016c4aef4116ee3199f

query IIII nosort
SELECT CASE WHEN a<b-3 THEN 111 WHEN a<=b THEN 222
        WHEN a<b+3 THEN 333 ELSE 444 END,
       e,
       (a+b+c+d+e)/5,
       CASE WHEN c>(SELECT avg(c) FROM t1) THEN a*2 ELSE b*10 END
  FROM t1
 WHERE (a>b-2 AND a<b+2)
    OR d NOT BETWEEN 110 AND 150
    OR d>e
 ORDER BY 1,4,2,3
----
116 values hashing to 2a17d36050e5bdef7be9ed7b01e0a9c9

query IIIIIII nosort
SELECT b,
       CASE a+1 WHEN b THEN 111 WHEN c THEN 222
        WHEN d THEN 333  WHEN e THEN 444 ELSE 555 END,
       c-d,
       a+b*2+c*3+d*4+e*5,
       b-c,
       a+b*2,
       d-e
  FROM t1
 WHERE (c<=d-2 OR c>=d+2)
   AND (e>a AND e<b)
 ORDER BY 3,4,1,5,6,2,7
----
21 values hashing to 677c2b291c4593e92612ecd64d0703bc

query I nosort
SELECT c-d
  FROM t1
 WHERE c BETWEEN b-2 AND d+2
    OR (c<=d-2 OR c>=d+2)
 ORDER BY 1
----
27 values hashing to 4f0b87d21ae9d581463d0337566933ca

query IIII nosort
SELECT a+b*2+c*3+d*4+e*5,
       d-e,
       abs(a),
       c-d
  FROM t1
 ORDER BY 2,3,4,1
----
120 values hashing to a4578cf950facb85e767ae2f602ba469

query II nosort
SELECT a+b*2+c*3+d*4+e*5,
       c
  FROM t1
 WHERE d>e
    OR (e>c OR e<d)
 ORDER BY 2,1
----
54 values hashing to 7ef904f67c0bd193d03e91e943f2254d

query III nosort
SELECT a,
       a+b*2+c*3+d*4,
       d
  FROM t1
 ORDER BY 1,3,2
----
90 values hashing to b368ccf9ec5229d5659d6054528d110f

query IIIII nosort
SELECT b,
       CASE a+1 WHEN b THEN 111 WHEN c THEN 222
        WHEN d THEN 333  WHEN e THEN 444 ELSE 555 END,
       d-e,
       abs(a),
       (a+b+c+d+e)/5
  FROM t1
 WHERE d NOT BETWEEN 110 AND 150
    OR e+d BETWEEN a+b-10 AND c+130
    OR EXISTS(SELECT 1 FROM t1 AS x WHERE x.b<t1.b)
 ORDER BY 3,2,1,5,4
----
150 values hashing to 76e5018cbc30cd20144c127779caf4e4

query IIIIIII nosort
SELECT a-b,
       (a+b+c+d+e)/5,
       CASE a+1 WHEN b THEN 111 WHEN c THEN 222
        WHEN d THEN 333  WHEN e THEN 444 ELSE 555 END,
       abs(a),
       d-e,
       abs(b-c),
       a+b*2+c*3+d*4
  FROM t1
 ORDER BY 6,4,5,3,1,2,7
----
210 values hashing to cf1b2c11f53350ce1f0c0a031cc6e450

query IIIIII nosort
SELECT a+b*2+c*3+d*4+e*5,
       d-e,
       abs(a),
       a-b,
       b,
       CASE a+1 WHEN b THEN 111 WHEN c THEN 222
        WHEN d THEN 333  WHEN e THEN 444 ELSE 555 END
  FROM t1
 WHERE c>d
 ORDER BY 5,4,3,2,1,6
----
84 values hashing to 14526e3289f9c25f8ddec1f33ed95aa2

query I nosort
SELECT a+b*2+c*3+d*4+e*5
  FROM t1
 WHERE c>d
    OR e+d BETWEEN a+b-10 AND c+130
 ORDER BY 1
----
17 values hashing to fd124b0d49b605a982ab65f59bf5aac4

query I nosort
SELECT CASE WHEN a<b-3 THEN 111 WHEN a<=b THEN 222
        WHEN a<b+3 THEN 333 ELSE 444 END
  FROM t1
 WHERE d>e
    OR (e>a AND e<b)
 ORDER BY 1
----
18 values hashing to 00eaa2dde5ee48c9fad5b73a356050c3

query III nosort
SELECT c-d,
       a+b*2+c*3,
       a
  FROM t1
 ORDER BY 1,2,3
----
90 values hashing to 7c21a2e1ae8c9a9f0c09afe41b297db1

query III nosort
SELECT a,
       abs(a),
       CASE WHEN a<b-3 THEN 111 WHEN a<=b THEN 222
        WHEN a<b+3 THEN 333 ELSE 444 END
  FROM t1
 WHERE (a>b-2 AND a<b+2)
    OR d NOT BETWEEN 110 AND 150
    OR (e>c OR e<d)
 ORDER BY 2,1,3
----
87 values hashing to 2e112c9fa195e0196b96e9bc6865f855

query I nosort
SELECT a+b*2+c*3+d*4+e*5
  FROM t1
 WHERE (a>b-2 AND a<b+2)
    OR c BETWEEN b-2 AND d+2
 ORDER BY 1
----
25 values hashing to dc50dec43bf5c7dc2083e3bab2eaf863

query IIIIIII nosort
SELECT e,
       CASE WHEN a<b-3 THEN 111 WHEN a<=b THEN 222
        WHEN a<b+3 THEN 333 ELSE 444 END,
       a+b*2+c*3+d*4,
       a+b*2+c*3,
       c-d,
       CASE WHEN c>(SELECT avg(c) FROM t1) THEN a*2 ELSE b*10 END,
       CASE a+1 WHEN b THEN 111 WHEN c THEN 222
        WHEN d THEN 333  WHEN e THEN 444 ELSE 555 END
  FROM t1
 WHERE c>d
 ORDER BY 1,2,5,3,4,7,6
----
98 values hashing to 22e6c9d358a8b1d08d6e48554c7f9c03

query III nosort
SELECT abs(a),
       a-b,
       a+b*2+c*3
  FROM t1
 WHERE (a>b-2 AND a<b+2)
 ORDER BY 3,1,2
----
33 values hashing to 42122d82d5402dcfd82d6a76041c1f84

query IIII nosort
SELECT a-b,
       abs(a),
       CASE a+1 WHEN b THEN 111 WHEN c THEN 222
        WHEN d THEN 333  WHEN e THEN 444 ELSE 555 END,
       CASE WHEN c>(SELECT avg(c) FROM t1) THEN a*2 ELSE b*10 END
  FROM t1
 WHERE (e>c OR e<d)
 ORDER BY 3,2,4,1
----
108 values hashing to 19afedc91ac4b2e557c09139d88f4464

query III nosort
SELECT b-c,
       c-d,
       a+b*2+c*3+d*4+e*5
  FROM t1
 WHERE a>b
    OR d NOT BETWEEN 110 AND 150
 ORDER BY 1,2,3
----
72 values hashing to d376c0c0a239bc9353aca7c75bfea493

query IIII nosort
SELECT b,
       a+b*2+c*3,
       CASE WHEN c>(SELECT avg(c) FROM t1) THEN a*2 ELSE b*10 END,
       c-d
  FROM t1
 WHERE EXISTS(SELECT 1 FROM t1 AS x WHERE x.b<t1.b)
    OR (e>c OR e<d)
    OR (c<=d-2 OR c>=d+2)
 ORDER BY 1,3,2,4
----
120 values hashing to e4051c95ff9075750460d662b42d72d5

query IIII nosort
SELECT c-d,
       b-c,
       abs(b-c),
       CASE WHEN c>(SELECT avg(c) FROM t1) THEN a*2 ELSE b*10 END
  FROM t1
 WHERE e+d BETWEEN a+b-10 AND c+130
 ORDER BY 1,3,4,2
----
24 values hashing to 7f41fdcc58ab92f66267d95eaee41293

query IIII nosort
SELECT a+b*2+c*3+d*4+e*5,
       CASE WHEN c>(SELECT avg(c) FROM t1) THEN a*2 ELSE b*10 END,
       b,
       a+b*2+c*3
  FROM t1
 WHERE c BETWEEN b-2 AND d+2
 ORDER BY 3,4,2,1
----
88 values hashing to 8a7565aef4b4ff5dc5b2669162892999

query IIIIIII nosort
SELECT (SELECT count(*) FROM t1 AS x WHERE x.b<t1.b),
       abs(b-c),
       abs(a),
       a+b*2,
       a,
       CASE WHEN a<b-3 THEN 111 WHEN a<=b THEN 222
        WHEN a<b+3 THEN 333 ELSE 444 END,
       e
  FROM t1
 WHERE (e>a AND e<b)
   AND d NOT BETWEEN 110 AND 150
   AND EXISTS(SELECT 1 FROM t1 AS x WHERE x.b<t1.b)
 ORDER BY 4,2,3,7,1,5,6
----
21 values hashing to 55e9888ae6ebbdb592c80dceb129e53a

query IIIII nosort
SELECT CASE WHEN c>(SELECT avg(c) FROM t1) THEN a*2 ELSE b*10 END,
       CASE a+1 WHEN b THEN 111 WHEN c THEN 222
        WHEN d THEN 333  WHEN e THEN 444 ELSE 555 END,
       abs(a),
       c,
       d
  FROM t1
 WHERE (e>a AND e<b)
   AND d NOT BETWEEN 110 AND 150
 ORDER BY 2,1,5,3,4
----
15 values hashing to f7f59b0d893d8b24a77e45c84e33a4dc

query IIIII nosort
SELECT a+b*2+c*3+d*4+e*5,
       a-b,
       CASE WHEN a<b-3 THEN 111 WHEN a<=b THEN 222
        WHEN a<b+3 THEN 333 ELSE 444 END,
       c,
       e
  FROM t1
 WHERE d>e
 ORDER BY 2,5,1,4,3
----
80 values hashing to 90c813844bf5d6adeffa4f21f6ca28f2

query IIIII nosort
SELECT a+b*2+c*3+d*4,
       abs(b-c),
       a+b*2+c*3,
       CASE WHEN a<b-3 THEN 111 WHEN a<=b THEN 222
        WHEN a<b+3 THEN 333 ELSE 444 END,
       abs(a)
  FROM t1
 WHERE d>e
 ORDER BY 3,4,1,5,2
----
80 values hashing to e86e8f12a1e9c6fcfe83ba56451cc897

query III nosort
SELECT b-c,
       d-e,
       abs(a)
  FROM t1
 ORDER BY 1,3,2
----
90 values hashing to 9e6b6e593015eae16b128f67c55d6d78

query I nosort
SELECT e
  FROM t1
 WHERE EXISTS(SELECT 1 FROM t1 AS x WHERE x.b<t1.b)
   AND (c<=d-2 OR c>=d+2)
   AND (e>c OR e<d)
 ORDER BY 1
----
12 values hashing to d3120a0926c913ba6ee017b144ef600c

query IIIII nosort
SELECT a+b*2,
       abs(a),
       CASE WHEN c>(SELECT avg(c) FROM t1) THEN a*2 ELSE b*10 END,
       a+b*2+c*3,
       c-d
  FROM t1
 ORDER BY 4,1,5,3,2
----
150 values hashing to 63a41e4b01b852b0ffe5c3d2e944e835

query IIIII nosort
SELECT c-d,
       e,
       a+b*2,
       b,
       abs(a)
  FROM t1
 WHERE d NOT BETWEEN 110 AND 150
    OR (e>c OR e<d)
 ORDER BY 2,5,3,1,4
----
145 values hashing to 2c21a6af40d74c2a9f8da0749a4b959d

query IIII nosort
SELECT e,
       a-b,
       c,
       a
  FROM t1
 ORDER BY 1,4,2,3
----
120 values hashing to 66537dce5d5a5988d8089fe9e8d59800

query IIIIII nosort
SELECT a+b*2+c*3+d*4+e*5,
       abs(b-c),
       e,
       CASE WHEN a<b-3 THEN 111 WHEN a<=b THEN 222
        WHEN a<b+3 THEN 333 ELSE 444 END,
       abs(a),
       a
  FROM t1
 WHERE d>e
   AND b>c
   AND c BETWEEN b-2 AND d+2
 ORDER BY 4,3,6,1,2,5
----
42 values hashing to bb2e37cf59a5b762b43ef4271a54e000

query III nosort
SELECT CASE WHEN a<b-3 THEN 111 WHEN a<=b THEN 222
        WHEN a<b+3 THEN 333 ELSE 444 END,
       a+b*2+c*3+d*4,
       d-e
  FROM t1
 ORDER BY 3,1,2
----
90 values hashing to dd50b82fcddc54ffd76449a8ba2f945d

query IIII nosort
SELECT CASE WHEN c>(SELECT avg(c) FROM t1) THEN a*2 ELSE b*10 END,
       b,
       a-b,
       CASE WHEN a<b-3 THEN 111 WHEN a<=b THEN 222
        WHEN a<b+3 THEN 333 ELSE 444 END
  FROM t1
 WHERE e+d BETWEEN a+b-10 AND c+130
 ORDER BY 4,3,2,1
----
24 values hashing to d649f2039986a74e6ec3591a11b8ed4b

query IIIII nosort
SELECT a-b,
       abs(a),
       a,
       e,
       b-c
  FROM t1
 ORDER BY 2,4,3,1,5
----
150 values hashing to 85a750970f2a3cfd014b8df3cb52a6f6

query III nosort
SELECT (a+b+c+d+e)/5,
       CASE WHEN a<b-3 THEN 111 WHEN a<=b THEN 222
        WHEN a<b+3 THEN 333 ELSE 444 END,
       c
  FROM t1
 WHERE (c<=d-2 OR c>=d+2)
    OR e+d BETWEEN a+b-10 AND c+130
 ORDER BY 3,2,1
----
54 values hashing to 851593a9a226d556e165b5765819e242

query III nosort
SELECT (a+b+c+d+e)/5,
       e,
       a-b
  FROM t1
 ORDER BY 3,1,2
----
90 values hashing to 5e58fb2a3eb3e54d048b0a60f2d6e477

query III nosort
SELECT b-c,
       c,
       CASE a+1 WHEN b THEN 111 WHEN c THEN 222
        WHEN d THEN 333  WHEN e THEN 444 ELSE 555 END
  FROM t1
 WHERE (a>b-2 AND a<b+2)
    OR (e>c OR e<d)
 ORDER BY 1,2,3
----
81 values hashing to b9b1ef0a70997d40f2cb0c0b5b6ea761

query IIIIII nosort
SELECT abs(a),
       CASE WHEN c>(SELECT avg(c) FROM t1) THEN a*2 ELSE b*10 END,
       c-d,
       b-c,
       b,
       (a+b+c+d+e)/5
  FROM t1
 WHERE b>c
   AND c BETWEEN b-2 AND d+2
 ORDER BY 4,2,5,6,1,3
----
48 values hashing to 04bb6be1da657237947cd4ab3392c384

query II nosort
SELECT a-b,
       d-e
  FROM t1
 WHERE (a>b-2 AND a<b+2)
 ORDER BY 2,1
----
22 values hashing to afe0aa8cffc769721328534eeed4055a

query II nosort
SELECT a,
       c-d
  FROM t1
 ORDER BY 1,2
----
60 values hashing to b22ea8da7d71e791d7a5b66555b3a4c4

query II nosort
SELECT a+b*2+c*3,
       CASE a+1 WHEN b THEN 111 WHEN c THEN 222
        WHEN d THEN 333  WHEN e THEN 444 ELSE 555 END
  FROM t1
 WHERE d NOT BETWEEN 110 AND 150
   AND a>b
 ORDER BY 1,2
----
34 values hashing to 0628c0094e162251c0635877ab466eba

query I nosort
SELECT abs(b-c)
  FROM t1
 WHERE b>c
 ORDER BY 1
----
14 values hashing to 32902ce891f5ed9983da19527e07808b

query II nosort
SELECT CASE WHEN c>(SELECT avg(c) FROM t1) THEN a*2 ELSE b*10 END,
       b-c
  FROM t1
 WHERE b>c
    OR d NOT BETWEEN 110 AND 150
 ORDER BY 2,1
----
52 values hashing to b2f2322e57f6b0850906b8c53b5a2ff9

query II nosort
SELECT a+b*2+c*3+d*4+e*5,
       abs(a)
  FROM t1
 WHERE d>e
   AND b>c
 ORDER BY 2,1
----
16 values hashing to 12f8d853019df95cb95b40b12e8f9502

query IIIIII nosort
SELECT CASE a+1 WHEN b THEN 111 WHEN c THEN 222
        WHEN d THEN 333  WHEN e THEN 444 ELSE 555 END,
       a+b*2,
       CASE WHEN a<b-3 THEN 111 WHEN a<=b THEN 222
        WHEN a<b+3 THEN 333 ELSE 444 END,
       e,
       a,
       a+b*2+c*3+d*4+e*5
  FROM t1
 WHERE (e>c OR e<d)
   AND c>d
 ORDER BY 1,5,2,6,3,4
----
66 values hashing to cd02907c94bef262defa2744db1d76fe

query III nosort
SELECT a,
       a+b*2+c*3,
       a+b*2+c*3+d*4+e*5
  FROM t1
 WHERE e+d BETWEEN a+b-10 AND c+130
    OR c>d
 ORDER BY 1,2,3
----
51 values hashing to 4f655063e72bf8214c8975e0d0e231da

query I nosort
SELECT a+b*2+c*3+d*4
  FROM t1
 WHERE d NOT BETWEEN 110 AND 150
 ORDER BY 1
----
22 values hashing to 986d884c71dc223ac25f3dd12e7d7540

query IIIII nosort
SELECT c,
       a+b*2+c*3,
       c-d,
       abs(b-c),
       d-e
  FROM t1
 ORDER BY 3,4,1,2,5
----
150 values hashing to 3565717d74e8461a76a1e7e96613a5ee

query II nosort
SELECT e,
       d-e
  FROM t1
 WHERE c BETWEEN b-2 AND d+2
    OR d>e
    OR (e>a AND e<b)
 ORDER BY 1,2
----
50 values hashing to 7d469028ffef98c82d5862c6bbf65688

query IIIIII nosort
SELECT c,
       CASE WHEN a<b-3 THEN 111 WHEN a<=b THEN 222
        WHEN a<b+3 THEN 333 ELSE 444 END,
       (a+b+c+d+e)/5,
       b-c,
       e,
       c-d
  FROM t1
 ORDER BY 5,4,6,2,1,3
----
180 values hashing to 083d6dcd4c56b50a9ad85c893885dd3a

query IIIII nosort
SELECT a+b*2+c*3,
       c,
       abs(a),
       a+b*2+c*3+d*4+e*5,
       CASE WHEN c>(SELECT avg(c) FROM t1) THEN a*2 ELSE b*10 END
  FROM t1
 WHERE (e>a AND e<b)
    OR d>e
    OR e+d BETWEEN a+b-10 AND c+130
 ORDER BY 3,4,2,5,1
----
100 values hashing to ae8f5af162e72304474e2e771076f23d

query IIIIII nosort
SELECT a-b,
       c-d,
       CASE a+1 WHEN b THEN 111 WHEN c THEN 222
        WHEN d THEN 333  WHEN e THEN 444 ELSE 555 END,
       b-c,
       e,
       c
  FROM t1
 WHERE (e>a AND e<b)
 ORDER BY 3,5,1,4,6,2
----
24 values hashing to b83deb2ebe00ba61b55a923385ad7c76

query IIIII nosort
SELECT c,
       a+b*2+c*3,
       c-d,
       abs(a),
       a+b*2+c*3+d*4+e*5
  FROM t1
 WHERE d>e
    OR (c<=d-2 OR c>=d+2)
    OR (e>c OR e<d)
 ORDER BY 1,3,5,2,4
----
150 values hashing to e834952c1069424e50b2d0658964596f

query II nosort
SELECT c,
       a+b*2
  FROM t1
 WHERE (a>b-2 AND a<b+2)
    OR c>d
    OR c BETWEEN b-2 AND d+2
 ORDER BY 1,2
----
56 values hashing to 954fd515b57c6e2aca8a512c3caebd11

query II nosort
SELECT a+b*2+c*3+d*4,
       (a+b+c+d+e)/5
  FROM t1
 WHERE e+d BETWEEN a+b-10 AND c+130
 ORDER BY 2,1
----
12 values hashing to ab6ddb0019d35b32de0f257c78d20c9b

query IIIII nosort
SELECT c-d,
       a+b*2+c*3+d*4,
       d,
       a-b,
       CASE a+1 WHEN b THEN 111 WHEN c THEN 222
        WHEN d THEN 333  WHEN e THEN 444 ELSE 555 END
  FROM t1
 ORDER BY 2,1,5,3,4
----
150 values hashing to 3a8d86075da3f005fd88521f81f2f974

query IIIIII nosort
SELECT abs(b-c),
       a,
       a+b*2+c*3+d*4,
       c-d,
       c,
       (a+b+c+d+e)/5
  FROM t1
 WHERE (e>c OR e<d)
 ORDER BY 6,3,1,4,5,2
----
162 values hashing to 259c4cf3a04280b83bf34b2a39668d47

query IIIII nosort
SELECT b-c,
       CASE WHEN c>(SELECT avg(c) FROM t1) THEN a*2 ELSE b*10 END,
       e,
       a+b*2,
       abs(b-c)
  FROM t1
 WHERE e+d BETWEEN a+b-10 AND c+130
    OR c>d
    OR (a>b-2 AND a<b+2)
 ORDER BY 1,5,3,2,4
----
110 values hashing to e63740c8db541190c40a2cdce9b2ff5c

query IIIIII nosort
SELECT abs(a),
       CASE WHEN a<b-3 THEN 111 WHEN a<=b THEN 222
        WHEN a<b+3 THEN 333 ELSE 444 END,
       a-b,
       b,
       a,
       b-c
  FROM t1
 WHERE e+d BETWEEN a+b-10 AND c+130
 ORDER BY 3,2,4,6,1,5
----
36 values hashing to 79bf841ac5e002d600a8a35aefc6d105

query II nosort
SELECT a+b*2+c*3,
       a+b*2+c*3+d*4+e*5
  FROM t1
 WHERE EXISTS(SELECT 1 FROM t1 AS x WHERE x.b<t1.b)
    OR a>b
 ORDER BY 2,1
----
60 values hashing to c9e7690c4046a45d8d94c281e987f883

query IIIIIII nosort
SELECT a+b*2+c*3,
       c-d,
       CASE a+1 WHEN b THEN 111 WHEN c THEN 222
        WHEN d THEN 333  WHEN e THEN 444 ELSE 555 END,
       a,
       (a+b+c+d+e)/5,
       a+b*2,
       CASE WHEN c>(SELECT avg(c) FROM t1) THEN a*2 ELSE b*10 END
  FROM t1
 ORDER BY 3,2,5,7,1,6,4
----
210 values hashing to 9c29cdd6374772e5c26eae66ae64c8f1

query IIIIII nosort
SELECT d,
       CASE WHEN a<b-3 THEN 111 WHEN a<=b THEN 222
        WHEN a<b+3 THEN 333 ELSE 444 END,
       a-b,
       c-d,
       (a+b+c+d+e)/5,
       b-c
  FROM t1
 ORDER BY 3,1,4,2,6,5
----
180 values hashing to 4d08f00ee53c5830f926a4a0dcee2b20

query IIIIII nosort
SELECT CASE WHEN a<b-3 THEN 111 WHEN a<=b THEN 222
        WHEN a<b+3 THEN 333 ELSE 444 END,
       (a+b+c+d+e)/5,
       (SELECT count(*) FROM t1 AS x WHERE x.b<t1.b),
       a+b*2+c*3+d*4+e*5,
       abs(b-c),
       d
  FROM t1
 WHERE (e>a AND e<b)
 ORDER BY 4,2,1,6,5,3
----
24 values hashing to 9562b71ed2cfd2ce3c5dfccb3132cd56

query III nosort
SELECT d,
       b,
       (a+b+c+d+e)/5
  FROM t1
 WHERE (e>c OR e<d)
 ORDER BY 1,3,2
----
81 values hashing to 6a859601ac2f0273b048c199ef8ded71

query IIIII nosort
SELECT a+b*2+c*3+d*4,
       d-e,
       c-d,
       abs(a),
       CASE WHEN c>(SELECT avg(c) FROM t1) THEN a*2 ELSE b*10 END
  FROM t1
 WHERE EXISTS(SELECT 1 FROM t1 AS x WHERE x.b<t1.b)
   AND (e>a AND e<b)
 ORDER BY 3,1,5,2,4
----
20 values hashing to 4e83e03b524b4f7701d39592cde60aff

query IIII nosort
SELECT abs(a),
       c-d,
       abs(b-c),
       a+b*2+c*3
  FROM t1
 WHERE (a>b-2 AND a<b+2)
 ORDER BY 3,2,4,1
----
44 values hashing to 580a921598a37aa858154461b5444c7d

query IIIIII nosort
SELECT c,
       e,
       b,
       abs(a),
       d,
       a
  FROM t1
 WHERE (a>b-2 AND a<b+2)
    OR c BETWEEN b-2 AND d+2
 ORDER BY 5,3,2,1,4,6
----
150 values hashing to 5838057b68bfbd02adaa6d9666ea3af7

query II nosort
SELECT a-b,
       a+b*2
  FROM t1
 WHERE b>c
    OR c>d
 ORDER BY 2,1
----
48 values hashing to 90d735f794a41b2883dfdd912dba4f9b

query II nosort
SELECT a+b*2+c*3+d*4+e*5,
       abs(b-c)
  FROM t1
 ORDER BY 2,1
----
60 values hashing to 1d73e78ee7cae0bf0f75c7981d0eccbc

query IIII nosort
SELECT d-e,
       a+b*2+c*3,
       a-b,
       CASE WHEN c>(SELECT avg(c) FROM t1) THEN a*2 ELSE b*10 END
  FROM t1
 WHERE d>e
    OR (e>a AND e<b)
    OR (c<=d-2 OR c>=d+2)
 ORDER BY 3,4,1,2
----
88 values hashing to e1744981c67868b64dd4f2f8bd8f9849

query IIIIII nosort
SELECT d,
       d-e,
       CASE WHEN a<b-3 THEN 111 WHEN a<=b THEN 222
        WHEN a<b+3 THEN 333 ELSE 444 END,
       b,
       c,
       a+b*2+c*3
  FROM t1
 WHERE a>b
    OR b>c
 ORDER BY 3,1,5,6,4,2
----
156 values hashing to d8680cf0d12c8706c82bb5ef1ad597f0

query III nosort
SELECT abs(b-c),
       CASE WHEN a<b-3 THEN 111 WHEN a<=b THEN 222
        WHEN a<b+3 THEN 333 ELSE 444 END,
       CASE a+1 WHEN b THEN 111 WHEN c THEN 222
        WHEN d THEN 333  WHEN e THEN 444 ELSE 555 END
  FROM t1
 ORDER BY 1,3,2
----
90 values hashing to 8da0927096315212d55d743020af322c

query IIIII nosort
SELECT c,
       CASE WHEN a<b-3 THEN 111 WHEN a<=b THEN 222
        WHEN a<b+3 THEN 333 ELSE 444 END,
       c-d,
       a,
       b
  FROM t1
 WHERE (c<=d-2 OR c>=d+2)
    OR c>d
 ORDER BY 1,2,5,3,4
----
115 values hashing to 4f24f48edeed6bafc24320280f45feca

query IIIII nosort
SELECT a-b,
       b-c,
       a+b*2+c*3+d*4+e*5,
       CASE WHEN c>(SELECT avg(c) FROM t1) THEN a*2 ELSE b*10 END,
       b
  FROM t1
 ORDER BY 3,1,2,5,4
----
150 values hashing to 563e461ea233b38ad878b56e5d269fba

query IIIIII nosort
SELECT a+b*2,
       a+b*2+c*3+d*4,
       CASE WHEN a<b-3 THEN 111 WHEN a<=b THEN 222
        WHEN a<b+3 THEN 333 ELSE 444 END,
       b,
       c-d,
       a+b*2+c*3+d*4+e*5
  FROM t1
 WHERE (e>c OR e<d)
    OR EXISTS(SELECT 1 FROM t1 AS x WHERE x.b<t1.b)
 ORDER BY 3,5,2,1,4,6
----
180 values hashing to 48d8489ba2d0cd0db78ff89d7c25090e

query IIIIII nosort
SELECT a+b*2+c*3,
       abs(a),
       e,
       c,
       CASE WHEN c>(SELECT avg(c) FROM t1) THEN a*2 ELSE b*10 END,
       d
  FROM t1
 WHERE (e>c OR e<d)
    OR c BETWEEN b-2 AND d+2
    OR a>b
 ORDER BY 5,2,4,1,3,6
----
168 values hashing to 23425d8f076e222594024d8bf9b642ec

query III nosort
SELECT b-c,
       a+b*2,
       b
  FROM t1
 ORDER BY 2,3,1
----
90 values hashing to 1b9686dadfd2cec59f0bce345217b20d

query I nosort
SELECT abs(a)
  FROM t1
 WHERE (a>b-2 AND a<b+2)
    OR d>e
    OR (e>c OR e<d)
 ORDER BY 1
----
27 values hashing to 96f1b2d40968aae8aa5efb71c05401fd

query IIII nosort
SELECT abs(b-c),
       a+b*2+c*3+d*4,
       c-d,
       a+b*2+c*3+d*4+e*5
  FROM t1
 ORDER BY 4,1,3,2
----
120 values hashing to 6e197d6c621de72f9288f1e3f27b08a8

query III nosort
SELECT d,
       a+b*2+c*3,
       CASE a+1 WHEN b THEN 111 WHEN c THEN 222
        WHEN d THEN 333  WHEN e THEN 444 ELSE 555 END
  FROM t1
 ORDER BY 2,1,3
----
90 values hashing to 57c895300deda1eb561d3d1a25b41458

query IIIIII nosort
SELECT e,
       a+b*2+c*3+d*4+e*5,
       d-e,
       b-c,
       a+b*2+c*3+d*4,
       abs(b-c)
  FROM t1
 WHERE (e>a AND e<b)
 ORDER BY 2,4,6,1,5,3
----
24 values hashing to b7c695cb8604d8cb2f0122673ea20eed

query I nosort
SELECT a+b*2+c*3+d*4
  FROM t1
 WHERE b>c
 ORDER BY 1
----
14 values hashing to 840c9b8b71971d5911654f07be8e4708

query IIIIII nosort
SELECT e,
       b-c,
       abs(b-c),
       a+b*2+c*3+d*4+e*5,
       c-d,
       abs(a)
  FROM t1
 WHERE b>c
 ORDER BY 3,6,2,1,5,4
----
84 values hashing to a0e691ea866b76ed4cc40d7ce202b53e

query II nosort
SELECT d,
       abs(b-c)
  FROM t1
 WHERE (e>c OR e<d)
   AND b>c
 ORDER BY 2,1
----
26 values hashing to 6673d5d82c58407244159d79db5fcf0e

query IIII nosort
SELECT CASE WHEN a<b-3 THEN 111 WHEN a<=b THEN 222
        WHEN a<b+3 THEN 333 ELSE 444 END,
       d,
       a+b*2+c*3+d*4,
       a+b*2+c*3
  FROM t1
 WHERE d>e
    OR c BETWEEN b-2 AND d+2
 ORDER BY 1,4,3,2
----
92 values hashing to e17ecafd5a53c4ca237b9d25520aebd8

query III nosort
SELECT a+b*2+c*3+d*4+e*5,
       abs(a),
       b-c
  FROM t1
 WHERE (c<=d-2 OR c>=d+2)
 ORDER BY 1,3,2
----
45 values hashing to 3b82e1c6f07bf10caed84828ec3568ca

query I nosort
SELECT c
  FROM t1
 WHERE b>c
 ORDER BY 1
----
14 values hashing to 18666cb3224ae801a1972a186fe5843f

query IIIIII nosort
SELECT a+b*2+c*3+d*4,
       a-b,
       a+b*2,
       abs(a),
       CASE a+1 WHEN b THEN 111 WHEN c THEN 222
        WHEN d THEN 333  WHEN e THEN 444 ELSE 555 END,
       a+b*2+c*3
  FROM t1
 ORDER BY 1,5,4,2,6,3
----
180 values hashing to b5ab822caa140090fa0cd1d265333e1c

query IIII nosort
SELECT a+b*2+c*3+d*4,
       abs(b-c),
       b-c,
       CASE a+1 WHEN b THEN 111 WHEN c THEN 222
        WHEN d THEN 333  WHEN e THEN 444 ELSE 555 END
  FROM t1
 WHERE d>e
 ORDER BY 3,1,2,4
----
64 values hashing to 40f0d6be4ced8de2eb7231e0a581b408

query IIIIIII nosort
SELECT a-b,
       c,
       a+b*2,
       CASE WHEN a<b-3 THEN 111 WHEN a<=b THEN 222
        WHEN a<b+3 THEN 333 ELSE 444 END,
       e,
       b-c,
       d-e
  FROM t1
 ORDER BY 7,2,5,4,1,3,6
----
210 values hashing to 48556c805f6f4da3a00f4e3b981ae954

query IIIIII nosort
SELECT a+b*2+c*3+d*4+e*5,
       c,
       e,
       a+b*2+c*3,
       abs(b-c),
       CASE WHEN c>(SELECT avg(c) FROM t1) THEN a*2 ELSE b*10 END
  FROM t1
 WHERE (a>b-2 AND a<b+2)
   AND d>e
   AND (e>c OR e<d)
 ORDER BY 1,5,3,6,4,2
----
30 values hashing to 7d5b2116bf7aa55ca493903a6ba75996

query II nosort
SELECT e,
       abs(a)
  FROM t1
 ORDER BY 2,1
----
60 values hashing to d44dd4e43f4cb9731693c04088d26dcb

query II nosort
SELECT abs(a),
       b
  FROM t1
 WHERE b>c
    OR EXISTS(SELECT 1 FROM t1 AS x WHERE x.b<t1.b)
 ORDER BY 2,1
----
58 values hashing to 29d7f19c885dc86951cfbe1cd84d3d72

query I nosort
SELECT CASE WHEN a<b-3 THEN 111 WHEN a<=b THEN 222
        WHEN a<b+3 THEN 333 ELSE 444 END
  FROM t1
 WHERE b>c
    OR c BETWEEN b-2 AND d+2
    OR d NOT BETWEEN 110 AND 150
 ORDER BY 1
----
29 values hashing to f81c86b5ccfceb91643fed162f9e5413

query IIII nosort
SELECT abs(a),
       abs(b-c),
       d,
       a+b*2+c*3+d*4
  FROM t1
 WHERE e+d BETWEEN a+b-10 AND c+130
 ORDER BY 2,3,4,1
----
24 values hashing to 00467ddc8858d6cf90c3f1b9b193edbc

query III nosort
SELECT a+b*2+c*3,
       a+b*2+c*3+d*4+e*5,
       CASE WHEN c>(SELECT avg(c) FROM t1) THEN a*2 ELSE b*10 END
  FROM t1
 WHERE b>c
    OR d NOT BETWEEN 110 AND 150
    OR e+d BETWEEN a+b-10 AND c+130
 ORDER BY 3,2,1
----
84 values hashing to 38047852bbef0987776d99a21d30ff30

query IIIIII nosort
SELECT CASE a+1 WHEN b THEN 111 WHEN c THEN 222
        WHEN d THEN 333  WHEN e THEN 444 ELSE 555 END,
       e,
       d-e,
       b,
       c,
       b-c
  FROM t1
 ORDER BY 3,5,6,2,4,1
----
180 values hashing to aab6e51c445fb06f5af7263688587491

query II nosort
SELECT a+b*2,
       b
  FROM t1
 ORDER BY 1,2
----
60 values hashing to 93d843e5c13d5f55222d50bb9152eb1e

query III nosort
SELECT b,
       CASE WHEN a<b-3 THEN 111 WHEN a<=b THEN 222
        WHEN a<b+3 THEN 333 ELSE 444 END,
       abs(b-c)
  FROM t1
 ORDER BY 2,1,3
----
90 values hashing to 414fb777710c67b685fbdaaccf65e7a3

query I nosort
SELECT (a+b+c+d+e)/5
  FROM t1
 WHERE d NOT BETWEEN 110 AND 150
   AND d>e
 ORDER BY 1
----
10 values hashing to aa2c9e190b3da5017e764235b4370941

query IIII nosort
SELECT a,
       a+b*2+c*3+d*4+e*5,
       a+b*2,
       abs(a)
  FROM t1
 WHERE (e>c OR e<d)
   AND EXISTS(SELECT 1 FROM t1 AS x WHERE x.b<t1.b)
 ORDER BY 2,1,3,4
----
104 values hashing to 77df3a421913fee04cac70de094f07da

query III nosort
SELECT d,
       CASE WHEN c>(SELECT avg(c) FROM t1) THEN a*2 ELSE b*10 END,
       a-b
  FROM t1
 WHERE EXISTS(SELECT 1 FROM t1 AS x WHERE x.b<t1.b)
    OR b>c
    OR a>b
 ORDER BY 1,3,2
----
90 values hashing to 430c4c38368b95466b685c4e550fd8f9

query IIIIII nosort
SELECT a+b*2+c*3+d*4,
       d-e,
       a,
       CASE a+1 WHEN b THEN 111 WHEN c THEN 222
        WHEN d THEN 333  WHEN e THEN 444 ELSE 555 END,
       (a+b+c+d+e)/5,
       abs(b-c)
  FROM t1
 ORDER BY 2,4,3,1,5,6
----
180 values hashing to 0f795dad72b6ea42fe6e007088398156

query IIII nosort
SELECT a+b*2+c*3+d*4,
       a+b*2,
       e,
       (a+b+c+d+e)/5
  FROM t1
 WHERE e+d BETWEEN a+b-10 AND c+130
   AND (e>c OR e<d)
 ORDER BY 2,4,3,1
----
20 values hashing to f9ae000b64540486fbd54647bf5d6c23

query III nosort
SELECT b-c,
       a+b*2+c*3+d*4+e*5,
       d
  FROM t1
 WHERE a>b
   AND (a>b-2 AND a<b+2)
   AND EXISTS(SELECT 1 FROM t1 AS x WHERE x.b<t1.b)
 ORDER BY 3,2,1
----
21 values hashing to a9adff4c78600e1bb516fe971d672dee

query IIIII nosort
SELECT (a+b+c+d+e)/5,
       b,
       a+b*2+c*3+d*4+e*5,
       c,
       d-e
  FROM t1
 WHERE (a>b-2 AND a<b+2)
    OR c>d
 ORDER BY 2,5,3,4,1
----
100 values hashing to d6ab882caeb85ea55130fe69c466a44e

query II nosort
SELECT abs(b-c),
       c-d
  FROM t1
 WHERE d NOT BETWEEN 110 AND 150
 ORDER BY 1,2
----
44 values hashing to 018884fc71c9cebc4bb35146e7140fc4

query III nosort
SELECT c-d,
       a,
       abs(b-c)
  FROM t1
 WHERE b>c
    OR d NOT BETWEEN 110 AND 150
    OR EXISTS(SELECT 1 FROM t1 AS x WHERE x.b<t1.b)
 ORDER BY 3,1,2
----
90 values hashing to f6d4cc8f5712412b43f67a3e8970ea9f

query III nosort
SELECT a,
       (a+b+c+d+e)/5,
       a+b*2+c*3+d*4
  FROM t1
 WHERE c>d
   AND (c<=d-2 OR c>=d+2)
   AND (e>c OR e<d)
 ORDER BY 3,2,1
----
9 values hashing to 401e6addcfa1c054285b2d9d1a3b7161

query IIII nosort
SELECT CASE a+1 WHEN b THEN 111 WHEN c THEN 222
        WHEN d THEN 333  WHEN e THEN 444 ELSE 555 END,
       abs(b-c),
       c-d,
       a
  FROM t1
 WHERE (a>b-2 AND a<b+2)
   AND (e>c OR e<d)
   AND c>d
 ORDER BY 3,4,2,1
----
20 values hashing to c7b97476a8b2de6d251ac49288730b61

query II nosort
SELECT a+b*2,
       a
  FROM t1
 WHERE c BETWEEN b-2 AND d+2
    OR (e>c OR e<d)
    OR (e>a AND e<b)
 ORDER BY 2,1
----
58 values hashing to 1ced196f5801ed37a6183f2f20dff45c

query IIIII nosort
SELECT d-e,
       b,
       a+b*2+c*3+d*4,
       CASE a+1 WHEN b THEN 111 WHEN c THEN 222
        WHEN d THEN 333  WHEN e THEN 444 ELSE 555 END,
       b-c
  FROM t1
 WHERE (e>c OR e<d)
   AND b>c
 ORDER BY 2,3,1,4,5
----
65 values hashing to 2fd8bd04880dbafe31b9a7c85fce3d0e

query IIIII nosort
SELECT d-e,
       CASE WHEN c>(SELECT avg(c) FROM t1) THEN a*2 ELSE b*10 END,
       abs(b-c),
       (a+b+c+d+e)/5,
       c-d
  FROM t1
 WHERE a>b
 ORDER BY 1,3,2,4,5
----
95 values hashing to aac8ab5a470f3df896b0eae56bbde7a3

query IIIIIII nosort
SELECT b,
       a,
       abs(b-c),
       a+b*2+c*3+d*4+e*5,
       CASE a+1 WHEN b THEN 111 WHEN c THEN 222
        WHEN d THEN 333  WHEN e THEN 444 ELSE 555 END,
       abs(a),
       a+b*2
  FROM t1
 ORDER BY 4,1,2,7,5,3,6
----
210 values hashing to 4973d50dd296f034d899cf6e73423904

query II nosort
SELECT e,
       CASE WHEN c>(SELECT avg(c) FROM t1) THEN a*2 ELSE b*10 END
  FROM t1
 ORDER BY 2,1
----
60 values hashing to b4271452f1ca2257b0b5b6b13b626884

query IIIII nosort
SELECT b,
       c-d,
       CASE WHEN a<b-3 THEN 111 WHEN a<=b THEN 222
        WHEN a<b+3 THEN 333 ELSE 444 END,
       a+b*2+c*3,
       CASE WHEN c>(SELECT avg(c) FROM t1) THEN a*2 ELSE b*10 END
  FROM t1
 WHERE (e>c OR e<d)
    OR c>d
    OR (e>a AND e<b)
 ORDER BY 4,1,5,2,3
----
150 values hashing to b79cec047b7b2b03bba14eb36429fac0

query IIII nosort
SELECT a+b*2,
       CASE WHEN c>(SELECT avg(c) FROM t1) THEN a*2 ELSE b*10 END,
       a+b*2+c*3,
       a+b*2+c*3+d*4
  FROM t1
 WHERE (c<=d-2 OR c>=d+2)
 ORDER BY 2,4,3,1
----
60 values hashing to d2507af6237b5dfa47976be28455cdc2

query III nosort
SELECT CASE WHEN c>(SELECT avg(c) FROM t1) THEN a*2 ELSE b*10 END,
       b-c,
       CASE WHEN a<b-3 THEN 111 WHEN a<=b THEN 222
        WHEN a<b+3 THEN 333 ELSE 444 END
  FROM t1
 WHERE c>d
 ORDER BY 2,1,3
----
42 values hashing to ba254e8d09c76b7cbc07d9d591025883

query IIII nosort
SELECT c,
       CASE WHEN c>(SELECT avg(c) FROM t1) THEN a*2 ELSE b*10 END,
       a+b*2+c*3+d*4,
       c-d
  FROM t1
 WHERE d NOT BETWEEN 110 AND 150
    OR (e>c OR e<d)
    OR (e>a AND e<b)
 ORDER BY 3,1,2,4
----
120 values hashing to 83b1577bbc723a5e639e4d936a9dc9df

query I nosort
SELECT CASE a+1 WHEN b THEN 111 WHEN c THEN 222
        WHEN d THEN 333  WHEN e THEN 444 ELSE 555 END
  FROM t1
 WHERE (e>c OR e<d)
 ORDER BY 1
----
27 values hashing to 56366183f13626643e62133d31b97fab

query IIIII nosort
SELECT d-e,
       c-d,
       a+b*2+c*3+d*4+e*5,
       a+b*2+c*3+d*4,
       a
  FROM t1
 WHERE (c<=d-2 OR c>=d+2)
 ORDER BY 1,2,5,3,4
----
75 values hashing to 91e95036e8737e2902f3561cf2148b7c

query III nosort
SELECT CASE a+1 WHEN b THEN 111 WHEN c THEN 222
        WHEN d THEN 333  WHEN e THEN 444 ELSE 555 END,
       e,
       abs(a)
  FROM t1
 ORDER BY 3,1,2
----
90 values hashing to 5efa9ce21ccae8f703640e43d2d946c0

query I nosort
SELECT e
  FROM t1
 WHERE c>d
    OR d NOT BETWEEN 110 AND 150
 ORDER BY 1
----
27 values hashing to d8936a5a1a3837cd7f42c18b75761e64

query III nosort
SELECT b-c,
       (a+b+c+d+e)/5,
       CASE WHEN c>(SELECT avg(c) FROM t1) THEN a*2 ELSE b*10 END
  FROM t1
 WHERE b>c
 ORDER BY 1,2,3
----
42 values hashing to fd6fa77bdab5731313460a6946f62f9c

query IIIIIII nosort
SELECT a+b*2+c*3+d*4+e*5,
       d-e,
       b,
       CASE WHEN c>(SELECT avg(c) FROM t1) THEN a*2 ELSE b*10 END,
       a-b,
       CASE a+1 WHEN b THEN 111 WHEN c THEN 222
        WHEN d THEN 333  WHEN e THEN 444 ELSE 555 END,
       a+b*2+c*3+d*4
  FROM t1
 WHERE c BETWEEN b-2 AND d+2
   AND (e>a AND e<b)
   AND d>e
 ORDER BY 3,4,1,5,7,6,2
----
14 values hashing to 21927ded75a33b0171059772011e3c39

query IIIIII nosort
SELECT a+b*2,
       abs(b-c),
       a+b*2+c*3,
       c,
       e,
       d
  FROM t1
 WHERE EXISTS(SELECT 1 FROM t1 AS x WHERE x.b<t1.b)
    OR b>c
 ORDER BY 6,3,5,2,1,4
----
174 values hashing to 96589425bb0eb66f4f90e1e5a55c016a

query II nosort
SELECT c,
       CASE WHEN c>(SELECT avg(c) FROM t1) THEN a*2 ELSE b*10 END
  FROM t1
 WHERE EXISTS(SELECT 1 FROM t1 AS x WHERE x.b<t1.b)
    OR (a>b-2 AND a<b+2)
    OR c>d
 ORDER BY 2,1
----
60 values hashing to c44e044af3e6b6a0496d51ab6945c210

query I nosort
SELECT a+b*2+c*3+d*4+e*5
  FROM t1
 WHERE a>b
 ORDER BY 1
----
19 values hashing to 48eb7e59034740832c393d911a912d77

query IIII nosort
SELECT (a+b+c+d+e)/5,
       a+b*2+c*3+d*4,
       d-e,
       CASE a+1 WHEN b THEN 111 WHEN c THEN 222
        WHEN d THEN 333  WHEN e THEN 444 ELSE 555 END
  FROM t1
 WHERE d NOT BETWEEN 110 AND 150
    OR a>b
    OR c BETWEEN b-2 AND d+2
 ORDER BY 1,4,2,3
----
112 values hashing to 206a85e9f59a2b97c6c2e3b771da6364

query I nosort
SELECT b-c
  FROM t1
 WHERE d>e
 ORDER BY 1
----
16 values hashing to c5cb15074dbce6c2853b664f05e5a06a

query I nosort
SELECT b
  FROM t1
 WHERE c BETWEEN b-2 AND d+2
    OR b>c
 ORDER BY 1
----
28 values hashing to 500599c81c6d8eaa90fb53c0b081fa78

query IIIIIII nosort
SELECT e,
       b,
       a+b*2+c*3+d*4+e*5,
       CASE WHEN a<b-3 THEN 111 WHEN a<=b THEN 222
        WHEN a<b+3 THEN 333 ELSE 444 END,
       abs(b-c),
       CASE a+1 WHEN b THEN 111 WHEN c THEN 222
        WHEN d THEN 333  WHEN e THEN 444 ELSE 555 END,
       a+b*2+c*3+d*4
  FROM t1
 WHERE d>e
    OR d NOT BETWEEN 110 AND 150
    OR c BETWEEN b-2 AND d+2
 ORDER BY 2,5,3,1,7,6,4
----
203 values hashing to 69f1ab3523d66c81419f77f0fdbf1df0

query III nosort
SELECT a+b*2+c*3,
       d-e,
       a-b
  FROM t1
 WHERE (e>a AND e<b)
    OR d>e
    OR (e>c OR e<d)
 ORDER BY 2,3,1
----
87 values hashing to 680b619be1265b7bc4eb9d45e3fcb324

query IIIII nosort
SELECT a+b*2+c*3,
       a+b*2+c*3+d*4+e*5,
       d-e,
       (a+b+c+d+e)/5,
       CASE WHEN c>(SELECT avg(c) FROM t1) THEN a*2 ELSE b*10 END
  FROM t1
 ORDER BY 2,5,4,3,1
----
150 values hashing to 1ed27c9e9967fcf30b0548861bbd897d

query III nosort
SELECT d,
       c,
       a
  FROM t1
 WHERE EXISTS(SELECT 1 FROM t1 AS x WHERE x.b<t1.b)
   AND d>e
   AND a>b
 ORDER BY 3,2,1
----
30 values hashing to c3498c035170a43e2fdea03d899bdbf0

query I nosort
SELECT CASE WHEN c>(SELECT avg(c) FROM t1) THEN a*2 ELSE b*10 END
  FROM t1
 WHERE b>c
 ORDER BY 1
----
14 values hashing to af1d86a32171d08bae1f8f3033e8a3dc

query IIII nosort
SELECT a+b*2,
       CASE a+1 WHEN b THEN 111 WHEN c THEN 222
        WHEN d THEN 333  WHEN e THEN 444 ELSE 555 END,
       a+b*2+c*3,
       a-b
  FROM t1
 WHERE a>b
   AND (a>b-2 AND a<b+2)
   AND c BETWEEN b-2 AND d+2
 ORDER BY 3,4,1,2
----
16 values hashing to 59f365656ebcdfed6ff46a2d5c6d6341

query I nosort
SELECT a-b
  FROM t1
 WHERE (e>c OR e<d)
 ORDER BY 1
----
27 values hashing to e7100a9a9684fb20d83162187da839e4

query IIIIII nosort
SELECT d,
       c,
       (SELECT count(*) FROM t1 AS x WHERE x.b<t1.b),
       a-b,
       a+b*2,
       CASE WHEN c>(SELECT avg(c) FROM t1) THEN a*2 ELSE b*10 END
  FROM t1
 WHERE (e>a AND e<b)
   AND c BETWEEN b-2 AND d+2
 ORDER BY 5,1,3,6,4,2
----
12 values hashing to b5316f8c767620ab06f63c854fd35548

query II nosort
SELECT abs(a),
       a+b*2+c*3+d*4+e*5
  FROM t1
 WHERE e+d BETWEEN a+b-10 AND c+130
    OR b>c
 ORDER BY 2,1
----
36 values hashing to 05293d133ca2cac2f19e4e30db84dfda

query IIIIII nosort
SELECT CASE a+1 WHEN b THEN 111 WHEN c THEN 222
        WHEN d THEN 333  WHEN e THEN 444 ELSE 555 END,
       abs(b-c),
       c,
       CASE WHEN c>(SELECT avg(c) FROM t1) THEN a*2 ELSE b*10 END,
       a+b*2,
       d
  FROM t1
 ORDER BY 3,1,2,5,4,6
----
180 values hashing to d24051044659497869bcab93873c4188

query IIIIII nosort
SELECT d,
       b-c,
       a+b*2+c*3+d*4+e*5,
       a,
       abs(b-c),
       CASE a+1 WHEN b THEN 111 WHEN c THEN 222
        WHEN d THEN 333  WHEN e THEN 444 ELSE 555 END
  FROM t1
 WHERE d>e
    OR e+d BETWEEN a+b-10 AND c+130
    OR EXISTS(SELECT 1 FROM t1 AS x WHERE x.b<t1.b)
 ORDER BY 1,3,6,2,4,5
----
180 values hashing to 25be50217edd1dde9c08a20bbaa92559

query IIIII nosort
SELECT b,
       a,
       (a+b+c+d+e)/5,
       b-c,
       e
  FROM t1
 WHERE (c<=d-2 OR c>=d+2)
    OR a>b
 ORDER BY 3,1,2,5,4
----
120 values hashing to 9fc494d65a15058f4386b7654088f517

query IIIII nosort
SELECT b,
       d-e,
       (a+b+c+d+e)/5,
       CASE WHEN a<b-3 THEN 111 WHEN a<=b THEN 222
        WHEN a<b+3 THEN 333 ELSE 444 END,
       a
  FROM t1
 WHERE (e>a AND e<b)
 ORDER BY 2,3,5,4,1
----
20 values hashing to bc0a728a029d400d4c19f501f51eb828

query I nosort
SELECT a+b*2+c*3
  FROM t1
 WHERE (c<=d-2 OR c>=d+2)
    OR d NOT BETWEEN 110 AND 150
 ORDER BY 1
----
24 values hashing to 27eeb568907f3b4f8a48a13652124dd5

query II nosort
SELECT d-e,
       abs(a)
  FROM t1
 WHERE b>c
    OR a>b
 ORDER BY 1,2
----
52 values hashing to e6db37d26bb91829602e9d68636d1265

query IIII nosort
SELECT CASE a+1 WHEN b THEN 111 WHEN c THEN 222
        WHEN d THEN 333  WHEN e THEN 444 ELSE 555 END,
       c,
       CASE WHEN c>(SELECT avg(c) FROM t1) THEN a*2 ELSE b*10 END,
       a+b*2+c*3+d*4
  FROM t1
 WHERE c>d
 ORDER BY 2,1,4,3
----
56 values hashing to 21573d64e6cae82382f9e87571cb6cbb

query II nosort
SELECT a,
       (a+b+c+d+e)/5
  FROM t1
 ORDER BY 1,2
----
60 values hashing to 46131633c62f2d9e6f547c327a590045

query II nosort
SELECT c,
       CASE a+1 WHEN b THEN 111 WHEN c THEN 222
        WHEN d THEN 333  WHEN e THEN 444 ELSE 555 END
  FROM t1
 WHERE c BETWEEN b-2 AND d+2
   AND c>d
 ORDER BY 1,2
----
22 values hashing to 5084ee86fa8b2112bfe752d383673d51

query III nosort
SELECT c,
       d-e,
       (a+b+c+d+e)/5
  FROM t1
 WHERE e+d BETWEEN a+b-10 AND c+130
    OR d NOT BETWEEN 110 AND 150
    OR (e>c OR e<d)
 ORDER BY 3,1,2
----
90 values hashing to cbb944ed49603f3bb266d18fac726795

query III nosort
SELECT CASE WHEN a<b-3 THEN 111 WHEN a<=b THEN 222
        WHEN a<b+3 THEN 333 ELSE 444 END,
       CASE WHEN c>(SELECT avg(c) FROM t1) THEN a*2 ELSE b*10 END,
       abs(b-c)
  FROM t1
 WHERE d>e
 ORDER BY 2,3,1
----
48 values hashing to d0ea668a25e020372a556318afe192ab

query IIIIIII nosort
SELECT a+b*2+c*3+d*4+e*5,
       a+b*2+c*3+d*4,
       e,
       CASE WHEN c>(SELECT avg(c) FROM t1) THEN a*2 ELSE b*10 END,
       a,
       (a+b+c+d+e)/5,
       CASE WHEN a<b-3 THEN 111 WHEN a<=b THEN 222
        WHEN a<b+3 THEN 333 ELSE 444 END
  FROM t1
 ORDER BY 6,7,4,1,5,3,2
----
210 values hashing to e42e3eeea8a43cab0293df373b4ac9be

query II nosort
SELECT abs(a),
       d-e
  FROM t1
 ORDER BY 1,2
----
60 values hashing to 5639deaedd6db9d4c5fa492fa1c5b3c8

query IIIII nosort
SELECT abs(b-c),
       b-c,
       a+b*2+c*3,
       CASE WHEN c>(SELECT avg(c) FROM t1) THEN a*2 ELSE b*10 END,
       a
  FROM t1
 ORDER BY 3,4,2,1,5
----
150 values hashing to f5251080e285634a78600eb37689b6bd

query II nosort
SELECT a+b*2+c*3,
       a+b*2+c*3+d*4
  FROM t1
 WHERE b>c
   AND a>b
 ORDER BY 1,2
----
14 values hashing to 09449abc628f43f2b2cfd09cb028fcbd

query II nosort
SELECT CASE WHEN c>(SELECT avg(c) FROM t1) THEN a*2 ELSE b*10 END,
       a-b
  FROM t1
 WHERE EXISTS(SELECT 1 FROM t1 AS x WHERE x.b<t1.b)
    OR d>e
 ORDER BY 1,2
----
58 values hashing to 0ca31be7aa54df86423f9f699007a2df

query IIIIII nosort
SELECT a+b*2+c*3,
       d,
       b-c,
       a,
       CASE WHEN a<b-3 THEN 111 WHEN a<=b THEN 222
        WHEN a<b+3 THEN 333 ELSE 444 END,
       a+b*2
  FROM t1
 ORDER BY 4,3,6,1,2,5
----
180 values hashing to eba90a7042d20ae635380f2920638d69

query III nosort
SELECT CASE a+1 WHEN b THEN 111 WHEN c THEN 222
        WHEN d THEN 333  WHEN e THEN 444 ELSE 555 END,
       a,
       (a+b+c+d+e)/5
  FROM t1
 WHERE EXISTS(SELECT 1 FROM t1 AS x WHERE x.b<t1.b)
 ORDER BY 3,1,2
----
87 values hashing to 9885e26259a0f584d0909ce4a0955e2f

query II nosort
SELECT abs(a),
       c-d
  FROM t1
 WHERE d>e
    OR b>c
    OR d NOT BETWEEN 110 AND 150
 ORDER BY 2,1
----
58 values hashing to 51eb92d661a225afae03f1e126f36433

query II nosort
SELECT a+b*2+c*3+d*4+e*5,
       a+b*2+c*3
  FROM t1
 WHERE b>c
    OR c BETWEEN b-2 AND d+2
    OR (e>c OR e<d)
 ORDER BY 2,1
----
56 values hashing to 1c07d83cba1f6b2c7cdb4c807846b2be

query IIII nosort
SELECT b,
       a+b*2+c*3,
       abs(b-c),
       a-b
  FROM t1
 WHERE (e>c OR e<d)
 ORDER BY 3,1,2,4
----
108 values hashing to afe26ac66d541da5ff913b7699def87c

query IIII nosort
SELECT CASE WHEN c>(SELECT avg(c) FROM t1) THEN a*2 ELSE b*10 END,
       a+b*2+c*3,
       d,
       b
  FROM t1
 ORDER BY 2,1,3,4
----
120 values hashing to 7cc11574f6ea460034eb783876fd7af5

query I nosort
SELECT c-d
  FROM t1
 WHERE (a>b-2 AND a<b+2)
 ORDER BY 1
----
11 values hashing to 03dc6d78aaa470425875f87a9c9eeab5

query III nosort
SELECT a+b*2,
       b-c,
       a+b*2+c*3
  FROM t1
 WHERE (e>c OR e<d)
 ORDER BY 2,3,1
----
81 values hashing to 87ef93a2fb3074f84f96ba99640b4492

query IIII nosort
SELECT CASE WHEN a<b-3 THEN 111 WHEN a<=b THEN 222
        WHEN a<b+3 THEN 333 ELSE 444 END,
       a,
       abs(b-c),
       e
  FROM t1
 ORDER BY 2,3,1,4
----
120 values hashing to 7211dd9c92df062c6baa152703efc0cc

query I nosort
SELECT CASE a+1 WHEN b THEN 111 WHEN c THEN 222
        WHEN d THEN 333  WHEN e THEN 444 ELSE 555 END
  FROM t1
 WHERE (c<=d-2 OR c>=d+2)
    OR c BETWEEN b-2 AND d+2
 ORDER BY 1
----
27 values hashing to 65b034305850359755cf9f64c93c650b

query I nosort
SELECT a+b*2
  FROM t1
 WHERE EXISTS(SELECT 1 FROM t1 AS x WHERE x.b<t1.b)
 ORDER BY 1
----
29 values hashing to 4f865c5fb99fc326faf2828fc7d2509e

query III nosort
SELECT a+b*2+c*3+d*4+e*5,
       a-b,
       a+b*2+c*3+d*4
  FROM t1
 WHERE b>c
   AND a>b
 ORDER BY 1,3,2
----
21 values hashing to 6e285698d68e49feed2cfcec62881d8f

query III nosort
SELECT b,
       d,
       b-c
  FROM t1
 WHERE c BETWEEN b-2 AND d+2
    OR e+d BETWEEN a+b-10 AND c+130
 ORDER BY 3,1,2
----
72 values hashing to db08ffa5ab591ad342518407f8decdc7

query IIIIII nosort
SELECT CASE WHEN a<b-3 THEN 111 WHEN a<=b THEN 222
        WHEN a<b+3 THEN 333 ELSE 444 END,
       a+b*2,
       a+b*2+c*3,
       e,
       abs(b-c),
       abs(a)
  FROM t1
 WHERE (e>a AND e<b)
   AND EXISTS(SELECT 1 FROM t1 AS x WHERE x.b<t1.b)
   AND (c<=d-2 OR c>=d+2)
 ORDER BY 4,3,1,5,6,2
----
18 values hashing to 76184d922629d1e6f7e15aab28e5b2fb

query II nosort
SELECT CASE WHEN a<b-3 THEN 111 WHEN a<=b THEN 222
        WHEN a<b+3 THEN 333 ELSE 444 END,
       a+b*2+c*3+d*4+e*5
  FROM t1
 WHERE a>b
   AND b>c
   AND (e>c OR e<d)
 ORDER BY 2,1
----
14 values hashing to b4343c8fa35241f0314e777c2fdc9fa9

query I nosort
SELECT c
  FROM t1
 WHERE (a>b-2 AND a<b+2)
 ORDER BY 1
----
11 values hashing to 0e007f7dde263c5d47ba4a5ac5ad1b3d

query IIIIII nosort
SELECT CASE WHEN c>(SELECT avg(c) FROM t1) THEN a*2 ELSE b*10 END,
       CASE WHEN a<b-3 THEN 111 WHEN a<=b THEN 222
        WHEN a<b+3 THEN 333 ELSE 444 END,
       a+b*2+c*3,
       a-b,
       c,
       CASE a+1 WHEN b THEN 111 WHEN c THEN 222
        WHEN d THEN 333  WHEN e THEN 444 ELSE 555 END
  FROM t1
 WHERE (a>b-2 AND a<b+2)
    OR d>e
    OR b>c
 ORDER BY 4,2,1,6,5,3
----
144 values hashing to a794024d0a6d2be248d44841cdc86d7e

query IIIIIII nosort
SELECT a+b*2+c*3+d*4+e*5,
       CASE WHEN a<b-3 THEN 111 WHEN a<=b THEN 222
        WHEN a<b+3 THEN 333 ELSE 444 END,
       (a+b+c+d+e)/5,
       abs(a),
       CASE a+1 WHEN b THEN 111 WHEN c THEN 222
        WHEN d THEN 333  WHEN e THEN 444 ELSE 555 END,
       c,
       a+b*2+c*3+d*4
  FROM t1
 WHERE c>d
    OR e+d BETWEEN a+b-10 AND c+130
    OR (e>a AND e<b)
 ORDER BY 2,1,4,3,5,6,7
----
126 values hashing to 3eae10241cff4d5ecd95c9792c471b0d

query IIII nosort
SELECT a+b*2+c*3,
       d,
       e,
       a+b*2+c*3+d*4
  FROM t1
 WHERE d>e
   AND c BETWEEN b-2 AND d+2
   AND (a>b-2 AND a<b+2)
 ORDER BY 2,1,3,4
----
20 values hashing to 2d46a1ed7e70a6d2dcfc116ba3311d17

query IIIIIII nosort
SELECT d-e,
       CASE WHEN c>(SELECT avg(c) FROM t1) THEN a*2 ELSE b*10 END,
       e,
       a+b*2+c*3+d*4,
       a,
       a+b*2+c*3,
       (a+b+c+d+e)/5
  FROM t1
 WHERE b>c
 ORDER BY 7,4,2,6,5,3,1
----
98 values hashing to 1a15f531b014dbe47026fef24f6aecb2

query IIIIII nosort
SELECT CASE WHEN c>(SELECT avg(c) FROM t1) THEN a*2 ELSE b*10 END,
       b-c,
       a,
       (a+b+c+d+e)/5,
       c,
       a+b*2
  FROM t1
 WHERE d>e
   AND EXISTS(SELECT 1 FROM t1 AS x WHERE x.b<t1.b)
 ORDER BY 6,1,4,2,5,3
----
96 values hashing to aee43ab9a5e0fb5c53440c7841c59a1d

query II nosort
SELECT CASE WHEN a<b-3 THEN 111 WHEN a<=b THEN 222
        WHEN a<b+3 THEN 333 ELSE 444 END,
       c-d
  FROM t1
 WHERE (c<=d-2 OR c>=d+2)
   AND (e>c OR e<d)
 ORDER BY 1,2
----
24 values hashing to 5321af8590c0715986885546b3b2f12e

query II nosort
SELECT e,
       c-d
  FROM t1
 WHERE c BETWEEN b-2 AND d+2
    OR EXISTS(SELECT 1 FROM t1 AS x WHERE x.b<t1.b)
    OR a>b
 ORDER BY 2,1
----
60 values hashing to 467e5d25c71478e4f23e2aadc3c9a524

query II nosort
SELECT abs(a),
       (a+b+c+d+e)/5
  FROM t1
 WHERE d NOT BETWEEN 110 AND 150
   AND c BETWEEN b-2 AND d+2
   AND d>e
 ORDER BY 2,1
----
20 values hashing to 1f44c045307d237a4088fc48e14eba67

query III nosort
SELECT CASE WHEN c>(SELECT avg(c) FROM t1) THEN a*2 ELSE b*10 END,
       a+b*2+c*3+d*4+e*5,
       a+b*2+c*3+d*4
  FROM t1
 WHERE (a>b-2 AND a<b+2)
 ORDER BY 1,2,3
----
33 values hashing to 0d04ad4d6f78c431e80e40adc93c38ef

query III nosort
SELECT CASE WHEN a<b-3 THEN 111 WHEN a<=b THEN 222
        WHEN a<b+3 THEN 333 ELSE 444 END,
       a-b,
       a+b*2
  FROM t1
 ORDER BY 2,3,1
----
90 values hashing to 08eac84b9bd0c5c4ddaab249f3aa5246

query IIII nosort
SELECT CASE WHEN a<b-3 THEN 111 WHEN a<=b THEN 222
        WHEN a<b+3 THEN 333 ELSE 444 END,
       a-b,
       b-c,
       a+b*2+c*3+d*4
  FROM t1
 WHERE c BETWEEN b-2 AND d+2
 ORDER BY 1,4,3,2
----
88 values hashing to 6d6ee761ad491517a71dab0f2bf6175e

query I nosort
SELECT (a+b+c+d+e)/5
  FROM t1
 WHERE b>c
 ORDER BY 1
----
14 values hashing to e353df4d3a72978b3f4fd672cd9bf5fd

query IIII nosort
SELECT b-c,
       a,
       a+b*2+c*3+d*4,
       d
  FROM t1
 WHERE (a>b-2 AND a<b+2)
   AND c>d
   AND d>e
 ORDER BY 4,2,3,1
----
12 values hashing to 8ffc4e78f33b8122501c601b2692870a

query IIIIII nosort
SELECT a,
       CASE WHEN c>(SELECT avg(c) FROM t1) THEN a*2 ELSE b*10 END,
       (a+b+c+d+e)/5,
       (SELECT count(*) FROM t1 AS x WHERE x.b<t1.b),
       CASE a+1 WHEN b THEN 111 WHEN c THEN 222
        WHEN d THEN 333  WHEN e THEN 444 ELSE 555 END,
       d
  FROM t1
 WHERE (e>a AND e<b)
 ORDER BY 4,2,3,6,1,5
----
24 values hashing to 62d82f1e4e94140d5a55bf0f49db26a6

query IIIIII nosort
SELECT a+b*2+c*3+d*4+e*5,
       a+b*2+c*3,
       e,
       a,
       CASE a+1 WHEN b THEN 111 WHEN c THEN 222
        WHEN d THEN 333  WHEN e THEN 444 ELSE 555 END,
       b-c
  FROM t1
 ORDER BY 6,4,3,1,2,5
----
180 values hashing to 556b45dc32fac9b388e107b2d9afe3ae

query III nosort
SELECT c-d,
       d,
       e
  FROM t1
 WHERE EXISTS(SELECT 1 FROM t1 AS x WHERE x.b<t1.b)
   AND d NOT BETWEEN 110 AND 150
 ORDER BY 1,2,3
----
63 values hashing to a5dc7cb38ce2fbae14e0a18eb8623b58

query IIIII nosort
SELECT b-c,
       CASE WHEN a<b-3 THEN 111 WHEN a<=b THEN 222
        WHEN a<b+3 THEN 333 ELSE 444 END,
       d,
       a+b*2+c*3+d*4+e*5,
       e
  FROM t1
 WHERE (a>b-2 AND a<b+2)
 ORDER BY 3,5,1,2,4
----
55 values hashing to 057345435f09100b127853a55a907dd8

query III nosort
SELECT a+b*2+c*3+d*4+e*5,
       a+b*2+c*3,
       a+b*2+c*3+d*4
  FROM t1
 WHERE EXISTS(SELECT 1 FROM t1 AS x WHERE x.b<t1.b)
    OR c>d
 ORDER BY 3,1,2
----
90 values hashing to 4f5f0d9293917c38b9f4b02cd5186710

query III nosort
SELECT e,
       d-e,
       a+b*2+c*3
  FROM t1
 ORDER BY 2,3,1
----
90 values hashing to 77b9f35e0dae20699e29f95090443b31

query IIIIIII nosort
SELECT a-b,
       e,
       a,
       CASE a+1 WHEN b THEN 111 WHEN c THEN 222
        WHEN d THEN 333  WHEN e THEN 444 ELSE 555 END,
       c-d,
       abs(a),
       a+b*2+c*3
  FROM t1
 WHERE (e>c OR e<d)
 ORDER BY 1,5,7,2,6,4,3
----
189 values hashing to 68a37db290f70ca9adb813d802835da0

query III nosort
SELECT a+b*2+c*3,
       c-d,
       d-e
  FROM t1
 WHERE (c<=d-2 OR c>=d+2)
    OR (e>a AND e<b)
 ORDER BY 2,3,1
----
48 values hashing to 07d61cbdc1b1a770028513bc1000183b

query I nosort
SELECT CASE WHEN a<b-3 THEN 111 WHEN a<=b THEN 222
        WHEN a<b+3 THEN 333 ELSE 444 END
  FROM t1
 WHERE (e>c OR e<d)
   AND (a>b-2 AND a<b+2)
 ORDER BY 1
----
11 values hashing to 5342191adb4582935088b2c750a16dc2

query I nosort
SELECT (a+b+c+d+e)/5
  FROM t1
 WHERE c BETWEEN b-2 AND d+2
    OR (a>b-2 AND a<b+2)
    OR d>e
 ORDER BY 1
----
26 values hashing to 94e65afbe9fac7f180c1e29f697217ae

query IIIIII nosort
SELECT a+b*2+c*3+d*4,
       a,
       a+b*2,
       a-b,
       abs(a),
       a+b*2+c*3
  FROM t1
 ORDER BY 2,3,1,6,4,5
----
180 values hashing to 5bc599555f212b9894d3c9b017a542ae

query IIIIIII nosort
SELECT d-e,
       c,
       a+b*2+c*3,
       b,
       abs(a),
       CASE WHEN a<b-3 THEN 111 WHEN a<=b THEN 222
        WHEN a<b+3 THEN 333 ELSE 444 END,
       a+b*2+c*3+d*4+e*5
  FROM t1
 WHERE (e>c OR e<d)
   AND d>e
   AND c>d
 ORDER BY 3,5,1,2,4,6,7
----
42 values hashing to 8a2061b95c0b1ec21cb1a6a698c4b102

query IIIIII nosort
SELECT d-e,
       CASE WHEN a<b-3 THEN 111 WHEN a<=b THEN 222
        WHEN a<b+3 THEN 333 ELSE 444 END,
       c,
       a+b*2+c*3,
       b,
       a+b*2+c*3+d*4+e*5
  FROM t1
 WHERE b>c
 ORDER BY 1,4,6,3,5,2
----
84 values hashing to 01735d043bb36ecd392f6788eca95cf8

query IIIIIII nosort
SELECT (a+b+c+d+e)/5,
       abs(b-c),
       a+b*2+c*3+d*4,
       d,
       CASE WHEN a<b-3 THEN 111 WHEN a<=b THEN 222
        WHEN a<b+3 THEN 333 ELSE 444 END,
       d-e,
       abs(a)
  FROM t1
 WHERE a>b
    OR b>c
    OR c>d
 ORDER BY 1,4,5,2,6,7,3
----
203 values hashing to ecb118bb9e9db9c6c1db84c7e8cb1b33

query IIIIII nosort
SELECT abs(a),
       c,
       a+b*2,
       a+b*2+c*3+d*4,
       d,
       a
  FROM t1
 WHERE EXISTS(SELECT 1 FROM t1 AS x WHERE x.b<t1.b)
 ORDER BY 5,3,4,1,6,2
----
174 values hashing to f3280dee3c50f4448b3fb0aca3875e60

query III nosort
SELECT a-b,
       c-d,
       b
  FROM t1
 WHERE (e>a AND e<b)
 ORDER BY 3,1,2
----
12 values hashing to b1152eb06806863ed3686d7bf4c6c661

query III nosort
SELECT c-d,
       a-b,
       b
  FROM t1
 WHERE c BETWEEN b-2 AND d+2
 ORDER BY 3,1,2
----
66 values hashing to e2757dcba60a847a3e85e457f395d8bb

query IIIII nosort
SELECT b-c,
       CASE WHEN c>(SELECT avg(c) FROM t1) THEN a*2 ELSE b*10 END,
       e,
       (a+b+c+d+e)/5,
       a+b*2+c*3+d*4
  FROM t1
 WHERE (a>b-2 AND a<b+2)
   AND c BETWEEN b-2 AND d+2
 ORDER BY 3,4,2,5,1
----
40 values hashing to 5da9e4294d1be3ea4eacb08929e80c0d

query II nosort
SELECT CASE a+1 WHEN b THEN 111 WHEN c THEN 222
        WHEN d THEN 333  WHEN e THEN 444 ELSE 555 END,
       d-e
  FROM t1
 WHERE d>e
   AND (a>b-2 AND a<b+2)
 ORDER BY 2,1
----
10 values hashing to a6bef4e5aecb8450ab3ccc03b43c85ee

query IIIIIII nosort
SELECT e,
       CASE WHEN a<b-3 THEN 111 WHEN a<=b THEN 222
        WHEN a<b+3 THEN 333 ELSE 444 END,
       abs(a),
       c-d,
       CASE a+1 WHEN b THEN 111 WHEN c THEN 222
        WHEN d THEN 333  WHEN e THEN 444 ELSE 555 END,
       b,
       (a+b+c+d+e)/5
  FROM t1
 ORDER BY 6,7,5,4,1,3,2
----
210 values hashing to c53ff9905145a6e1db5f31d239b8c108

query I nosort
SELECT d-e
  FROM t1
 ORDER BY 1
----
30 values hashing to 4693bcd1d8668b362b0c8373297c511b

query II nosort
SELECT a+b*2,
       e
  FROM t1
 ORDER BY 2,1
----
60 values hashing to 38d959c66fd021952542450eb9e1d47c

query IIIIIII nosort
SELECT a+b*2+c*3+d*4,
       a+b*2+c*3,
       CASE WHEN c>(SELECT avg(c) FROM t1) THEN a*2 ELSE b*10 END,
       CASE WHEN a<b-3 THEN 111 WHEN a<=b THEN 222
        WHEN a<b+3 THEN 333 ELSE 444 END,
       abs(a),
       d,
       b-c
  FROM t1
 WHERE d NOT BETWEEN 110 AND 150
   AND (e>a AND e<b)
   AND c>d
 ORDER BY 1,5,4,6,3,2,7
----
14 values hashing to 36b2a781a944b283d58e7a573cab851b

query IIIIII nosort
SELECT (a+b+c+d+e)/5,
       a+b*2,
       CASE WHEN c>(SELECT avg(c) FROM t1) THEN a*2 ELSE b*10 END,
       b-c,
       d-e,
       b
  FROM t1
 ORDER BY 6,1,4,3,5,2
----
180 values hashing to 6f2020f467ce29412c031650b8237f76

query IIIIII nosort
SELECT d,
       c,
       CASE WHEN c>(SELECT avg(c) FROM t1) THEN a*2 ELSE b*10 END,
       a,
       c-d,
       a-b
  FROM t1
 ORDER BY 6,4,3,2,5,1
----
180 values hashing to 0dcd430be5b1500b15daaa5fbb28fb46

query IIII nosort
SELECT a,
       CASE WHEN a<b-3 THEN 111 WHEN a<=b THEN 222
        WHEN a<b+3 THEN 333 ELSE 444 END,
       abs(b-c),
       a+b*2+c*3
  FROM t1
 WHERE b>c
    OR (e>c OR e<d)
 ORDER BY 2,1,3,4
----
112 values hashing to 1e8b8e47469f6adc40399d99b37817d3

query II nosort
SELECT a+b*2,
       (a+b+c+d+e)/5
  FROM t1
 WHERE (a>b-2 AND a<b+2)
 ORDER BY 1,2
----
22 values hashing to 1d743292f7c8b06b88b42a776aa4c895

query III nosort
SELECT abs(b-c),
       a-b,
       a+b*2
  FROM t1
 WHERE (e>c OR e<d)
    OR d>e
 ORDER BY 3,2,1
----
81 values hashing to e402ef9e6993672296cd0149b030ea63

query IIII nosort
SELECT a+b*2+c*3+d*4,
       c-d,
       CASE WHEN a<b-3 THEN 111 WHEN a<=b THEN 222
        WHEN a<b+3 THEN 333 ELSE 444 END,
       c
  FROM t1
 WHERE c>d
 ORDER BY 1,3,4,2
----
56 values hashing to cc7ce87dc30f7946610a5123e11cb223

query IIIIII nosort
SELECT b,
       abs(b-c),
       d,
       a-b,
       d-e,
       c
  FROM t1
 WHERE c BETWEEN b-2 AND d+2
 ORDER BY 2,5,1,4,6,3
----
132 values hashing to 6ce5ff5deff42e42bea3970fee72519b

query IIII nosort
SELECT b-c,
       CASE WHEN c>(SELECT avg(c) FROM t1) THEN a*2 ELSE b*10 END,
       a,
       d
  FROM t1
 WHERE (a>b-2 AND a<b+2)
 ORDER BY 4,2,3,1
----
44 values hashing to ee99a0c1ec04aeb1fc52a185ff627c65

query II nosort
SELECT a-b,
       a+b*2
  FROM t1
 WHERE d NOT BETWEEN 110 AND 150
    OR (c<=d-2 OR c>=d+2)
    OR a>b
 ORDER BY 1,2
----
52 values hashing to 645a7d1f1ea6951d2ea4ad569bb7fb6d

query IIIIIII nosort
SELECT a,
       b,
       abs(b-c),
       e,
       a+b*2,
       d-e,
       (a+b+c+d+e)/5
  FROM t1
 WHERE b>c
   AND c>d
 ORDER BY 6,1,7,2,5,4,3
----
28 values hashing to 0b0814cb234a17e666c66c7674f50432

query II nosort
SELECT CASE a+1 WHEN b THEN 111 WHEN c THEN 222
        WHEN d THEN 333  WHEN e THEN 444 ELSE 555 END,
       c-d
  FROM t1
 WHERE (c<=d-2 OR c>=d+2)
 ORDER BY 2,1
----
30 values hashing to 8d21e20a71a7efb567bf98815988b2ca

query IIIII nosort
SELECT c-d,
       CASE a+1 WHEN b THEN 111 WHEN c THEN 222
        WHEN d THEN 333  WHEN e THEN 444 ELSE 555 END,
       d,
       a+b*2+c*3,
       CASE WHEN c>(SELECT avg(c) FROM t1) THEN a*2 ELSE b*10 END
  FROM t1
 WHERE EXISTS(SELECT 1 FROM t1 AS x WHERE x.b<t1.b)
   AND b>c
   AND c>d
 ORDER BY 3,4,1,2,5
----
20 values hashing to cfb7c2f188b2c59ec68ec61e00d4ec65

query IIIIIII nosort
SELECT d-e,
       b,
       abs(b-c),
       c,
       a+b*2+c*3,
       a+b*2+c*3+d*4,
       a+b*2+c*3+d*4+e*5
  FROM t1
 WHERE e+d BETWEEN a+b-10 AND c+130
 ORDER BY 4,6,7,2,5,3,1
----
42 values hashing to 5c9d21598cbe05f19f9f285bbffd7fb2

query IIIII nosort
SELECT a+b*2,
       c,
       abs(a),
       b,
       d-e
  FROM t1
 WHERE (a>b-2 AND a<b+2)
    OR c>d
 ORDER BY 5,2,3,1,4
----
100 values hashing to fa488a9496d55b35f2ff191b3ad1a2d8

query IIII nosort
SELECT abs(b-c),
       d-e,
       a+b*2,
       CASE a+1 WHEN b THEN 111 WHEN c THEN 222
        WHEN d THEN 333  WHEN e THEN 444 ELSE 555 END
  FROM t1
 WHERE (c<=d-2 OR c>=d+2)
    OR d NOT BETWEEN 110 AND 150
    OR c>d
 ORDER BY 4,2,3,1
----
112 values hashing to 740c8b35a809b741f6b92e076bb4bec9

query IIII nosort
SELECT b-c,
       CASE WHEN a<b-3 THEN 111 WHEN a<=b THEN 222
        WHEN a<b+3 THEN 333 ELSE 444 END,
       d,
       CASE WHEN c>(SELECT avg(c) FROM t1) THEN a*2 ELSE b*10 END
  FROM t1
 WHERE (e>a AND e<b)
 ORDER BY 1,2,3,4
----
16 values hashing to 8c43f9413cb17457b4374d71b31ea8d3

query III nosort
SELECT d-e,
       a-b,
       CASE WHEN a<b-3 THEN 111 WHEN a<=b THEN 222
        WHEN a<b+3 THEN 333 ELSE 444 END
  FROM t1
 WHERE e+d BETWEEN a+b-10 AND c+130
 ORDER BY 2,1,3
----
18 values hashing to bac6343c72e0117368fd6a22ef3a5b6e

query III nosort
SELECT a+b*2+c*3,
       e,
       d-e
  FROM t1
 WHERE d NOT BETWEEN 110 AND 150
   AND c BETWEEN b-2 AND d+2
   AND d>e
 ORDER BY 3,2,1
----
30 values hashing to 2901062890d6f99efdf4d841b7f489d0

query III nosort
SELECT CASE WHEN c>(SELECT avg(c) FROM t1) THEN a*2 ELSE b*10 END,
       c-d,
       e
  FROM t1
 WHERE (e>a AND e<b)
 ORDER BY 2,3,1
----
12 values hashing to 775f4f09449defb997247686b8993684

query II nosort
SELECT a+b*2+c*3,
       (a+b+c+d+e)/5
  FROM t1
 WHERE d NOT BETWEEN 110 AND 150
   AND EXISTS(SELECT 1 FROM t1 AS x WHERE x.b<t1.b)
   AND (e>c OR e<d)
 ORDER BY 2,1
----
38 values hashing to 6ea9d603b4c575b610fd90c9144e7536

query IIIIII nosort
SELECT a-b,
       (a+b+c+d+e)/5,
       CASE a+1 WHEN b THEN 111 WHEN c THEN 222
        WHEN d THEN 333  WHEN e THEN 444 ELSE 555 END,
       d-e,
       a,
       CASE WHEN c>(SELECT avg(c) FROM t1) THEN a*2 ELSE b*10 END
  FROM t1
 ORDER BY 1,5,3,6,4,2
----
180 values hashing to 9e77f9ed9bd331d9f1eeb06feec44f16

query IIII nosort
SELECT a+b*2,
       d,
       abs(a),
       CASE a+1 WHEN b THEN 111 WHEN c THEN 222
        WHEN d THEN 333  WHEN e THEN 444 ELSE 555 END
  FROM t1
 WHERE b>c
    OR (c<=d-2 OR c>=d+2)
    OR (e>c OR e<d)
 ORDER BY 2,3,1,4
----
120 values hashing to 09e9f16109a33c112566d23c35fe3d34

query IIII nosort
SELECT (SELECT count(*) FROM t1 AS x WHERE x.b<t1.b),
       a+b*2+c*3+d*4+e*5,
       abs(b-c),
       (a+b+c+d+e)/5
  FROM t1
 WHERE (e>a AND e<b)
 ORDER BY 4,3,2,1
----
16 values hashing to acd94553d4809152603a3ec981fbca5a

query III nosort
SELECT a-b,
       c-d,
       CASE WHEN a<b-3 THEN 111 WHEN a<=b THEN 222
        WHEN a<b+3 THEN 333 ELSE 444 END
  FROM t1
 ORDER BY 3,1,2
----
90 values hashing to 0874808674154c9f9a4da6b693d9aab4

query III nosort
SELECT CASE WHEN c>(SELECT avg(c) FROM t1) THEN a*2 ELSE b*10 END,
       abs(b-c),
       abs(a)
  FROM t1
 WHERE (e>c OR e<d)
   AND d>e
   AND c BETWEEN b-2 AND d+2
 ORDER BY 3,1,2
----
45 values hashing to 102582469cb62371cfbc186e014c296e

query IIIII nosort
SELECT c,
       CASE WHEN c>(SELECT avg(c) FROM t1) THEN a*2 ELSE b*10 END,
       d-e,
       CASE a+1 WHEN b THEN 111 WHEN c THEN 222
        WHEN d THEN 333  WHEN e THEN 444 ELSE 555 END,
       CASE WHEN a<b-3 THEN 111 WHEN a<=b THEN 222
        WHEN a<b+3 THEN 333 ELSE 444 END
  FROM t1
 WHERE b>c
   AND a>b
 ORDER BY 3,4,2,5,1
----
35 values hashing to 7cb0b4009eb9e0011b93c5af70485d17

query II nosort
SELECT d,
       c
  FROM t1
 WHERE c BETWEEN b-2 AND d+2
   AND d>e
 ORDER BY 1,2
----
30 values hashing to 06a7d44acf151628b3050a8ebc708745

query IIIIII nosort
SELECT a,
       c-d,
       c,
       (a+b+c+d+e)/5,
       abs(b-c),
       b
  FROM t1
 ORDER BY 1,2,5,4,6,3
----
180 values hashing to 9df8e505f6af7d80e748782b27be48b2

query IIIII nosort
SELECT a+b*2+c*3+d*4,
       d,
       abs(a),
       c-d,
       a
  FROM t1
 ORDER BY 1,3,4,2,5
----
150 values hashing to 9d11482f04d6dd368144c2aceb19836e

query IIIIIII nosort
SELECT c,
       CASE a+1 WHEN b THEN 111 WHEN c THEN 222
        WHEN d THEN 333  WHEN e THEN 444 ELSE 555 END,
       e,
       a,
       d-e,
       b-c,
       d
  FROM t1
 WHERE d NOT BETWEEN 110 AND 150
 ORDER BY 1,7,6,2,3,4,5
----
154 values hashing to 6950c3ac5c51bd413a03bd20fdf5c976

query IIII nosort
SELECT CASE a+1 WHEN b THEN 111 WHEN c THEN 222
        WHEN d THEN 333  WHEN e THEN 444 ELSE 555 END,
       d,
       b-c,
       c
  FROM t1
 ORDER BY 3,1,2,4
----
120 values hashing to 0c20126a16dd6d7a591cb8c94260de86

query I nosort
SELECT c
  FROM t1
 WHERE b>c
    OR (e>c OR e<d)
 ORDER BY 1
----
28 values hashing to 3a0971879ea1b00ced3f4fa214148c62

query III nosort
SELECT a-b,
       CASE WHEN a<b-3 THEN 111 WHEN a<=b THEN 222
        WHEN a<b+3 THEN 333 ELSE 444 END,
       e
  FROM t1
 WHERE (e>c OR e<d)
    OR (c<=d-2 OR c>=d+2)
    OR EXISTS(SELECT 1 FROM t1 AS x WHERE x.b<t1.b)
 ORDER BY 3,1,2
----
90 values hashing to c964aaa8de202304aab370f57877598f

query IIIII nosort
SELECT a+b*2+c*3,
       CASE WHEN c>(SELECT avg(c) FROM t1) THEN a*2 ELSE b*10 END,
       d-e,
       c,
       abs(a)
  FROM t1
 WHERE (e>a AND e<b)
 ORDER BY 4,1,3,5,2
----
20 values hashing to df599e2a0626cb1e74ef62133e945cfd

query IIIIII nosort
SELECT (a+b+c+d+e)/5,
       e,
       c-d,
       a+b*2+c*3,
       CASE WHEN a<b-3 THEN 111 WHEN a<=b THEN 222
        WHEN a<b+3 THEN 333 ELSE 444 END,
       a-b
  FROM t1
 WHERE (a>b-2 AND a<b+2)
    OR e+d BETWEEN a+b-10 AND c+130
    OR c BETWEEN b-2 AND d+2
 ORDER BY 5,4,3,1,2,6
----
162 values hashing to 3cf670f964b843cd91099d29391e12a1

query II nosort
SELECT b,
       c
  FROM t1
 ORDER BY 2,1
----
60 values hashing to 2276c23f13eb557d0c37f88904c8e9c6

query IIIIII nosort
SELECT CASE WHEN c>(SELECT avg(c) FROM t1) THEN a*2 ELSE b*10 END,
       a+b*2+c*3,
       e,
       d,
       b-c,
       a
  FROM t1
 WHERE e+d BETWEEN a+b-10 AND c+130
    OR (a>b-2 AND a<b+2)
 ORDER BY 2,4,5,6,1,3
----
96 values hashing to 49b0c161d380556b862b1c030de7d8af

query III nosort
SELECT CASE WHEN a<b-3 THEN 111 WHEN a<=b THEN 222
        WHEN a<b+3 THEN 333 ELSE 444 END,
       a,
       d-e
  FROM t1
 ORDER BY 1,3,2
----
90 values hashing to 57f2ebca5511fd3dcdb1aaaa1085afb9

query IIIIIII nosort
SELECT CASE a+1 WHEN b THEN 111 WHEN c THEN 222
        WHEN d THEN 333  WHEN e THEN 444 ELSE 555 END,
       e,
       d,
       b-c,
       (a+b+c+d+e)/5,
       abs(b-c),
       a+b*2+c*3
  FROM t1
 ORDER BY 4,3,5,1,7,2,6
----
210 values hashing to fa048abe30ca7228144722825635bdc3

query IIIIIII nosort
SELECT (a+b+c+d+e)/5,
       c-d,
       a+b*2+c*3+d*4,
       d-e,
       b-c,
       e,
       a+b*2+c*3+d*4+e*5
  FROM t1
 ORDER BY 7,1,2,4,6,5,3
----
210 values hashing to e422c1ef11d9f9184ad371f3657b668a

query II nosort
SELECT c,
       b
  FROM t1
 WHERE a>b
    OR b>c
 ORDER BY 1,2
----
52 values hashing to fde099baa23ed9f3ff2a2988e2603220

query IIIIII nosort
SELECT b-c,
       CASE a+1 WHEN b THEN 111 WHEN c THEN 222
        WHEN d THEN 333  WHEN e THEN 444 ELSE 555 END,
       a,
       a+b*2,
       a+b*2+c*3,
       e
  FROM t1
 WHERE (e>c OR e<d)
    OR c BETWEEN b-2 AND d+2
 ORDER BY 1,5,2,4,6,3
----
162 values hashing to 6884437b1ac60811ec97a729b331546c

query IIIII nosort
SELECT CASE WHEN c>(SELECT avg(c) FROM t1) THEN a*2 ELSE b*10 END,
       abs(b-c),
       abs(a),
       b,
       CASE WHEN a<b-3 THEN 111 WHEN a<=b THEN 222
        WHEN a<b+3 THEN 333 ELSE 444 END
  FROM t1
 WHERE d NOT BETWEEN 110 AND 150
   AND d>e
 ORDER BY 1,5,3,2,4
----
50 values hashing to 6d4c0ad38c9599f7bdb7ced14ae8b892

query IIII nosort
SELECT CASE a+1 WHEN b THEN 111 WHEN c THEN 222
        WHEN d THEN 333  WHEN e THEN 444 ELSE 555 END,
       CASE WHEN c>(SELECT avg(c) FROM t1) THEN a*2 ELSE b*10 END,
       d-e,
       a+b*2+c*3+d*4
  FROM t1
 WHERE (e>a AND e<b)
 ORDER BY 1,3,4,2
----
16 values hashing to 812c454e8d6a9bac1766cce23665de1c

query IIIIII nosort
SELECT b,
       CASE a+1 WHEN b THEN 111 WHEN c THEN 222
        WHEN d THEN 333  WHEN e THEN 444 ELSE 555 END,
       abs(b-c),
       a-b,
       abs(a),
       (a+b+c+d+e)/5
  FROM t1
 WHERE (e>a AND e<b)
   AND d NOT BETWEEN 110 AND 150
   AND c>d
 ORDER BY 5,4,2,3,1,6
----
12 values hashing to f218928f7ff745a50e68c3871945867e

query IIIIII nosort
SELECT a+b*2+c*3+d*4+e*5,
       c,
       CASE WHEN a<b-3 THEN 111 WHEN a<=b THEN 222
        WHEN a<b+3 THEN 333 ELSE 444 END,
       c-d,
       a-b,
       (a+b+c+d+e)/5
  FROM t1
 ORDER BY 4,2,3,6,1,5
----
180 values hashing to 9b4cb30346c93dd34c34827896cc7bb2

query I nosort
SELECT a+b*2+c*3+d*4
  FROM t1
 WHERE (c<=d-2 OR c>=d+2)
    OR d NOT BETWEEN 110 AND 150
 ORDER BY 1
----
24 values hashing to 72a0bad4364ab5cec9197874c8214b90

query IIIIIII nosort
SELECT d,
       CASE WHEN a<b-3 THEN 111 WHEN a<=b THEN 222
        WHEN a<b+3 THEN 333 ELSE 444 END,
       (a+b+c+d+e)/5,
       b,
       a,
       a+b*2,
       d-e
  FROM t1
 ORDER BY 5,1,6,7,2,3,4
----
210 values hashing to 74f1e38191ea22e127c181fd2a5f4653

query III nosort
SELECT c,
       a-b,
       CASE WHEN a<b-3 THEN 111 WHEN a<=b THEN 222
        WHEN a<b+3 THEN 333 ELSE 444 END
  FROM t1
 ORDER BY 1,2,3
----
90 values hashing to 8b44d6b0b5b725aa2cd8736b08f75844

query IIIIII nosort
SELECT abs(a),
       e,
       a-b,
       a,
       CASE a+1 WHEN b THEN 111 WHEN c THEN 222
        WHEN d THEN 333  WHEN e THEN 444 ELSE 555 END,
       d-e
  FROM t1
 WHERE a>b
    OR d NOT BETWEEN 110 AND 150
    OR b>c
 ORDER BY 4,6,1,2,3,5
----
168 values hashing to 1293b2b1eae0693b834b1a25534ecbf6

query IIIII nosort
SELECT CASE WHEN c>(SELECT avg(c) FROM t1) THEN a*2 ELSE b*10 END,
       abs(a),
       a+b*2,
       a,
       d-e
  FROM t1
 WHERE (e>c OR e<d)
    OR (c<=d-2 OR c>=d+2)
 ORDER BY 4,2,3,5,1
----
150 values hashing to 6065f66c11928caa117acd16babff4dd

query III nosort
SELECT a+b*2+c*3+d*4+e*5,
       b,
       a-b
  FROM t1
 ORDER BY 1,2,3
----
90 values hashing to 99b07f07bebaeafdec57423602e76a03

query II nosort
SELECT d,
       a+b*2+c*3+d*4
  FROM t1
 ORDER BY 1,2
----
60 values hashing to 53a93bddba583cbe7defea013e483a67

query IIIIIII nosort
SELECT abs(a),
       CASE WHEN c>(SELECT avg(c) FROM t1) THEN a*2 ELSE b*10 END,
       a+b*2+c*3+d*4,
       e,
       d,
       a,
       b-c
  FROM t1
 WHERE e+d BETWEEN a+b-10 AND c+130
    OR (e>c OR e<d)
 ORDER BY 5,1,7,2,3,6,4
----
196 values hashing to 06165cd2f1d7e6848c2f2ba05e529931

query II nosort
SELECT abs(a),
       CASE a+1 WHEN b THEN 111 WHEN c THEN 222
        WHEN d THEN 333  WHEN e THEN 444 ELSE 555 END
  FROM t1
 WHERE a>b
    OR b>c
    OR (c<=d-2 OR c>=d+2)
 ORDER BY 2,1
----
56 values hashing to bf65a13599405ccdb81b751e0eaf27c3

query I nosort
SELECT a-b
  FROM t1
 WHERE d NOT BETWEEN 110 AND 150
   AND (e>c OR e<d)
   AND a>b
 ORDER BY 1
----
16 values hashing to 069bf04f1be08ea67a9cba4d0956654b

query III nosort
SELECT a,
       (a+b+c+d+e)/5,
       c
  FROM t1
 WHERE a>b
    OR c BETWEEN b-2 AND d+2
    OR (e>c OR e<d)
 ORDER BY 1,2,3
----
84 values hashing to c828eac130a15276b156f6996aa2ef92

query I nosort
SELECT a+b*2
  FROM t1
 WHERE a>b
 ORDER BY 1
----
19 values hashing to b35d36526e48396f7cd935a35558bee5

query II nosort
SELECT (a+b+c+d+e)/5,
       d-e
  FROM t1
 WHERE c BETWEEN b-2 AND d+2
 ORDER BY 2,1
----
44 values hashing to 92f9e63f8b59a420e62314c4205c9e7f

query I nosort
SELECT d
  FROM t1
 WHERE e+d BETWEEN a+b-10 AND c+130
    OR (e>a AND e<b)
 ORDER BY 1
----
9 values hashing to f851aa58719d4436cbe2f9ed3c9e76e5

query IIIIII nosort
SELECT d-e,
       c-d,
       b,
       b-c,
       abs(b-c),
       CASE a+1 WHEN b THEN 111 WHEN c THEN 222
        WHEN d THEN 333  WHEN e THEN 444 ELSE 555 END
  FROM t1
 WHERE (a>b-2 AND a<b+2)
    OR e+d BETWEEN a+b-10 AND c+130
 ORDER BY 5,3,4,2,6,1
----
96 values hashing to 3633ea792216aff36f581f5be1c322ba

query II nosort
SELECT a+b*2,
       a+b*2+c*3
  FROM t1
 WHERE b>c
 ORDER BY 1,2
----
28 values hashing to 287303499a01f42db629b309cc2a7bf5

query II nosort
SELECT b-c,
       a+b*2+c*3+d*4
  FROM t1
 WHERE c BETWEEN b-2 AND d+2
   AND EXISTS(SELECT 1 FROM t1 AS x WHERE x.b<t1.b)
 ORDER BY 2,1
----
42 values hashing to ab72cc439cc82497430fcb1fbd96b135

query I nosort
SELECT abs(b-c)
  FROM t1
 WHERE c BETWEEN b-2 AND d+2
 ORDER BY 1
----
22 values hashing to a2ba0b24ef26c9654b970fe085456049

query IIIIII nosort
SELECT a+b*2+c*3,
       a+b*2+c*3+d*4+e*5,
       b,
       abs(a),
       (a+b+c+d+e)/5,
       abs(b-c)
  FROM t1
 WHERE (e>a AND e<b)
 ORDER BY 6,5,4,1,3,2
----
24 values hashing to bb41bc9d567aceee980f88f2371a8184

query IIIII nosort
SELECT c,
       a-b,
       CASE WHEN c>(SELECT avg(c) FROM t1) THEN a*2 ELSE b*10 END,
       a+b*2,
       d
  FROM t1
 WHERE (a>b-2 AND a<b+2)
    OR a>b
 ORDER BY 1,3,4,5,2
----
115 values hashing to 5d36f45159c9d74c2031ff38615d53af

query IIIII nosort
SELECT b,
       e,
       CASE WHEN c>(SELECT avg(c) FROM t1) THEN a*2 ELSE b*10 END,
       c-d,
       d-e
  FROM t1
 WHERE d>e
   AND (e>c OR e<d)
 ORDER BY 2,1,3,4,5
----
80 values hashing to 7d08c5a3aa675527d19f5b1d2356e2a4

query III nosort
SELECT d-e,
       c,
       d
  FROM t1
 ORDER BY 3,2,1
----
90 values hashing to 618667761e11a57327170cb4090cd805

query III nosort
SELECT a+b*2+c*3,
       a+b*2+c*3+d*4+e*5,
       CASE WHEN a<b-3 THEN 111 WHEN a<=b THEN 222
        WHEN a<b+3 THEN 333 ELSE 444 END
  FROM t1
 WHERE EXISTS(SELECT 1 FROM t1 AS x WHERE x.b<t1.b)
    OR c>d
    OR (c<=d-2 OR c>=d+2)
 ORDER BY 2,3,1
----
90 values hashing to faddb4b17fdd475b0069e959e1fd775b

query II nosort
SELECT CASE WHEN c>(SELECT avg(c) FROM t1) THEN a*2 ELSE b*10 END,
       a+b*2
  FROM t1
 WHERE (e>c OR e<d)
    OR (e>a AND e<b)
 ORDER BY 1,2
----
58 values hashing to c78692ff94d85fe79f2b10611c86bec7

query IIIIII nosort
SELECT CASE WHEN a<b-3 THEN 111 WHEN a<=b THEN 222
        WHEN a<b+3 THEN 333 ELSE 444 END,
       e,
       a-b,
       CASE WHEN c>(SELECT avg(c) FROM t1) THEN a*2 ELSE b*10 END,
       (a+b+c+d+e)/5,
       abs(b-c)
  FROM t1
 WHERE e+d BETWEEN a+b-10 AND c+130
   AND c>d
 ORDER BY 1,3,5,2,6,4
----
18 values hashing to 195ca5c056027e19b7098549fb30a259

query I nosort
SELECT a+b*2
  FROM t1
 WHERE c>d
    OR e+d BETWEEN a+b-10 AND c+130
    OR (c<=d-2 OR c>=d+2)
 ORDER BY 1
----
24 values hashing to 853518e87c34debe4bc0fa37ef0bfc3e

query IIIIII nosort
SELECT a-b,
       d,
       d-e,
       a,
       CASE WHEN a<b-3 THEN 111 WHEN a<=b THEN 222
        WHEN a<b+3 THEN 333 ELSE 444 END,
       CASE a+1 WHEN b THEN 111 WHEN c THEN 222
        WHEN d THEN 333  WHEN e THEN 444 ELSE 555 END
  FROM t1
 WHERE a>b
 ORDER BY 3,5,4,2,1,6
----
114 values hashing to a182ab374cf9de5884edf48ee0c3c177

query III nosort
SELECT c,
       a+b*2+c*3+d*4,
       a
  FROM t1
 WHERE (e>a AND e<b)
    OR c BETWEEN b-2 AND d+2
 ORDER BY 1,2,3
----
72 values hashing to 78ce08b9b47effca273ed6c5e973307f

query IIIIIII nosort
SELECT (a+b+c+d+e)/5,
       b,
       a+b*2+c*3+d*4+e*5,
       CASE WHEN a<b-3 THEN 111 WHEN a<=b THEN 222
        WHEN a<b+3 THEN 333 ELSE 444 END,
       e,
       CASE WHEN c>(SELECT avg(c) FROM t1) THEN a*2 ELSE b*10 END,
       a+b*2+c*3
  FROM t1
 WHERE c BETWEEN b-2 AND d+2
 ORDER BY 1,3,2,5,4,7,6
----
154 values hashing to 50e2f80bf6231e054e926c9951e17478

query II nosort
SELECT d-e,
       a+b*2+c*3
  FROM t1
 ORDER BY 2,1
----
60 values hashing to 66a495f8d2f4e26e2f3cd7a2b8bbbbe1

query II nosort
SELECT CASE WHEN a<b-3 THEN 111 WHEN a<=b THEN 222
        WHEN a<b+3 THEN 333 ELSE 444 END,
       a
  FROM t1
 ORDER BY 1,2
----
60 values hashing to 41e0a49d9d4fd26beeaf2dca0ab67873

query IIII nosort
SELECT abs(b-c),
       a+b*2+c*3+d*4+e*5,
       b,
       d-e
  FROM t1
 WHERE (c<=d-2 OR c>=d+2)
    OR d>e
 ORDER BY 3,1,2,4
----
88 values hashing to 8fe84624e1e5fa5f699f29a4bcb25bc1

query IIIIII nosort
SELECT c-d,
       CASE WHEN a<b-3 THEN 111 WHEN a<=b THEN 222
        WHEN a<b+3 THEN 333 ELSE 444 END,
       a+b*2,
       e,
       c,
       a+b*2+c*3+d*4
  FROM t1
 WHERE e+d BETWEEN a+b-10 AND c+130
    OR (e>c OR e<d)
 ORDER BY 2,4,6,5,3,1
----
168 values hashing to 3cff8fa2e319bf668edb7b07c5437a21

query I nosort
SELECT (SELECT count(*) FROM t1 AS x WHERE x.b<t1.b)
  FROM t1
 WHERE (a>b-2 AND a<b+2)
    OR c>d
 ORDER BY 1
----
20 values hashing to 1d6b8ed1db696a5f1c8d126facddd077

query III nosort
SELECT c,
       a-b,
       (SELECT count(*) FROM t1 AS x WHERE x.b<t1.b)
  FROM t1
 WHERE c BETWEEN b-2 AND d+2
 ORDER BY 1,2,3
----
66 values hashing to 49b01d3ad62fdaa733104a9c70dfb87c

query IIIIIII nosort
SELECT CASE WHEN a<b-3 THEN 111 WHEN a<=b THEN 222
        WHEN a<b+3 THEN 333 ELSE 444 END,
       c,
       (SELECT count(*) FROM t1 AS x WHERE x.b<t1.b),
       b-c,
       b,
       CASE a+1 WHEN b THEN 111 WHEN c THEN 222
        WHEN d THEN 333  WHEN e THEN 444 ELSE 555 END,
       a+b*2
  FROM t1
 ORDER BY 4,3,5,1,6,2,7
----
210 values hashing to b046dd2378da12da24149ec8171de183

query IIIIII nosort
SELECT e,
       (SELECT count(*) FROM t1 AS x WHERE x.b<t1.b),
       a-b,
       CASE a+1 WHEN b THEN 111 WHEN c THEN 222
        WHEN d THEN 333  WHEN e THEN 444 ELSE 555 END,
       c-d,
       c
  FROM t1
 WHERE d NOT BETWEEN 110 AND 150
 ORDER BY 1,4,5,6,2,3
----
132 values hashing to b1b55f05abc1bf86626a186d4b60ea65

query IIIII nosort
SELECT CASE a+1 WHEN b THEN 111 WHEN c THEN 222
        WHEN d THEN 333  WHEN e THEN 444 ELSE 555 END,
       b,
       a+b*2,
       (SELECT count(*) FROM t1 AS x WHERE x.b<t1.b),
       CASE WHEN a<b-3 THEN 111 WHEN a<=b THEN 222
        WHEN a<b+3 THEN 333 ELSE 444 END
  FROM t1
 WHERE a>b
    OR c BETWEEN b-2 AND d+2
    OR c>d
 ORDER BY 3,2,1,4,5
----
140 values hashing to dd6eae29e54f220617fca7f22df83acb

query IIIIIII nosort
SELECT c,
       (SELECT count(*) FROM t1 AS x WHERE x.b<t1.b),
       (a+b+c+d+e)/5,
       a+b*2+c*3+d*4,
       abs(b-c),
       a+b*2,
       d-e
  FROM t1
 ORDER BY 4,3,1,7,2,5,6
----
210 values hashing to 88c288699fde739ddfb7111b020b384f

query IIIIIII nosort
SELECT b,
       (SELECT count(*) FROM t1 AS x WHERE x.b<t1.b),
       a+b*2,
       abs(b-c),
       a+b*2+c*3,
       c-d,
       a
  FROM t1
 ORDER BY 1,4,2,7,3,6,5
----
210 values hashing to 28e76d3a573df0173c0a1f7ea2963336

query IIII nosort
SELECT CASE a+1 WHEN b THEN 111 WHEN c THEN 222
        WHEN d THEN 333  WHEN e THEN 444 ELSE 555 END,
       b-c,
       (SELECT count(*) FROM t1 AS x WHERE x.b<t1.b),
       d-e
  FROM t1
 ORDER BY 3,1,4,2
----
120 values hashing to d9c1f2d45e8e78ed66f251b5f29547da

query IIII nosort
SELECT a+b*2+c*3+d*4+e*5,
       d-e,
       CASE a+1 WHEN b THEN 111 WHEN c THEN 222
        WHEN d THEN 333  WHEN e THEN 444 ELSE 555 END,
       (SELECT count(*) FROM t1 AS x WHERE x.b<t1.b)
  FROM t1
 WHERE b>c
    OR d NOT BETWEEN 110 AND 150
    OR (e>a AND e<b)
 ORDER BY 4,3,1,2
----
108 values hashing to f4b156b39e020d0c3585f410af194c2d

query IIIIII nosort
SELECT abs(b-c),
       CASE WHEN c>(SELECT avg(c) FROM t1) THEN a*2 ELSE b*10 END,
       (SELECT count(*) FROM t1 AS x WHERE x.b<t1.b),
       e,
       b-c,
       c-d
  FROM t1
 WHERE (e>c OR e<d)
    OR e+d BETWEEN a+b-10 AND c+130
    OR (c<=d-2 OR c>=d+2)
 ORDER BY 5,6,2,4,3,1
----
180 values hashing to 9d090400bed173943daf9f4bed32cdab

query IIIIIII nosort
SELECT d,
       e,
       a+b*2,
       CASE WHEN a<b-3 THEN 111 WHEN a<=b THEN 222
        WHEN a<b+3 THEN 333 ELSE 444 END,
       (SELECT count(*) FROM t1 AS x WHERE x.b<t1.b),
       a+b*2+c*3,
       abs(a)
  FROM t1
 ORDER BY 1,2,7,6,4,3,5
----
210 values hashing to ef988543f649244c2dc67ed8612cff61

query IIIIIII nosort
SELECT (a+b+c+d+e)/5,
       a+b*2+c*3,
       a,
       (SELECT count(*) FROM t1 AS x WHERE x.b<t1.b),
       a+b*2+c*3+d*4,
       e,
       d
  FROM t1
 WHERE d NOT BETWEEN 110 AND 150
 ORDER BY 6,4,7,5,2,3,1
----
154 values hashing to f4bd4639e1c015beb228d4ba3986b11a

query IIIII nosort
SELECT abs(b-c),
       a+b*2,
       CASE WHEN c>(SELECT avg(c) FROM t1) THEN a*2 ELSE b*10 END,
       CASE WHEN a<b-3 THEN 111 WHEN a<=b THEN 222
        WHEN a<b+3 THEN 333 ELSE 444 END,
       (SELECT count(*) FROM t1 AS x WHERE x.b<t1.b)
  FROM t1
 ORDER BY 2,3,1,4,5
----
150 values hashing to 260624a74ca814f56655f5c39009bc4b

query IIIII nosort
SELECT CASE WHEN a<b-3 THEN 111 WHEN a<=b THEN 222
        WHEN a<b+3 THEN 333 ELSE 444 END,
       (SELECT count(*) FROM t1 AS x WHERE x.b<t1.b),
       d,
       a-b,
       abs(b-c)
  FROM t1
 WHERE e+d BETWEEN a+b-10 AND c+130
    OR EXISTS(SELECT 1 FROM t1 AS x WHERE x.b<t1.b)
 ORDER BY 1,5,3,2,4
----
150 values hashing to d087f943e514e865042916bf98488126

query IIIII nosort
SELECT (a+b+c+d+e)/5,
       a,
       b-c,
       (SELECT count(*) FROM t1 AS x WHERE x.b<t1.b),
       CASE WHEN a<b-3 THEN 111 WHEN a<=b THEN 222
        WHEN a<b+3 THEN 333 ELSE 444 END
  FROM t1
 WHERE c>d
   AND (e>c OR e<d)
 ORDER BY 3,1,2,5,4
----
55 values hashing to 6b6e83f1a6fcf8df5ccc17e6cacd05b3

query II nosort
SELECT (SELECT count(*) FROM t1 AS x WHERE x.b<t1.b),
       abs(a)
  FROM t1
 ORDER BY 1,2
----
60 values hashing to 95d01ba1e4d6c81aed6a9218884a3a6a

query IIIIIII nosort
SELECT abs(b-c),
       e,
       a-b,
       d-e,
       (SELECT count(*) FROM t1 AS x WHERE x.b<t1.b),
       a,
       b
  FROM t1
 WHERE b>c
    OR c>d
    OR e+d BETWEEN a+b-10 AND c+130
 ORDER BY 6,5,7,2,3,1,4
----
182 values hashing to 1e66a41fd384508140aef80d5ac47ef4

query II nosort
SELECT (SELECT count(*) FROM t1 AS x WHERE x.b<t1.b),
       a+b*2+c*3+d*4
  FROM t1
 ORDER BY 1,2
----
60 values hashing to ffc02cccce8d6bfd112727aa04ef7943

query IIII nosort
SELECT a+b*2+c*3+d*4+e*5,
       b,
       (SELECT count(*) FROM t1 AS x WHERE x.b<t1.b),
       e
  FROM t1
 ORDER BY 2,3,4,1
----
120 values hashing to 4c834557bb398bae031a4a6cb6c44609

query IIIIIII nosort
SELECT a+b*2+c*3+d*4,
       d,
       c-d,
       CASE WHEN a<b-3 THEN 111 WHEN a<=b THEN 222
        WHEN a<b+3 THEN 333 ELSE 444 END,
       a,
       (SELECT count(*) FROM t1 AS x WHERE x.b<t1.b),
       a+b*2+c*3
  FROM t1
 ORDER BY 6,3,7,2,1,5,4
----
210 values hashing to 94e6e09b48ec1cac7fc85786190df3cf

query IIIIIII nosort
SELECT (a+b+c+d+e)/5,
       d,
       a+b*2,
       (SELECT count(*) FROM t1 AS x WHERE x.b<t1.b),
       b-c,
       c-d,
       CASE WHEN c>(SELECT avg(c) FROM t1) THEN a*2 ELSE b*10 END
  FROM t1
 ORDER BY 6,7,2,4,1,5,3
----
210 values hashing to 7ffed25a409fdd72f938a3e0fee5ef7b

query III nosort
SELECT (SELECT count(*) FROM t1 AS x WHERE x.b<t1.b),
       a+b*2+c*3+d*4+e*5,
       a-b
  FROM t1
 ORDER BY 3,1,2
----
90 values hashing to c3cc9ca279f400ed756a653cbb97dccc

query IIII nosort
SELECT d-e,
       (SELECT count(*) FROM t1 AS x WHERE x.b<t1.b),
       abs(a),
       a+b*2+c*3+d*4
  FROM t1
 WHERE EXISTS(SELECT 1 FROM t1 AS x WHERE x.b<t1.b)
    OR c>d
 ORDER BY 2,3,4,1
----
120 values hashing to d15570017ab0bf7eb3db1e803003e5f0

query I nosort
SELECT (SELECT count(*) FROM t1 AS x WHERE x.b<t1.b)
  FROM t1
 WHERE (a>b-2 AND a<b+2)
    OR c>d
 ORDER BY 1
----
20 values hashing to 1d6b8ed1db696a5f1c8d126facddd077

query IIII nosort
SELECT e,
       d-e,
       CASE WHEN c>(SELECT avg(c) FROM t1) THEN a*2 ELSE b*10 END,
       (SELECT count(*) FROM t1 AS x WHERE x.b<t1.b)
  FROM t1
 WHERE d NOT BETWEEN 110 AND 150
 ORDER BY 1,3,4,2
----
88 values hashing to 4a6aed05d6c85e07758823b33c86f793

query IIIII nosort
SELECT b-c,
       c,
       CASE WHEN c>(SELECT avg(c) FROM t1) THEN a*2 ELSE b*10 END,
       (SELECT count(*) FROM t1 AS x WHERE x.b<t1.b),
       c-d
  FROM t1
 WHERE c>d
    OR (a>b-2 AND a<b+2)
    OR b>c
 ORDER BY 1,3,5,2,4
----
130 values hashing to 3872625fdb5d1bd8d2d87c61b2c5d2b9

query IIIIII nosort
SELECT c-d,
       b,
       d,
       a+b*2+c*3+d*4+e*5,
       a+b*2,
       (SELECT count(*) FROM t1 AS x WHERE x.b<t1.b)
  FROM t1
 WHERE c>d
 ORDER BY 4,3,5,6,2,1
----
84 values hashing to e1b8a5e4a3649a2976b00eaf0962058b

query IIIII nosort
SELECT (SELECT count(*) FROM t1 AS x WHERE x.b<t1.b),
       CASE WHEN c>(SELECT avg(c) FROM t1) THEN a*2 ELSE b*10 END,
       e,
       CASE WHEN a<b-3 THEN 111 WHEN a<=b THEN 222
        WHEN a<b+3 THEN 333 ELSE 444 END,
       a+b*2
  FROM t1
 ORDER BY 2,4,1,5,3
----
150 values hashing to b77fe449c8203b5d18b816d00d4a9229

query III nosort
SELECT (SELECT count(*) FROM t1 AS x WHERE x.b<t1.b),
       CASE WHEN c>(SELECT avg(c) FROM t1) THEN a*2 ELSE b*10 END,
       c-d
  FROM t1
 ORDER BY 2,3,1
----
90 values hashing to 01e6705b8ce30b74a653cb8e3458effa

query IIIIIII nosort
SELECT c,
       (SELECT count(*) FROM t1 AS x WHERE x.b<t1.b),
       abs(a),
       e,
       CASE WHEN a<b-3 THEN 111 WHEN a<=b THEN 222
        WHEN a<b+3 THEN 333 ELSE 444 END,
       d,
       a-b
  FROM t1
 WHERE c BETWEEN b-2 AND d+2
    OR (e>a AND e<b)
 ORDER BY 7,4,1,2,6,5,3
----
168 values hashing to 13eedb15c528a86a89d4e94d334639e6

query IIIII nosort
SELECT CASE a+1 WHEN b THEN 111 WHEN c THEN 222
        WHEN d THEN 333  WHEN e THEN 444 ELSE 555 END,
       a+b*2+c*3+d*4,
       c-d,
       a+b*2,
       (SELECT count(*) FROM t1 AS x WHERE x.b<t1.b)
  FROM t1
 ORDER BY 2,3,4,5,1
----
150 values hashing to 1536add5230caaf9675672fd3bbbc85b

query II nosort
SELECT (SELECT count(*) FROM t1 AS x WHERE x.b<t1.b),
       d
  FROM t1
 WHERE e+d BETWEEN a+b-10 AND c+130
    OR d>e
    OR (e>c OR e<d)
 ORDER BY 1,2
----
56 values hashing to 693fcab084970cc9c34f84cb13c7533e

query IIIII nosort
SELECT CASE WHEN c>(SELECT avg(c) FROM t1) THEN a*2 ELSE b*10 END,
       (SELECT count(*) FROM t1 AS x WHERE x.b<t1.b),
       a-b,
       a,
       d-e
  FROM t1
 ORDER BY 1,2,3,4,5
----
150 values hashing to cd311c880932c0ed3363877a87566def

query IIIIII nosort
SELECT abs(a),
       a-b,
       (SELECT count(*) FROM t1 AS x WHERE x.b<t1.b),
       CASE WHEN c>(SELECT avg(c) FROM t1) THEN a*2 ELSE b*10 END,
       a+b*2+c*3+d*4,
       b-c
  FROM t1
 ORDER BY 6,1,3,5,4,2
----
180 values hashing to 58102a16454762090d8cca488692e7fa

query IIIIIII nosort
SELECT e,
       (SELECT count(*) FROM t1 AS x WHERE x.b<t1.b),
       CASE WHEN a<b-3 THEN 111 WHEN a<=b THEN 222
        WHEN a<b+3 THEN 333 ELSE 444 END,
       a-b,
       b-c,
       (a+b+c+d+e)/5,
       a+b*2
  FROM t1
 WHERE (e>c OR e<d)
    OR EXISTS(SELECT 1 FROM t1 AS x WHERE x.b<t1.b)
    OR b>c
 ORDER BY 4,6,3,1,5,7,2
----
210 values hashing to 166de7592ef32109aae1d9670d3e23bf

query IIIIII nosort
SELECT a,
       (SELECT count(*) FROM t1 AS x WHERE x.b<t1.b),
       abs(b-c),
       c,
       a-b,
       abs(a)
  FROM t1
 ORDER BY 6,1,3,5,2,4
----
180 values hashing to 864ee28e245ce38778cd4be32d567b92

query III nosort
SELECT d-e,
       (SELECT count(*) FROM t1 AS x WHERE x.b<t1.b),
       CASE WHEN a<b-3 THEN 111 WHEN a<=b THEN 222
        WHEN a<b+3 THEN 333 ELSE 444 END
  FROM t1
 WHERE e+d BETWEEN a+b-10 AND c+130
 ORDER BY 3,2,1
----
18 values hashing to f3239d2a5434ca8e937f4aed1cb80ccd

query IIIII nosort
SELECT a+b*2+c*3+d*4,
       (SELECT count(*) FROM t1 AS x WHERE x.b<t1.b),
       a+b*2+c*3,
       b,
       d
  FROM t1
 WHERE a>b
 ORDER BY 1,5,4,2,3
----
95 values hashing to 1a8655839cdf4d5e78d3243ea63e7d46

query IIIIII nosort
SELECT e,
       d-e,
       (SELECT count(*) FROM t1 AS x WHERE x.b<t1.b),
       a+b*2,
       b,
       a+b*2+c*3
  FROM t1
 WHERE a>b
    OR (e>c OR e<d)
 ORDER BY 4,3,6,5,2,1
----
168 values hashing to 14f600ab97eac8730eb4e16e5d99c249

query IIIII nosort
SELECT (a+b+c+d+e)/5,
       e,
       d-e,
       (SELECT count(*) FROM t1 AS x WHERE x.b<t1.b),
       CASE WHEN c>(SELECT avg(c) FROM t1) THEN a*2 ELSE b*10 END
  FROM t1
 ORDER BY 4,2,5,1,3
----
150 values hashing to 3fdfec9cdbff8e41bfa6e3add56c1ee2

query IIIIIII nosort
SELECT a+b*2+c*3,
       d,
       e,
       a+b*2+c*3+d*4+e*5,
       abs(a),
       (SELECT count(*) FROM t1 AS x WHERE x.b<t1.b),
       abs(b-c)
  FROM t1
 WHERE a>b
   AND d NOT BETWEEN 110 AND 150
 ORDER BY 1,4,5,2,6,7,3
----
119 values hashing to 3a6edab399d6a254ca226d567f101ed2

query IIII nosort
SELECT CASE WHEN a<b-3 THEN 111 WHEN a<=b THEN 222
        WHEN a<b+3 THEN 333 ELSE 444 END,
       (SELECT count(*) FROM t1 AS x WHERE x.b<t1.b),
       CASE a+1 WHEN b THEN 111 WHEN c THEN 222
        WHEN d THEN 333  WHEN e THEN 444 ELSE 555 END,
       a+b*2+c*3
  FROM t1
 WHERE (e>c OR e<d)
 ORDER BY 4,3,2,1
----
108 values hashing to 4213133a1f82afa8019caa346d9e5849

query IIII nosort
SELECT a+b*2,
       a+b*2+c*3,
       a-b,
       (SELECT count(*) FROM t1 AS x WHERE x.b<t1.b)
  FROM t1
 ORDER BY 4,1,2,3
----
120 values hashing to a6627a0078cbf942e660977a942b5987

query IIII nosort
SELECT (SELECT count(*) FROM t1 AS x WHERE x.b<t1.b),
       d-e,
       a,
       abs(a)
  FROM t1
 ORDER BY 3,1,4,2
----
120 values hashing to 9fdbbe77da4a2d6902d4d55104121739

query III nosort
SELECT a-b,
       (SELECT count(*) FROM t1 AS x WHERE x.b<t1.b),
       CASE WHEN c>(SELECT avg(c) FROM t1) THEN a*2 ELSE b*10 END
  FROM t1
 ORDER BY 3,2,1
----
90 values hashing to fb63c0da23b6869a02b06048ea39681c

query III nosort
SELECT a,
       (SELECT count(*) FROM t1 AS x WHERE x.b<t1.b),
       e
  FROM t1
 WHERE (e>c OR e<d)
 ORDER BY 3,1,2
----
81 values hashing to 93d7b3b407d166dc7e232faf70b8c121

query IIII nosort
SELECT a+b*2+c*3+d*4,
       abs(b-c),
       (SELECT count(*) FROM t1 AS x WHERE x.b<t1.b),
       CASE WHEN a<b-3 THEN 111 WHEN a<=b THEN 222
        WHEN a<b+3 THEN 333 ELSE 444 END
  FROM t1
 ORDER BY 2,4,3,1
----
120 values hashing to c5eed4dd2096983dedfd37fc4de11557

query III nosort
SELECT CASE WHEN a<b-3 THEN 111 WHEN a<=b THEN 222
        WHEN a<b+3 THEN 333 ELSE 444 END,
       (SELECT count(*) FROM t1 AS x WHERE x.b<t1.b),
       c-d
  FROM t1
 WHERE (e>c OR e<d)
    OR EXISTS(SELECT 1 FROM t1 AS x WHERE x.b<t1.b)
    OR (e>a AND e<b)
 ORDER BY 2,1,3
----
90 values hashing to b5050d48797882b2954b2bb7278991db

query IIIII nosort
SELECT c,
       (SELECT count(*) FROM t1 AS x WHERE x.b<t1.b),
       d-e,
       CASE WHEN c>(SELECT avg(c) FROM t1) THEN a*2 ELSE b*10 END,
       b
  FROM t1
 WHERE e+d BETWEEN a+b-10 AND c+130
 ORDER BY 1,4,3,5,2
----
30 values hashing to b72fdab2abc695b36a856741c6479ebf

query I nosort
SELECT (SELECT count(*) FROM t1 AS x WHERE x.b<t1.b)
  FROM t1
 ORDER BY 1
----
30 values hashing to 0267d5a030ef7be744b11e28265acf35

query IIIIII nosort
SELECT CASE a+1 WHEN b THEN 111 WHEN c THEN 222
        WHEN d THEN 333  WHEN e THEN 444 ELSE 555 END,
       abs(b-c),
       (SELECT count(*) FROM t1 AS x WHERE x.b<t1.b),
       a+b*2+c*3+d*4,
       a-b,
       CASE WHEN a<b-3 THEN 111 WHEN a<=b THEN 222
        WHEN a<b+3 THEN 333 ELSE 444 END
  FROM t1
 ORDER BY 2,5,3,6,4,1
----
180 values hashing to 9167d3aa65f67301e2a34753a02afd02

query IIIII nosort
SELECT a+b*2+c*3+d*4+e*5,
       (SELECT count(*) FROM t1 AS x WHERE x.b<t1.b),
       b,
       b-c,
       CASE WHEN a<b-3 THEN 111 WHEN a<=b THEN 222
        WHEN a<b+3 THEN 333 ELSE 444 END
  FROM t1
 WHERE b>c
    OR a>b
    OR (a>b-2 AND a<b+2)
 ORDER BY 3,2,4,1,5
----
140 values hashing to 0147eff9aa1fd447ee41ccda073598b9

query IIIIII nosort
SELECT (SELECT count(*) FROM t1 AS x WHERE x.b<t1.b),
       a-b,
       abs(a),
       d,
       c,
       abs(b-c)
  FROM t1
 WHERE a>b
    OR b>c
    OR e+d BETWEEN a+b-10 AND c+130
 ORDER BY 2,1,3,6,4,5
----
168 values hashing to 18cbf31793b3aca41197e3f46d641650

query III nosort
SELECT (SELECT count(*) FROM t1 AS x WHERE x.b<t1.b),
       c,
       b
  FROM t1
 WHERE (e>a AND e<b)
    OR d>e
    OR a>b
 ORDER BY 2,1,3
----
81 values hashing to 389ca962469d417d7d784deab102aa5c

query IIIIIII nosort
SELECT e,
       a+b*2+c*3+d*4,
       a,
       (SELECT count(*) FROM t1 AS x WHERE x.b<t1.b),
       c,
       b-c,
       CASE a+1 WHEN b THEN 111 WHEN c THEN 222
        WHEN d THEN 333  WHEN e THEN 444 ELSE 555 END
  FROM t1
 WHERE a>b
    OR d NOT BETWEEN 110 AND 150
 ORDER BY 1,4,7,6,5,3,2
----
168 values hashing to d460bea3b5d3f177ff5befb82bf9b9c1

query III nosort
SELECT (SELECT count(*) FROM t1 AS x WHERE x.b<t1.b),
       abs(b-c),
       CASE a+1 WHEN b THEN 111 WHEN c THEN 222
        WHEN d THEN 333  WHEN e THEN 444 ELSE 555 END
  FROM t1
 ORDER BY 1,2,3
----
90 values hashing to a6b4585e286a4224213e0d992c98fd0d

query III nosort
SELECT e,
       abs(b-c),
       (SELECT count(*) FROM t1 AS x WHERE x.b<t1.b)
  FROM t1
 ORDER BY 1,2,3
----
90 values hashing to 9d9798514ef43949fb86972a47e697e3

query IIIII nosort
SELECT d-e,
       (SELECT count(*) FROM t1 AS x WHERE x.b<t1.b),
       a+b*2+c*3+d*4,
       abs(b-c),
       e
  FROM t1
 ORDER BY 3,4,5,1,2
----
150 values hashing to f41eec7f0f9967f843cdb1d031db245e

query IIIIII nosort
SELECT abs(b-c),
       (a+b+c+d+e)/5,
       (SELECT count(*) FROM t1 AS x WHERE x.b<t1.b),
       abs(a),
       c,
       a+b*2+c*3
  FROM t1
 WHERE a>b
 ORDER BY 3,4,6,1,2,5
----
114 values hashing to febb658aae6d009e8938057c8e3daa16

query III nosort
SELECT (a+b+c+d+e)/5,
       a+b*2,
       (SELECT count(*) FROM t1 AS x WHERE x.b<t1.b)
  FROM t1
 WHERE (e>a AND e<b)
    OR c>d
 ORDER BY 2,1,3
----
45 values hashing to 311eac4b65f312512b9dab39b0e930f1

query IIII nosort
SELECT c-d,
       b,
       e,
       (SELECT count(*) FROM t1 AS x WHERE x.b<t1.b)
  FROM t1
 WHERE a>b
 ORDER BY 4,3,2,1
----
76 values hashing to 398f40cd078cf29a60f7cac9350455b5

query IIII nosort
SELECT c-d,
       b-c,
       CASE WHEN a<b-3 THEN 111 WHEN a<=b THEN 222
        WHEN a<b+3 THEN 333 ELSE 444 END,
       (SELECT count(*) FROM t1 AS x WHERE x.b<t1.b)
  FROM t1
 ORDER BY 4,3,1,2
----
120 values hashing to 407743609243bf0254fd9ead4673cfca

query IIII nosort
SELECT a+b*2+c*3+d*4+e*5,
       (SELECT count(*) FROM t1 AS x WHERE x.b<t1.b),
       a+b*2+c*3,
       CASE a+1 WHEN b THEN 111 WHEN c THEN 222
        WHEN d THEN 333  WHEN e THEN 444 ELSE 555 END
  FROM t1
 WHERE d NOT BETWEEN 110 AND 150
    OR c>d
 ORDER BY 1,3,2,4
----
108 values hashing to a55defafbbd45ee8744132dd35910cbf

query IIIIII nosort
SELECT (SELECT count(*) FROM t1 AS x WHERE x.b<t1.b),
       b-c,
       b,
       d-e,
       d,
       a-b
  FROM t1
 WHERE d NOT BETWEEN 110 AND 150
 ORDER BY 6,3,2,1,4,5
----
132 values hashing to 5847451a2d973ff076a6917a24df31ce

query IIIII nosort
SELECT (SELECT count(*) FROM t1 AS x WHERE x.b<t1.b),
       a,
       (a+b+c+d+e)/5,
       c,
       a+b*2+c*3+d*4
  FROM t1
 WHERE (e>c OR e<d)
 ORDER BY 3,5,1,4,2
----
135 values hashing to 0a7ff196c476089cbcb92e49c1c62442

query IIII nosort
SELECT a+b*2,
       abs(b-c),
       b-c,
       (SELECT count(*) FROM t1 AS x WHERE x.b<t1.b)
  FROM t1
 ORDER BY 3,2,1,4
----
120 values hashing to 9489097f8d6868c4869ed10c8d568245

query IIIIIII nosort
SELECT c,
       abs(a),
       d,
       b,
       CASE a+1 WHEN b THEN 111 WHEN c THEN 222
        WHEN d THEN 333  WHEN e THEN 444 ELSE 555 END,
       (SELECT count(*) FROM t1 AS x WHERE x.b<t1.b),
       a
  FROM t1
 ORDER BY 1,4,3,5,6,7,2
----
210 values hashing to c101599893954e2d252da01e33c73937

query IIIIII nosort
SELECT d,
       (SELECT count(*) FROM t1 AS x WHERE x.b<t1.b),
       CASE a+1 WHEN b THEN 111 WHEN c THEN 222
        WHEN d THEN 333  WHEN e THEN 444 ELSE 555 END,
       c,
       a+b*2+c*3,
       b
  FROM t1
 WHERE b>c
    OR c>d
 ORDER BY 3,5,6,4,2,1
----
144 values hashing to 02ea802456562964743e691697e71348
